[2024-04-22 09:43:53] local.ERROR: Undefined variable: item (View: C:\xampp\htdocs\grupocorein\core\resources\views\includes\checkout_sitebar.blade.php) {"userId":1,"exception":"[object] (Facade\\Ignition\\Exceptions\\ViewException(code: 0): Undefined variable: item (View: C:\\xampp\\htdocs\\grupocorein\\core\\resources\\views\\includes\\checkout_sitebar.blade.php) at C:\\xampp\\htdocs\\grupocorein\\core\\resources\\views/includes/checkout_sitebar.blade.php:36)
[stacktrace]
#0 C:\\xampp\\htdocs\\grupocorein\\core\\resources\\views/includes/checkout_sitebar.blade.php(36): Illuminate\\Foundation\\Bootstrap\\HandleExceptions->handleError(8, 'Undefined varia...', 'C:\\\\xampp\\\\htdocs...', 36, Array)
#1 C:\\xampp\\htdocs\\grupocorein\\core\\vendor\\laravel\\framework\\src\\Illuminate\\View\\Engines\\PhpEngine.php(41): include('C:\\\\xampp\\\\htdocs...')
#2 C:\\xampp\\htdocs\\grupocorein\\core\\vendor\\laravel\\framework\\src\\Illuminate\\View\\Engines\\CompilerEngine.php(57): Illuminate\\View\\Engines\\PhpEngine->evaluatePath('C:\\\\xampp\\\\htdocs...', Array)
#3 C:\\xampp\\htdocs\\grupocorein\\core\\vendor\\facade\\ignition\\src\\Views\\Engines\\CompilerEngine.php(37): Illuminate\\View\\Engines\\CompilerEngine->get('C:\\\\xampp\\\\htdocs...', Array)
#4 C:\\xampp\\htdocs\\grupocorein\\core\\vendor\\laravel\\framework\\src\\Illuminate\\View\\View.php(139): Facade\\Ignition\\Views\\Engines\\CompilerEngine->get('C:\\\\xampp\\\\htdocs...', Array)
#5 C:\\xampp\\htdocs\\grupocorein\\core\\vendor\\laravel\\framework\\src\\Illuminate\\View\\View.php(122): Illuminate\\View\\View->getContents()
#6 C:\\xampp\\htdocs\\grupocorein\\core\\vendor\\laravel\\framework\\src\\Illuminate\\View\\View.php(91): Illuminate\\View\\View->renderContents()
#7 C:\\xampp\\htdocs\\grupocorein\\core\\resources\\views/front/checkout/billing.blade.php(134): Illuminate\\View\\View->render()
#8 C:\\xampp\\htdocs\\grupocorein\\core\\vendor\\laravel\\framework\\src\\Illuminate\\View\\Engines\\PhpEngine.php(41): include('C:\\\\xampp\\\\htdocs...')
#9 C:\\xampp\\htdocs\\grupocorein\\core\\vendor\\laravel\\framework\\src\\Illuminate\\View\\Engines\\CompilerEngine.php(57): Illuminate\\View\\Engines\\PhpEngine->evaluatePath('C:\\\\xampp\\\\htdocs...', Array)
#10 C:\\xampp\\htdocs\\grupocorein\\core\\vendor\\facade\\ignition\\src\\Views\\Engines\\CompilerEngine.php(37): Illuminate\\View\\Engines\\CompilerEngine->get('C:\\\\xampp\\\\htdocs...', Array)
#11 C:\\xampp\\htdocs\\grupocorein\\core\\vendor\\laravel\\framework\\src\\Illuminate\\View\\View.php(139): Facade\\Ignition\\Views\\Engines\\CompilerEngine->get('C:\\\\xampp\\\\htdocs...', Array)
#12 C:\\xampp\\htdocs\\grupocorein\\core\\vendor\\laravel\\framework\\src\\Illuminate\\View\\View.php(122): Illuminate\\View\\View->getContents()
#13 C:\\xampp\\htdocs\\grupocorein\\core\\vendor\\laravel\\framework\\src\\Illuminate\\View\\View.php(91): Illuminate\\View\\View->renderContents()
#14 C:\\xampp\\htdocs\\grupocorein\\core\\vendor\\laravel\\framework\\src\\Illuminate\\Http\\Response.php(62): Illuminate\\View\\View->render()
#15 C:\\xampp\\htdocs\\grupocorein\\core\\vendor\\laravel\\framework\\src\\Illuminate\\Http\\Response.php(34): Illuminate\\Http\\Response->setContent(Object(Illuminate\\View\\View))
#16 C:\\xampp\\htdocs\\grupocorein\\core\\vendor\\laravel\\framework\\src\\Illuminate\\Routing\\Router.php(759): Illuminate\\Http\\Response->__construct(Object(Illuminate\\View\\View), 200, Array)
#17 C:\\xampp\\htdocs\\grupocorein\\core\\vendor\\laravel\\framework\\src\\Illuminate\\Routing\\Router.php(731): Illuminate\\Routing\\Router::toResponse(Object(Illuminate\\Http\\Request), Object(Illuminate\\View\\View))
#18 C:\\xampp\\htdocs\\grupocorein\\core\\vendor\\laravel\\framework\\src\\Illuminate\\Routing\\Router.php(685): Illuminate\\Routing\\Router->prepareResponse(Object(Illuminate\\Http\\Request), Object(Illuminate\\View\\View))
#19 C:\\xampp\\htdocs\\grupocorein\\core\\vendor\\laravel\\framework\\src\\Illuminate\\Pipeline\\Pipeline.php(128): Illuminate\\Routing\\Router->Illuminate\\Routing\\{closure}(Object(Illuminate\\Http\\Request))
#20 C:\\xampp\\htdocs\\grupocorein\\core\\app\\Http\\Middleware\\Localization.php(30): Illuminate\\Pipeline\\Pipeline->Illuminate\\Pipeline\\{closure}(Object(Illuminate\\Http\\Request))
#21 C:\\xampp\\htdocs\\grupocorein\\core\\vendor\\laravel\\framework\\src\\Illuminate\\Pipeline\\Pipeline.php(167): App\\Http\\Middleware\\Localization->handle(Object(Illuminate\\Http\\Request), Object(Closure))
#22 C:\\xampp\\htdocs\\grupocorein\\core\\app\\Http\\Middleware\\Maintainance.php(13): Illuminate\\Pipeline\\Pipeline->Illuminate\\Pipeline\\{closure}(Object(Illuminate\\Http\\Request))
#23 C:\\xampp\\htdocs\\grupocorein\\core\\vendor\\laravel\\framework\\src\\Illuminate\\Pipeline\\Pipeline.php(167): App\\Http\\Middleware\\Maintainance->handle(Object(Illuminate\\Http\\Request), Object(Closure))
#24 C:\\xampp\\htdocs\\grupocorein\\core\\vendor\\laravel\\framework\\src\\Illuminate\\Routing\\Middleware\\SubstituteBindings.php(41): Illuminate\\Pipeline\\Pipeline->Illuminate\\Pipeline\\{closure}(Object(Illuminate\\Http\\Request))
#25 C:\\xampp\\htdocs\\grupocorein\\core\\vendor\\laravel\\framework\\src\\Illuminate\\Pipeline\\Pipeline.php(167): Illuminate\\Routing\\Middleware\\SubstituteBindings->handle(Object(Illuminate\\Http\\Request), Object(Closure))
#26 C:\\xampp\\htdocs\\grupocorein\\core\\vendor\\laravel\\framework\\src\\Illuminate\\Auth\\Middleware\\Authenticate.php(44): Illuminate\\Pipeline\\Pipeline->Illuminate\\Pipeline\\{closure}(Object(Illuminate\\Http\\Request))
#27 C:\\xampp\\htdocs\\grupocorein\\core\\vendor\\laravel\\framework\\src\\Illuminate\\Pipeline\\Pipeline.php(167): Illuminate\\Auth\\Middleware\\Authenticate->handle(Object(Illuminate\\Http\\Request), Object(Closure))
#28 C:\\xampp\\htdocs\\grupocorein\\core\\vendor\\laravel\\framework\\src\\Illuminate\\Foundation\\Http\\Middleware\\VerifyCsrfToken.php(78): Illuminate\\Pipeline\\Pipeline->Illuminate\\Pipeline\\{closure}(Object(Illuminate\\Http\\Request))
#29 C:\\xampp\\htdocs\\grupocorein\\core\\vendor\\laravel\\framework\\src\\Illuminate\\Pipeline\\Pipeline.php(167): Illuminate\\Foundation\\Http\\Middleware\\VerifyCsrfToken->handle(Object(Illuminate\\Http\\Request), Object(Closure))
#30 C:\\xampp\\htdocs\\grupocorein\\core\\vendor\\laravel\\framework\\src\\Illuminate\\View\\Middleware\\ShareErrorsFromSession.php(49): Illuminate\\Pipeline\\Pipeline->Illuminate\\Pipeline\\{closure}(Object(Illuminate\\Http\\Request))
#31 C:\\xampp\\htdocs\\grupocorein\\core\\vendor\\laravel\\framework\\src\\Illuminate\\Pipeline\\Pipeline.php(167): Illuminate\\View\\Middleware\\ShareErrorsFromSession->handle(Object(Illuminate\\Http\\Request), Object(Closure))
#32 C:\\xampp\\htdocs\\grupocorein\\core\\vendor\\laravel\\framework\\src\\Illuminate\\Session\\Middleware\\StartSession.php(116): Illuminate\\Pipeline\\Pipeline->Illuminate\\Pipeline\\{closure}(Object(Illuminate\\Http\\Request))
#33 C:\\xampp\\htdocs\\grupocorein\\core\\vendor\\laravel\\framework\\src\\Illuminate\\Session\\Middleware\\StartSession.php(62): Illuminate\\Session\\Middleware\\StartSession->handleStatefulRequest(Object(Illuminate\\Http\\Request), Object(Illuminate\\Session\\Store), Object(Closure))
#34 C:\\xampp\\htdocs\\grupocorein\\core\\vendor\\laravel\\framework\\src\\Illuminate\\Pipeline\\Pipeline.php(167): Illuminate\\Session\\Middleware\\StartSession->handle(Object(Illuminate\\Http\\Request), Object(Closure))
#35 C:\\xampp\\htdocs\\grupocorein\\core\\vendor\\laravel\\framework\\src\\Illuminate\\Cookie\\Middleware\\AddQueuedCookiesToResponse.php(37): Illuminate\\Pipeline\\Pipeline->Illuminate\\Pipeline\\{closure}(Object(Illuminate\\Http\\Request))
#36 C:\\xampp\\htdocs\\grupocorein\\core\\vendor\\laravel\\framework\\src\\Illuminate\\Pipeline\\Pipeline.php(167): Illuminate\\Cookie\\Middleware\\AddQueuedCookiesToResponse->handle(Object(Illuminate\\Http\\Request), Object(Closure))
#37 C:\\xampp\\htdocs\\grupocorein\\core\\vendor\\laravel\\framework\\src\\Illuminate\\Cookie\\Middleware\\EncryptCookies.php(67): Illuminate\\Pipeline\\Pipeline->Illuminate\\Pipeline\\{closure}(Object(Illuminate\\Http\\Request))
#38 C:\\xampp\\htdocs\\grupocorein\\core\\vendor\\laravel\\framework\\src\\Illuminate\\Pipeline\\Pipeline.php(167): Illuminate\\Cookie\\Middleware\\EncryptCookies->handle(Object(Illuminate\\Http\\Request), Object(Closure))
#39 C:\\xampp\\htdocs\\grupocorein\\core\\vendor\\laravel\\framework\\src\\Illuminate\\Pipeline\\Pipeline.php(103): Illuminate\\Pipeline\\Pipeline->Illuminate\\Pipeline\\{closure}(Object(Illuminate\\Http\\Request))
#40 C:\\xampp\\htdocs\\grupocorein\\core\\vendor\\laravel\\framework\\src\\Illuminate\\Routing\\Router.php(687): Illuminate\\Pipeline\\Pipeline->then(Object(Closure))
#41 C:\\xampp\\htdocs\\grupocorein\\core\\vendor\\laravel\\framework\\src\\Illuminate\\Routing\\Router.php(662): Illuminate\\Routing\\Router->runRouteWithinStack(Object(Illuminate\\Routing\\Route), Object(Illuminate\\Http\\Request))
#42 C:\\xampp\\htdocs\\grupocorein\\core\\vendor\\laravel\\framework\\src\\Illuminate\\Routing\\Router.php(628): Illuminate\\Routing\\Router->runRoute(Object(Illuminate\\Http\\Request), Object(Illuminate\\Routing\\Route))
#43 C:\\xampp\\htdocs\\grupocorein\\core\\vendor\\laravel\\framework\\src\\Illuminate\\Routing\\Router.php(617): Illuminate\\Routing\\Router->dispatchToRoute(Object(Illuminate\\Http\\Request))
#44 C:\\xampp\\htdocs\\grupocorein\\core\\vendor\\laravel\\framework\\src\\Illuminate\\Foundation\\Http\\Kernel.php(165): Illuminate\\Routing\\Router->dispatch(Object(Illuminate\\Http\\Request))
#45 C:\\xampp\\htdocs\\grupocorein\\core\\vendor\\laravel\\framework\\src\\Illuminate\\Pipeline\\Pipeline.php(128): Illuminate\\Foundation\\Http\\Kernel->Illuminate\\Foundation\\Http\\{closure}(Object(Illuminate\\Http\\Request))
#46 C:\\xampp\\htdocs\\grupocorein\\core\\vendor\\barryvdh\\laravel-debugbar\\src\\Middleware\\InjectDebugbar.php(66): Illuminate\\Pipeline\\Pipeline->Illuminate\\Pipeline\\{closure}(Object(Illuminate\\Http\\Request))
#47 C:\\xampp\\htdocs\\grupocorein\\core\\vendor\\laravel\\framework\\src\\Illuminate\\Pipeline\\Pipeline.php(167): Barryvdh\\Debugbar\\Middleware\\InjectDebugbar->handle(Object(Illuminate\\Http\\Request), Object(Closure))
#48 C:\\xampp\\htdocs\\grupocorein\\core\\vendor\\fideloper\\proxy\\src\\TrustProxies.php(57): Illuminate\\Pipeline\\Pipeline->Illuminate\\Pipeline\\{closure}(Object(Illuminate\\Http\\Request))
#49 C:\\xampp\\htdocs\\grupocorein\\core\\vendor\\laravel\\framework\\src\\Illuminate\\Pipeline\\Pipeline.php(167): Fideloper\\Proxy\\TrustProxies->handle(Object(Illuminate\\Http\\Request), Object(Closure))
#50 C:\\xampp\\htdocs\\grupocorein\\core\\vendor\\laravel\\framework\\src\\Illuminate\\Foundation\\Http\\Middleware\\TransformsRequest.php(21): Illuminate\\Pipeline\\Pipeline->Illuminate\\Pipeline\\{closure}(Object(Illuminate\\Http\\Request))
#51 C:\\xampp\\htdocs\\grupocorein\\core\\vendor\\laravel\\framework\\src\\Illuminate\\Pipeline\\Pipeline.php(167): Illuminate\\Foundation\\Http\\Middleware\\TransformsRequest->handle(Object(Illuminate\\Http\\Request), Object(Closure))
#52 C:\\xampp\\htdocs\\grupocorein\\core\\vendor\\laravel\\framework\\src\\Illuminate\\Foundation\\Http\\Middleware\\TransformsRequest.php(21): Illuminate\\Pipeline\\Pipeline->Illuminate\\Pipeline\\{closure}(Object(Illuminate\\Http\\Request))
#53 C:\\xampp\\htdocs\\grupocorein\\core\\vendor\\laravel\\framework\\src\\Illuminate\\Pipeline\\Pipeline.php(167): Illuminate\\Foundation\\Http\\Middleware\\TransformsRequest->handle(Object(Illuminate\\Http\\Request), Object(Closure))
#54 C:\\xampp\\htdocs\\grupocorein\\core\\vendor\\laravel\\framework\\src\\Illuminate\\Foundation\\Http\\Middleware\\ValidatePostSize.php(27): Illuminate\\Pipeline\\Pipeline->Illuminate\\Pipeline\\{closure}(Object(Illuminate\\Http\\Request))
#55 C:\\xampp\\htdocs\\grupocorein\\core\\vendor\\laravel\\framework\\src\\Illuminate\\Pipeline\\Pipeline.php(167): Illuminate\\Foundation\\Http\\Middleware\\ValidatePostSize->handle(Object(Illuminate\\Http\\Request), Object(Closure))
#56 C:\\xampp\\htdocs\\grupocorein\\core\\vendor\\laravel\\framework\\src\\Illuminate\\Foundation\\Http\\Middleware\\CheckForMaintenanceMode.php(63): Illuminate\\Pipeline\\Pipeline->Illuminate\\Pipeline\\{closure}(Object(Illuminate\\Http\\Request))
#57 C:\\xampp\\htdocs\\grupocorein\\core\\vendor\\laravel\\framework\\src\\Illuminate\\Pipeline\\Pipeline.php(167): Illuminate\\Foundation\\Http\\Middleware\\CheckForMaintenanceMode->handle(Object(Illuminate\\Http\\Request), Object(Closure))
#58 C:\\xampp\\htdocs\\grupocorein\\core\\vendor\\laravel\\framework\\src\\Illuminate\\Pipeline\\Pipeline.php(103): Illuminate\\Pipeline\\Pipeline->Illuminate\\Pipeline\\{closure}(Object(Illuminate\\Http\\Request))
#59 C:\\xampp\\htdocs\\grupocorein\\core\\vendor\\laravel\\framework\\src\\Illuminate\\Foundation\\Http\\Kernel.php(140): Illuminate\\Pipeline\\Pipeline->then(Object(Closure))
#60 C:\\xampp\\htdocs\\grupocorein\\core\\vendor\\laravel\\framework\\src\\Illuminate\\Foundation\\Http\\Kernel.php(109): Illuminate\\Foundation\\Http\\Kernel->sendRequestThroughRouter(Object(Illuminate\\Http\\Request))
#61 C:\\xampp\\htdocs\\grupocorein\\index.php(55): Illuminate\\Foundation\\Http\\Kernel->handle(Object(Illuminate\\Http\\Request))
#62 {main}

[previous exception] [object] (ErrorException(code: 0): Undefined variable: item at C:\\xampp\\htdocs\\grupocorein\\core\\storage\\framework\\views\\205b877f34a4b5259baf06cecce039b42df57c52.php:36)
[stacktrace]
#0 C:\\xampp\\htdocs\\grupocorein\\core\\storage\\framework\\views\\205b877f34a4b5259baf06cecce039b42df57c52.php(36): Illuminate\\Foundation\\Bootstrap\\HandleExceptions->handleError(8, 'Undefined varia...', 'C:\\\\xampp\\\\htdocs...', 36, Array)
#1 C:\\xampp\\htdocs\\grupocorein\\core\\vendor\\laravel\\framework\\src\\Illuminate\\View\\Engines\\PhpEngine.php(41): include('C:\\\\xampp\\\\htdocs...')
#2 C:\\xampp\\htdocs\\grupocorein\\core\\vendor\\laravel\\framework\\src\\Illuminate\\View\\Engines\\CompilerEngine.php(57): Illuminate\\View\\Engines\\PhpEngine->evaluatePath('C:\\\\xampp\\\\htdocs...', Array)
#3 C:\\xampp\\htdocs\\grupocorein\\core\\vendor\\facade\\ignition\\src\\Views\\Engines\\CompilerEngine.php(37): Illuminate\\View\\Engines\\CompilerEngine->get('C:\\\\xampp\\\\htdocs...', Array)
#4 C:\\xampp\\htdocs\\grupocorein\\core\\vendor\\laravel\\framework\\src\\Illuminate\\View\\View.php(139): Facade\\Ignition\\Views\\Engines\\CompilerEngine->get('C:\\\\xampp\\\\htdocs...', Array)
#5 C:\\xampp\\htdocs\\grupocorein\\core\\vendor\\laravel\\framework\\src\\Illuminate\\View\\View.php(122): Illuminate\\View\\View->getContents()
#6 C:\\xampp\\htdocs\\grupocorein\\core\\vendor\\laravel\\framework\\src\\Illuminate\\View\\View.php(91): Illuminate\\View\\View->renderContents()
#7 C:\\xampp\\htdocs\\grupocorein\\core\\storage\\framework\\views\\d048e97ba0f84ad114e102678ef0b2ac2f4df71a.php(125): Illuminate\\View\\View->render()
#8 C:\\xampp\\htdocs\\grupocorein\\core\\vendor\\laravel\\framework\\src\\Illuminate\\View\\Engines\\PhpEngine.php(41): include('C:\\\\xampp\\\\htdocs...')
#9 C:\\xampp\\htdocs\\grupocorein\\core\\vendor\\laravel\\framework\\src\\Illuminate\\View\\Engines\\CompilerEngine.php(57): Illuminate\\View\\Engines\\PhpEngine->evaluatePath('C:\\\\xampp\\\\htdocs...', Array)
#10 C:\\xampp\\htdocs\\grupocorein\\core\\vendor\\facade\\ignition\\src\\Views\\Engines\\CompilerEngine.php(37): Illuminate\\View\\Engines\\CompilerEngine->get('C:\\\\xampp\\\\htdocs...', Array)
#11 C:\\xampp\\htdocs\\grupocorein\\core\\vendor\\laravel\\framework\\src\\Illuminate\\View\\View.php(139): Facade\\Ignition\\Views\\Engines\\CompilerEngine->get('C:\\\\xampp\\\\htdocs...', Array)
#12 C:\\xampp\\htdocs\\grupocorein\\core\\vendor\\laravel\\framework\\src\\Illuminate\\View\\View.php(122): Illuminate\\View\\View->getContents()
#13 C:\\xampp\\htdocs\\grupocorein\\core\\vendor\\laravel\\framework\\src\\Illuminate\\View\\View.php(91): Illuminate\\View\\View->renderContents()
#14 C:\\xampp\\htdocs\\grupocorein\\core\\vendor\\laravel\\framework\\src\\Illuminate\\Http\\Response.php(62): Illuminate\\View\\View->render()
#15 C:\\xampp\\htdocs\\grupocorein\\core\\vendor\\laravel\\framework\\src\\Illuminate\\Http\\Response.php(34): Illuminate\\Http\\Response->setContent(Object(Illuminate\\View\\View))
#16 C:\\xampp\\htdocs\\grupocorein\\core\\vendor\\laravel\\framework\\src\\Illuminate\\Routing\\Router.php(759): Illuminate\\Http\\Response->__construct(Object(Illuminate\\View\\View), 200, Array)
#17 C:\\xampp\\htdocs\\grupocorein\\core\\vendor\\laravel\\framework\\src\\Illuminate\\Routing\\Router.php(731): Illuminate\\Routing\\Router::toResponse(Object(Illuminate\\Http\\Request), Object(Illuminate\\View\\View))
#18 C:\\xampp\\htdocs\\grupocorein\\core\\vendor\\laravel\\framework\\src\\Illuminate\\Routing\\Router.php(685): Illuminate\\Routing\\Router->prepareResponse(Object(Illuminate\\Http\\Request), Object(Illuminate\\View\\View))
#19 C:\\xampp\\htdocs\\grupocorein\\core\\vendor\\laravel\\framework\\src\\Illuminate\\Pipeline\\Pipeline.php(128): Illuminate\\Routing\\Router->Illuminate\\Routing\\{closure}(Object(Illuminate\\Http\\Request))
#20 C:\\xampp\\htdocs\\grupocorein\\core\\app\\Http\\Middleware\\Localization.php(30): Illuminate\\Pipeline\\Pipeline->Illuminate\\Pipeline\\{closure}(Object(Illuminate\\Http\\Request))
#21 C:\\xampp\\htdocs\\grupocorein\\core\\vendor\\laravel\\framework\\src\\Illuminate\\Pipeline\\Pipeline.php(167): App\\Http\\Middleware\\Localization->handle(Object(Illuminate\\Http\\Request), Object(Closure))
#22 C:\\xampp\\htdocs\\grupocorein\\core\\app\\Http\\Middleware\\Maintainance.php(13): Illuminate\\Pipeline\\Pipeline->Illuminate\\Pipeline\\{closure}(Object(Illuminate\\Http\\Request))
#23 C:\\xampp\\htdocs\\grupocorein\\core\\vendor\\laravel\\framework\\src\\Illuminate\\Pipeline\\Pipeline.php(167): App\\Http\\Middleware\\Maintainance->handle(Object(Illuminate\\Http\\Request), Object(Closure))
#24 C:\\xampp\\htdocs\\grupocorein\\core\\vendor\\laravel\\framework\\src\\Illuminate\\Routing\\Middleware\\SubstituteBindings.php(41): Illuminate\\Pipeline\\Pipeline->Illuminate\\Pipeline\\{closure}(Object(Illuminate\\Http\\Request))
#25 C:\\xampp\\htdocs\\grupocorein\\core\\vendor\\laravel\\framework\\src\\Illuminate\\Pipeline\\Pipeline.php(167): Illuminate\\Routing\\Middleware\\SubstituteBindings->handle(Object(Illuminate\\Http\\Request), Object(Closure))
#26 C:\\xampp\\htdocs\\grupocorein\\core\\vendor\\laravel\\framework\\src\\Illuminate\\Auth\\Middleware\\Authenticate.php(44): Illuminate\\Pipeline\\Pipeline->Illuminate\\Pipeline\\{closure}(Object(Illuminate\\Http\\Request))
#27 C:\\xampp\\htdocs\\grupocorein\\core\\vendor\\laravel\\framework\\src\\Illuminate\\Pipeline\\Pipeline.php(167): Illuminate\\Auth\\Middleware\\Authenticate->handle(Object(Illuminate\\Http\\Request), Object(Closure))
#28 C:\\xampp\\htdocs\\grupocorein\\core\\vendor\\laravel\\framework\\src\\Illuminate\\Foundation\\Http\\Middleware\\VerifyCsrfToken.php(78): Illuminate\\Pipeline\\Pipeline->Illuminate\\Pipeline\\{closure}(Object(Illuminate\\Http\\Request))
#29 C:\\xampp\\htdocs\\grupocorein\\core\\vendor\\laravel\\framework\\src\\Illuminate\\Pipeline\\Pipeline.php(167): Illuminate\\Foundation\\Http\\Middleware\\VerifyCsrfToken->handle(Object(Illuminate\\Http\\Request), Object(Closure))
#30 C:\\xampp\\htdocs\\grupocorein\\core\\vendor\\laravel\\framework\\src\\Illuminate\\View\\Middleware\\ShareErrorsFromSession.php(49): Illuminate\\Pipeline\\Pipeline->Illuminate\\Pipeline\\{closure}(Object(Illuminate\\Http\\Request))
#31 C:\\xampp\\htdocs\\grupocorein\\core\\vendor\\laravel\\framework\\src\\Illuminate\\Pipeline\\Pipeline.php(167): Illuminate\\View\\Middleware\\ShareErrorsFromSession->handle(Object(Illuminate\\Http\\Request), Object(Closure))
#32 C:\\xampp\\htdocs\\grupocorein\\core\\vendor\\laravel\\framework\\src\\Illuminate\\Session\\Middleware\\StartSession.php(116): Illuminate\\Pipeline\\Pipeline->Illuminate\\Pipeline\\{closure}(Object(Illuminate\\Http\\Request))
#33 C:\\xampp\\htdocs\\grupocorein\\core\\vendor\\laravel\\framework\\src\\Illuminate\\Session\\Middleware\\StartSession.php(62): Illuminate\\Session\\Middleware\\StartSession->handleStatefulRequest(Object(Illuminate\\Http\\Request), Object(Illuminate\\Session\\Store), Object(Closure))
#34 C:\\xampp\\htdocs\\grupocorein\\core\\vendor\\laravel\\framework\\src\\Illuminate\\Pipeline\\Pipeline.php(167): Illuminate\\Session\\Middleware\\StartSession->handle(Object(Illuminate\\Http\\Request), Object(Closure))
#35 C:\\xampp\\htdocs\\grupocorein\\core\\vendor\\laravel\\framework\\src\\Illuminate\\Cookie\\Middleware\\AddQueuedCookiesToResponse.php(37): Illuminate\\Pipeline\\Pipeline->Illuminate\\Pipeline\\{closure}(Object(Illuminate\\Http\\Request))
#36 C:\\xampp\\htdocs\\grupocorein\\core\\vendor\\laravel\\framework\\src\\Illuminate\\Pipeline\\Pipeline.php(167): Illuminate\\Cookie\\Middleware\\AddQueuedCookiesToResponse->handle(Object(Illuminate\\Http\\Request), Object(Closure))
#37 C:\\xampp\\htdocs\\grupocorein\\core\\vendor\\laravel\\framework\\src\\Illuminate\\Cookie\\Middleware\\EncryptCookies.php(67): Illuminate\\Pipeline\\Pipeline->Illuminate\\Pipeline\\{closure}(Object(Illuminate\\Http\\Request))
#38 C:\\xampp\\htdocs\\grupocorein\\core\\vendor\\laravel\\framework\\src\\Illuminate\\Pipeline\\Pipeline.php(167): Illuminate\\Cookie\\Middleware\\EncryptCookies->handle(Object(Illuminate\\Http\\Request), Object(Closure))
#39 C:\\xampp\\htdocs\\grupocorein\\core\\vendor\\laravel\\framework\\src\\Illuminate\\Pipeline\\Pipeline.php(103): Illuminate\\Pipeline\\Pipeline->Illuminate\\Pipeline\\{closure}(Object(Illuminate\\Http\\Request))
#40 C:\\xampp\\htdocs\\grupocorein\\core\\vendor\\laravel\\framework\\src\\Illuminate\\Routing\\Router.php(687): Illuminate\\Pipeline\\Pipeline->then(Object(Closure))
#41 C:\\xampp\\htdocs\\grupocorein\\core\\vendor\\laravel\\framework\\src\\Illuminate\\Routing\\Router.php(662): Illuminate\\Routing\\Router->runRouteWithinStack(Object(Illuminate\\Routing\\Route), Object(Illuminate\\Http\\Request))
#42 C:\\xampp\\htdocs\\grupocorein\\core\\vendor\\laravel\\framework\\src\\Illuminate\\Routing\\Router.php(628): Illuminate\\Routing\\Router->runRoute(Object(Illuminate\\Http\\Request), Object(Illuminate\\Routing\\Route))
#43 C:\\xampp\\htdocs\\grupocorein\\core\\vendor\\laravel\\framework\\src\\Illuminate\\Routing\\Router.php(617): Illuminate\\Routing\\Router->dispatchToRoute(Object(Illuminate\\Http\\Request))
#44 C:\\xampp\\htdocs\\grupocorein\\core\\vendor\\laravel\\framework\\src\\Illuminate\\Foundation\\Http\\Kernel.php(165): Illuminate\\Routing\\Router->dispatch(Object(Illuminate\\Http\\Request))
#45 C:\\xampp\\htdocs\\grupocorein\\core\\vendor\\laravel\\framework\\src\\Illuminate\\Pipeline\\Pipeline.php(128): Illuminate\\Foundation\\Http\\Kernel->Illuminate\\Foundation\\Http\\{closure}(Object(Illuminate\\Http\\Request))
#46 C:\\xampp\\htdocs\\grupocorein\\core\\vendor\\barryvdh\\laravel-debugbar\\src\\Middleware\\InjectDebugbar.php(66): Illuminate\\Pipeline\\Pipeline->Illuminate\\Pipeline\\{closure}(Object(Illuminate\\Http\\Request))
#47 C:\\xampp\\htdocs\\grupocorein\\core\\vendor\\laravel\\framework\\src\\Illuminate\\Pipeline\\Pipeline.php(167): Barryvdh\\Debugbar\\Middleware\\InjectDebugbar->handle(Object(Illuminate\\Http\\Request), Object(Closure))
#48 C:\\xampp\\htdocs\\grupocorein\\core\\vendor\\fideloper\\proxy\\src\\TrustProxies.php(57): Illuminate\\Pipeline\\Pipeline->Illuminate\\Pipeline\\{closure}(Object(Illuminate\\Http\\Request))
#49 C:\\xampp\\htdocs\\grupocorein\\core\\vendor\\laravel\\framework\\src\\Illuminate\\Pipeline\\Pipeline.php(167): Fideloper\\Proxy\\TrustProxies->handle(Object(Illuminate\\Http\\Request), Object(Closure))
#50 C:\\xampp\\htdocs\\grupocorein\\core\\vendor\\laravel\\framework\\src\\Illuminate\\Foundation\\Http\\Middleware\\TransformsRequest.php(21): Illuminate\\Pipeline\\Pipeline->Illuminate\\Pipeline\\{closure}(Object(Illuminate\\Http\\Request))
#51 C:\\xampp\\htdocs\\grupocorein\\core\\vendor\\laravel\\framework\\src\\Illuminate\\Pipeline\\Pipeline.php(167): Illuminate\\Foundation\\Http\\Middleware\\TransformsRequest->handle(Object(Illuminate\\Http\\Request), Object(Closure))
#52 C:\\xampp\\htdocs\\grupocorein\\core\\vendor\\laravel\\framework\\src\\Illuminate\\Foundation\\Http\\Middleware\\TransformsRequest.php(21): Illuminate\\Pipeline\\Pipeline->Illuminate\\Pipeline\\{closure}(Object(Illuminate\\Http\\Request))
#53 C:\\xampp\\htdocs\\grupocorein\\core\\vendor\\laravel\\framework\\src\\Illuminate\\Pipeline\\Pipeline.php(167): Illuminate\\Foundation\\Http\\Middleware\\TransformsRequest->handle(Object(Illuminate\\Http\\Request), Object(Closure))
#54 C:\\xampp\\htdocs\\grupocorein\\core\\vendor\\laravel\\framework\\src\\Illuminate\\Foundation\\Http\\Middleware\\ValidatePostSize.php(27): Illuminate\\Pipeline\\Pipeline->Illuminate\\Pipeline\\{closure}(Object(Illuminate\\Http\\Request))
#55 C:\\xampp\\htdocs\\grupocorein\\core\\vendor\\laravel\\framework\\src\\Illuminate\\Pipeline\\Pipeline.php(167): Illuminate\\Foundation\\Http\\Middleware\\ValidatePostSize->handle(Object(Illuminate\\Http\\Request), Object(Closure))
#56 C:\\xampp\\htdocs\\grupocorein\\core\\vendor\\laravel\\framework\\src\\Illuminate\\Foundation\\Http\\Middleware\\CheckForMaintenanceMode.php(63): Illuminate\\Pipeline\\Pipeline->Illuminate\\Pipeline\\{closure}(Object(Illuminate\\Http\\Request))
#57 C:\\xampp\\htdocs\\grupocorein\\core\\vendor\\laravel\\framework\\src\\Illuminate\\Pipeline\\Pipeline.php(167): Illuminate\\Foundation\\Http\\Middleware\\CheckForMaintenanceMode->handle(Object(Illuminate\\Http\\Request), Object(Closure))
#58 C:\\xampp\\htdocs\\grupocorein\\core\\vendor\\laravel\\framework\\src\\Illuminate\\Pipeline\\Pipeline.php(103): Illuminate\\Pipeline\\Pipeline->Illuminate\\Pipeline\\{closure}(Object(Illuminate\\Http\\Request))
#59 C:\\xampp\\htdocs\\grupocorein\\core\\vendor\\laravel\\framework\\src\\Illuminate\\Foundation\\Http\\Kernel.php(140): Illuminate\\Pipeline\\Pipeline->then(Object(Closure))
#60 C:\\xampp\\htdocs\\grupocorein\\core\\vendor\\laravel\\framework\\src\\Illuminate\\Foundation\\Http\\Kernel.php(109): Illuminate\\Foundation\\Http\\Kernel->sendRequestThroughRouter(Object(Illuminate\\Http\\Request))
#61 C:\\xampp\\htdocs\\grupocorein\\index.php(55): Illuminate\\Foundation\\Http\\Kernel->handle(Object(Illuminate\\Http\\Request))
#62 {main}
"} 
[2024-04-22 10:51:07] local.ERROR: Trying to get property 'tax' of non-object {"userId":1,"exception":"[object] (ErrorException(code: 0): Trying to get property 'tax' of non-object at C:\\xampp\\htdocs\\grupocorein\\core\\app\\Http\\Controllers\\Front\\CheckoutController.php:388)
[stacktrace]
#0 C:\\xampp\\htdocs\\grupocorein\\core\\app\\Http\\Controllers\\Front\\CheckoutController.php(388): Illuminate\\Foundation\\Bootstrap\\HandleExceptions->handleError(8, 'Trying to get p...', 'C:\\\\xampp\\\\htdocs...', 388, Array)
#1 C:\\xampp\\htdocs\\grupocorein\\core\\vendor\\laravel\\framework\\src\\Illuminate\\Routing\\Controller.php(54): App\\Http\\Controllers\\Front\\CheckoutController->updateAmountCart(Object(Illuminate\\Http\\Request))
#2 C:\\xampp\\htdocs\\grupocorein\\core\\vendor\\laravel\\framework\\src\\Illuminate\\Routing\\ControllerDispatcher.php(45): Illuminate\\Routing\\Controller->callAction('updateAmountCar...', Array)
#3 C:\\xampp\\htdocs\\grupocorein\\core\\vendor\\laravel\\framework\\src\\Illuminate\\Routing\\Route.php(239): Illuminate\\Routing\\ControllerDispatcher->dispatch(Object(Illuminate\\Routing\\Route), Object(App\\Http\\Controllers\\Front\\CheckoutController), 'updateAmountCar...')
#4 C:\\xampp\\htdocs\\grupocorein\\core\\vendor\\laravel\\framework\\src\\Illuminate\\Routing\\Route.php(196): Illuminate\\Routing\\Route->runController()
#5 C:\\xampp\\htdocs\\grupocorein\\core\\vendor\\laravel\\framework\\src\\Illuminate\\Routing\\Router.php(685): Illuminate\\Routing\\Route->run()
#6 C:\\xampp\\htdocs\\grupocorein\\core\\vendor\\laravel\\framework\\src\\Illuminate\\Pipeline\\Pipeline.php(128): Illuminate\\Routing\\Router->Illuminate\\Routing\\{closure}(Object(Illuminate\\Http\\Request))
#7 C:\\xampp\\htdocs\\grupocorein\\core\\app\\Http\\Middleware\\Localization.php(30): Illuminate\\Pipeline\\Pipeline->Illuminate\\Pipeline\\{closure}(Object(Illuminate\\Http\\Request))
#8 C:\\xampp\\htdocs\\grupocorein\\core\\vendor\\laravel\\framework\\src\\Illuminate\\Pipeline\\Pipeline.php(167): App\\Http\\Middleware\\Localization->handle(Object(Illuminate\\Http\\Request), Object(Closure))
#9 C:\\xampp\\htdocs\\grupocorein\\core\\app\\Http\\Middleware\\Maintainance.php(13): Illuminate\\Pipeline\\Pipeline->Illuminate\\Pipeline\\{closure}(Object(Illuminate\\Http\\Request))
#10 C:\\xampp\\htdocs\\grupocorein\\core\\vendor\\laravel\\framework\\src\\Illuminate\\Pipeline\\Pipeline.php(167): App\\Http\\Middleware\\Maintainance->handle(Object(Illuminate\\Http\\Request), Object(Closure))
#11 C:\\xampp\\htdocs\\grupocorein\\core\\vendor\\laravel\\framework\\src\\Illuminate\\Routing\\Middleware\\SubstituteBindings.php(41): Illuminate\\Pipeline\\Pipeline->Illuminate\\Pipeline\\{closure}(Object(Illuminate\\Http\\Request))
#12 C:\\xampp\\htdocs\\grupocorein\\core\\vendor\\laravel\\framework\\src\\Illuminate\\Pipeline\\Pipeline.php(167): Illuminate\\Routing\\Middleware\\SubstituteBindings->handle(Object(Illuminate\\Http\\Request), Object(Closure))
#13 C:\\xampp\\htdocs\\grupocorein\\core\\vendor\\laravel\\framework\\src\\Illuminate\\Auth\\Middleware\\Authenticate.php(44): Illuminate\\Pipeline\\Pipeline->Illuminate\\Pipeline\\{closure}(Object(Illuminate\\Http\\Request))
#14 C:\\xampp\\htdocs\\grupocorein\\core\\vendor\\laravel\\framework\\src\\Illuminate\\Pipeline\\Pipeline.php(167): Illuminate\\Auth\\Middleware\\Authenticate->handle(Object(Illuminate\\Http\\Request), Object(Closure))
#15 C:\\xampp\\htdocs\\grupocorein\\core\\vendor\\laravel\\framework\\src\\Illuminate\\Foundation\\Http\\Middleware\\VerifyCsrfToken.php(78): Illuminate\\Pipeline\\Pipeline->Illuminate\\Pipeline\\{closure}(Object(Illuminate\\Http\\Request))
#16 C:\\xampp\\htdocs\\grupocorein\\core\\vendor\\laravel\\framework\\src\\Illuminate\\Pipeline\\Pipeline.php(167): Illuminate\\Foundation\\Http\\Middleware\\VerifyCsrfToken->handle(Object(Illuminate\\Http\\Request), Object(Closure))
#17 C:\\xampp\\htdocs\\grupocorein\\core\\vendor\\laravel\\framework\\src\\Illuminate\\View\\Middleware\\ShareErrorsFromSession.php(49): Illuminate\\Pipeline\\Pipeline->Illuminate\\Pipeline\\{closure}(Object(Illuminate\\Http\\Request))
#18 C:\\xampp\\htdocs\\grupocorein\\core\\vendor\\laravel\\framework\\src\\Illuminate\\Pipeline\\Pipeline.php(167): Illuminate\\View\\Middleware\\ShareErrorsFromSession->handle(Object(Illuminate\\Http\\Request), Object(Closure))
#19 C:\\xampp\\htdocs\\grupocorein\\core\\vendor\\laravel\\framework\\src\\Illuminate\\Session\\Middleware\\StartSession.php(116): Illuminate\\Pipeline\\Pipeline->Illuminate\\Pipeline\\{closure}(Object(Illuminate\\Http\\Request))
#20 C:\\xampp\\htdocs\\grupocorein\\core\\vendor\\laravel\\framework\\src\\Illuminate\\Session\\Middleware\\StartSession.php(62): Illuminate\\Session\\Middleware\\StartSession->handleStatefulRequest(Object(Illuminate\\Http\\Request), Object(Illuminate\\Session\\Store), Object(Closure))
#21 C:\\xampp\\htdocs\\grupocorein\\core\\vendor\\laravel\\framework\\src\\Illuminate\\Pipeline\\Pipeline.php(167): Illuminate\\Session\\Middleware\\StartSession->handle(Object(Illuminate\\Http\\Request), Object(Closure))
#22 C:\\xampp\\htdocs\\grupocorein\\core\\vendor\\laravel\\framework\\src\\Illuminate\\Cookie\\Middleware\\AddQueuedCookiesToResponse.php(37): Illuminate\\Pipeline\\Pipeline->Illuminate\\Pipeline\\{closure}(Object(Illuminate\\Http\\Request))
#23 C:\\xampp\\htdocs\\grupocorein\\core\\vendor\\laravel\\framework\\src\\Illuminate\\Pipeline\\Pipeline.php(167): Illuminate\\Cookie\\Middleware\\AddQueuedCookiesToResponse->handle(Object(Illuminate\\Http\\Request), Object(Closure))
#24 C:\\xampp\\htdocs\\grupocorein\\core\\vendor\\laravel\\framework\\src\\Illuminate\\Cookie\\Middleware\\EncryptCookies.php(67): Illuminate\\Pipeline\\Pipeline->Illuminate\\Pipeline\\{closure}(Object(Illuminate\\Http\\Request))
#25 C:\\xampp\\htdocs\\grupocorein\\core\\vendor\\laravel\\framework\\src\\Illuminate\\Pipeline\\Pipeline.php(167): Illuminate\\Cookie\\Middleware\\EncryptCookies->handle(Object(Illuminate\\Http\\Request), Object(Closure))
#26 C:\\xampp\\htdocs\\grupocorein\\core\\vendor\\laravel\\framework\\src\\Illuminate\\Pipeline\\Pipeline.php(103): Illuminate\\Pipeline\\Pipeline->Illuminate\\Pipeline\\{closure}(Object(Illuminate\\Http\\Request))
#27 C:\\xampp\\htdocs\\grupocorein\\core\\vendor\\laravel\\framework\\src\\Illuminate\\Routing\\Router.php(687): Illuminate\\Pipeline\\Pipeline->then(Object(Closure))
#28 C:\\xampp\\htdocs\\grupocorein\\core\\vendor\\laravel\\framework\\src\\Illuminate\\Routing\\Router.php(662): Illuminate\\Routing\\Router->runRouteWithinStack(Object(Illuminate\\Routing\\Route), Object(Illuminate\\Http\\Request))
#29 C:\\xampp\\htdocs\\grupocorein\\core\\vendor\\laravel\\framework\\src\\Illuminate\\Routing\\Router.php(628): Illuminate\\Routing\\Router->runRoute(Object(Illuminate\\Http\\Request), Object(Illuminate\\Routing\\Route))
#30 C:\\xampp\\htdocs\\grupocorein\\core\\vendor\\laravel\\framework\\src\\Illuminate\\Routing\\Router.php(617): Illuminate\\Routing\\Router->dispatchToRoute(Object(Illuminate\\Http\\Request))
#31 C:\\xampp\\htdocs\\grupocorein\\core\\vendor\\laravel\\framework\\src\\Illuminate\\Foundation\\Http\\Kernel.php(165): Illuminate\\Routing\\Router->dispatch(Object(Illuminate\\Http\\Request))
#32 C:\\xampp\\htdocs\\grupocorein\\core\\vendor\\laravel\\framework\\src\\Illuminate\\Pipeline\\Pipeline.php(128): Illuminate\\Foundation\\Http\\Kernel->Illuminate\\Foundation\\Http\\{closure}(Object(Illuminate\\Http\\Request))
#33 C:\\xampp\\htdocs\\grupocorein\\core\\vendor\\barryvdh\\laravel-debugbar\\src\\Middleware\\InjectDebugbar.php(66): Illuminate\\Pipeline\\Pipeline->Illuminate\\Pipeline\\{closure}(Object(Illuminate\\Http\\Request))
#34 C:\\xampp\\htdocs\\grupocorein\\core\\vendor\\laravel\\framework\\src\\Illuminate\\Pipeline\\Pipeline.php(167): Barryvdh\\Debugbar\\Middleware\\InjectDebugbar->handle(Object(Illuminate\\Http\\Request), Object(Closure))
#35 C:\\xampp\\htdocs\\grupocorein\\core\\vendor\\fideloper\\proxy\\src\\TrustProxies.php(57): Illuminate\\Pipeline\\Pipeline->Illuminate\\Pipeline\\{closure}(Object(Illuminate\\Http\\Request))
#36 C:\\xampp\\htdocs\\grupocorein\\core\\vendor\\laravel\\framework\\src\\Illuminate\\Pipeline\\Pipeline.php(167): Fideloper\\Proxy\\TrustProxies->handle(Object(Illuminate\\Http\\Request), Object(Closure))
#37 C:\\xampp\\htdocs\\grupocorein\\core\\vendor\\laravel\\framework\\src\\Illuminate\\Foundation\\Http\\Middleware\\TransformsRequest.php(21): Illuminate\\Pipeline\\Pipeline->Illuminate\\Pipeline\\{closure}(Object(Illuminate\\Http\\Request))
#38 C:\\xampp\\htdocs\\grupocorein\\core\\vendor\\laravel\\framework\\src\\Illuminate\\Pipeline\\Pipeline.php(167): Illuminate\\Foundation\\Http\\Middleware\\TransformsRequest->handle(Object(Illuminate\\Http\\Request), Object(Closure))
#39 C:\\xampp\\htdocs\\grupocorein\\core\\vendor\\laravel\\framework\\src\\Illuminate\\Foundation\\Http\\Middleware\\TransformsRequest.php(21): Illuminate\\Pipeline\\Pipeline->Illuminate\\Pipeline\\{closure}(Object(Illuminate\\Http\\Request))
#40 C:\\xampp\\htdocs\\grupocorein\\core\\vendor\\laravel\\framework\\src\\Illuminate\\Pipeline\\Pipeline.php(167): Illuminate\\Foundation\\Http\\Middleware\\TransformsRequest->handle(Object(Illuminate\\Http\\Request), Object(Closure))
#41 C:\\xampp\\htdocs\\grupocorein\\core\\vendor\\laravel\\framework\\src\\Illuminate\\Foundation\\Http\\Middleware\\ValidatePostSize.php(27): Illuminate\\Pipeline\\Pipeline->Illuminate\\Pipeline\\{closure}(Object(Illuminate\\Http\\Request))
#42 C:\\xampp\\htdocs\\grupocorein\\core\\vendor\\laravel\\framework\\src\\Illuminate\\Pipeline\\Pipeline.php(167): Illuminate\\Foundation\\Http\\Middleware\\ValidatePostSize->handle(Object(Illuminate\\Http\\Request), Object(Closure))
#43 C:\\xampp\\htdocs\\grupocorein\\core\\vendor\\laravel\\framework\\src\\Illuminate\\Foundation\\Http\\Middleware\\CheckForMaintenanceMode.php(63): Illuminate\\Pipeline\\Pipeline->Illuminate\\Pipeline\\{closure}(Object(Illuminate\\Http\\Request))
#44 C:\\xampp\\htdocs\\grupocorein\\core\\vendor\\laravel\\framework\\src\\Illuminate\\Pipeline\\Pipeline.php(167): Illuminate\\Foundation\\Http\\Middleware\\CheckForMaintenanceMode->handle(Object(Illuminate\\Http\\Request), Object(Closure))
#45 C:\\xampp\\htdocs\\grupocorein\\core\\vendor\\laravel\\framework\\src\\Illuminate\\Pipeline\\Pipeline.php(103): Illuminate\\Pipeline\\Pipeline->Illuminate\\Pipeline\\{closure}(Object(Illuminate\\Http\\Request))
#46 C:\\xampp\\htdocs\\grupocorein\\core\\vendor\\laravel\\framework\\src\\Illuminate\\Foundation\\Http\\Kernel.php(140): Illuminate\\Pipeline\\Pipeline->then(Object(Closure))
#47 C:\\xampp\\htdocs\\grupocorein\\core\\vendor\\laravel\\framework\\src\\Illuminate\\Foundation\\Http\\Kernel.php(109): Illuminate\\Foundation\\Http\\Kernel->sendRequestThroughRouter(Object(Illuminate\\Http\\Request))
#48 C:\\xampp\\htdocs\\grupocorein\\index.php(55): Illuminate\\Foundation\\Http\\Kernel->handle(Object(Illuminate\\Http\\Request))
#49 {main}
"} 
[2024-04-22 10:51:09] local.ERROR: Trying to get property 'tax' of non-object {"userId":1,"exception":"[object] (ErrorException(code: 0): Trying to get property 'tax' of non-object at C:\\xampp\\htdocs\\grupocorein\\core\\app\\Http\\Controllers\\Front\\CheckoutController.php:388)
[stacktrace]
#0 C:\\xampp\\htdocs\\grupocorein\\core\\app\\Http\\Controllers\\Front\\CheckoutController.php(388): Illuminate\\Foundation\\Bootstrap\\HandleExceptions->handleError(8, 'Trying to get p...', 'C:\\\\xampp\\\\htdocs...', 388, Array)
#1 C:\\xampp\\htdocs\\grupocorein\\core\\vendor\\laravel\\framework\\src\\Illuminate\\Routing\\Controller.php(54): App\\Http\\Controllers\\Front\\CheckoutController->updateAmountCart(Object(Illuminate\\Http\\Request))
#2 C:\\xampp\\htdocs\\grupocorein\\core\\vendor\\laravel\\framework\\src\\Illuminate\\Routing\\ControllerDispatcher.php(45): Illuminate\\Routing\\Controller->callAction('updateAmountCar...', Array)
#3 C:\\xampp\\htdocs\\grupocorein\\core\\vendor\\laravel\\framework\\src\\Illuminate\\Routing\\Route.php(239): Illuminate\\Routing\\ControllerDispatcher->dispatch(Object(Illuminate\\Routing\\Route), Object(App\\Http\\Controllers\\Front\\CheckoutController), 'updateAmountCar...')
#4 C:\\xampp\\htdocs\\grupocorein\\core\\vendor\\laravel\\framework\\src\\Illuminate\\Routing\\Route.php(196): Illuminate\\Routing\\Route->runController()
#5 C:\\xampp\\htdocs\\grupocorein\\core\\vendor\\laravel\\framework\\src\\Illuminate\\Routing\\Router.php(685): Illuminate\\Routing\\Route->run()
#6 C:\\xampp\\htdocs\\grupocorein\\core\\vendor\\laravel\\framework\\src\\Illuminate\\Pipeline\\Pipeline.php(128): Illuminate\\Routing\\Router->Illuminate\\Routing\\{closure}(Object(Illuminate\\Http\\Request))
#7 C:\\xampp\\htdocs\\grupocorein\\core\\app\\Http\\Middleware\\Localization.php(30): Illuminate\\Pipeline\\Pipeline->Illuminate\\Pipeline\\{closure}(Object(Illuminate\\Http\\Request))
#8 C:\\xampp\\htdocs\\grupocorein\\core\\vendor\\laravel\\framework\\src\\Illuminate\\Pipeline\\Pipeline.php(167): App\\Http\\Middleware\\Localization->handle(Object(Illuminate\\Http\\Request), Object(Closure))
#9 C:\\xampp\\htdocs\\grupocorein\\core\\app\\Http\\Middleware\\Maintainance.php(13): Illuminate\\Pipeline\\Pipeline->Illuminate\\Pipeline\\{closure}(Object(Illuminate\\Http\\Request))
#10 C:\\xampp\\htdocs\\grupocorein\\core\\vendor\\laravel\\framework\\src\\Illuminate\\Pipeline\\Pipeline.php(167): App\\Http\\Middleware\\Maintainance->handle(Object(Illuminate\\Http\\Request), Object(Closure))
#11 C:\\xampp\\htdocs\\grupocorein\\core\\vendor\\laravel\\framework\\src\\Illuminate\\Routing\\Middleware\\SubstituteBindings.php(41): Illuminate\\Pipeline\\Pipeline->Illuminate\\Pipeline\\{closure}(Object(Illuminate\\Http\\Request))
#12 C:\\xampp\\htdocs\\grupocorein\\core\\vendor\\laravel\\framework\\src\\Illuminate\\Pipeline\\Pipeline.php(167): Illuminate\\Routing\\Middleware\\SubstituteBindings->handle(Object(Illuminate\\Http\\Request), Object(Closure))
#13 C:\\xampp\\htdocs\\grupocorein\\core\\vendor\\laravel\\framework\\src\\Illuminate\\Auth\\Middleware\\Authenticate.php(44): Illuminate\\Pipeline\\Pipeline->Illuminate\\Pipeline\\{closure}(Object(Illuminate\\Http\\Request))
#14 C:\\xampp\\htdocs\\grupocorein\\core\\vendor\\laravel\\framework\\src\\Illuminate\\Pipeline\\Pipeline.php(167): Illuminate\\Auth\\Middleware\\Authenticate->handle(Object(Illuminate\\Http\\Request), Object(Closure))
#15 C:\\xampp\\htdocs\\grupocorein\\core\\vendor\\laravel\\framework\\src\\Illuminate\\Foundation\\Http\\Middleware\\VerifyCsrfToken.php(78): Illuminate\\Pipeline\\Pipeline->Illuminate\\Pipeline\\{closure}(Object(Illuminate\\Http\\Request))
#16 C:\\xampp\\htdocs\\grupocorein\\core\\vendor\\laravel\\framework\\src\\Illuminate\\Pipeline\\Pipeline.php(167): Illuminate\\Foundation\\Http\\Middleware\\VerifyCsrfToken->handle(Object(Illuminate\\Http\\Request), Object(Closure))
#17 C:\\xampp\\htdocs\\grupocorein\\core\\vendor\\laravel\\framework\\src\\Illuminate\\View\\Middleware\\ShareErrorsFromSession.php(49): Illuminate\\Pipeline\\Pipeline->Illuminate\\Pipeline\\{closure}(Object(Illuminate\\Http\\Request))
#18 C:\\xampp\\htdocs\\grupocorein\\core\\vendor\\laravel\\framework\\src\\Illuminate\\Pipeline\\Pipeline.php(167): Illuminate\\View\\Middleware\\ShareErrorsFromSession->handle(Object(Illuminate\\Http\\Request), Object(Closure))
#19 C:\\xampp\\htdocs\\grupocorein\\core\\vendor\\laravel\\framework\\src\\Illuminate\\Session\\Middleware\\StartSession.php(116): Illuminate\\Pipeline\\Pipeline->Illuminate\\Pipeline\\{closure}(Object(Illuminate\\Http\\Request))
#20 C:\\xampp\\htdocs\\grupocorein\\core\\vendor\\laravel\\framework\\src\\Illuminate\\Session\\Middleware\\StartSession.php(62): Illuminate\\Session\\Middleware\\StartSession->handleStatefulRequest(Object(Illuminate\\Http\\Request), Object(Illuminate\\Session\\Store), Object(Closure))
#21 C:\\xampp\\htdocs\\grupocorein\\core\\vendor\\laravel\\framework\\src\\Illuminate\\Pipeline\\Pipeline.php(167): Illuminate\\Session\\Middleware\\StartSession->handle(Object(Illuminate\\Http\\Request), Object(Closure))
#22 C:\\xampp\\htdocs\\grupocorein\\core\\vendor\\laravel\\framework\\src\\Illuminate\\Cookie\\Middleware\\AddQueuedCookiesToResponse.php(37): Illuminate\\Pipeline\\Pipeline->Illuminate\\Pipeline\\{closure}(Object(Illuminate\\Http\\Request))
#23 C:\\xampp\\htdocs\\grupocorein\\core\\vendor\\laravel\\framework\\src\\Illuminate\\Pipeline\\Pipeline.php(167): Illuminate\\Cookie\\Middleware\\AddQueuedCookiesToResponse->handle(Object(Illuminate\\Http\\Request), Object(Closure))
#24 C:\\xampp\\htdocs\\grupocorein\\core\\vendor\\laravel\\framework\\src\\Illuminate\\Cookie\\Middleware\\EncryptCookies.php(67): Illuminate\\Pipeline\\Pipeline->Illuminate\\Pipeline\\{closure}(Object(Illuminate\\Http\\Request))
#25 C:\\xampp\\htdocs\\grupocorein\\core\\vendor\\laravel\\framework\\src\\Illuminate\\Pipeline\\Pipeline.php(167): Illuminate\\Cookie\\Middleware\\EncryptCookies->handle(Object(Illuminate\\Http\\Request), Object(Closure))
#26 C:\\xampp\\htdocs\\grupocorein\\core\\vendor\\laravel\\framework\\src\\Illuminate\\Pipeline\\Pipeline.php(103): Illuminate\\Pipeline\\Pipeline->Illuminate\\Pipeline\\{closure}(Object(Illuminate\\Http\\Request))
#27 C:\\xampp\\htdocs\\grupocorein\\core\\vendor\\laravel\\framework\\src\\Illuminate\\Routing\\Router.php(687): Illuminate\\Pipeline\\Pipeline->then(Object(Closure))
#28 C:\\xampp\\htdocs\\grupocorein\\core\\vendor\\laravel\\framework\\src\\Illuminate\\Routing\\Router.php(662): Illuminate\\Routing\\Router->runRouteWithinStack(Object(Illuminate\\Routing\\Route), Object(Illuminate\\Http\\Request))
#29 C:\\xampp\\htdocs\\grupocorein\\core\\vendor\\laravel\\framework\\src\\Illuminate\\Routing\\Router.php(628): Illuminate\\Routing\\Router->runRoute(Object(Illuminate\\Http\\Request), Object(Illuminate\\Routing\\Route))
#30 C:\\xampp\\htdocs\\grupocorein\\core\\vendor\\laravel\\framework\\src\\Illuminate\\Routing\\Router.php(617): Illuminate\\Routing\\Router->dispatchToRoute(Object(Illuminate\\Http\\Request))
#31 C:\\xampp\\htdocs\\grupocorein\\core\\vendor\\laravel\\framework\\src\\Illuminate\\Foundation\\Http\\Kernel.php(165): Illuminate\\Routing\\Router->dispatch(Object(Illuminate\\Http\\Request))
#32 C:\\xampp\\htdocs\\grupocorein\\core\\vendor\\laravel\\framework\\src\\Illuminate\\Pipeline\\Pipeline.php(128): Illuminate\\Foundation\\Http\\Kernel->Illuminate\\Foundation\\Http\\{closure}(Object(Illuminate\\Http\\Request))
#33 C:\\xampp\\htdocs\\grupocorein\\core\\vendor\\barryvdh\\laravel-debugbar\\src\\Middleware\\InjectDebugbar.php(66): Illuminate\\Pipeline\\Pipeline->Illuminate\\Pipeline\\{closure}(Object(Illuminate\\Http\\Request))
#34 C:\\xampp\\htdocs\\grupocorein\\core\\vendor\\laravel\\framework\\src\\Illuminate\\Pipeline\\Pipeline.php(167): Barryvdh\\Debugbar\\Middleware\\InjectDebugbar->handle(Object(Illuminate\\Http\\Request), Object(Closure))
#35 C:\\xampp\\htdocs\\grupocorein\\core\\vendor\\fideloper\\proxy\\src\\TrustProxies.php(57): Illuminate\\Pipeline\\Pipeline->Illuminate\\Pipeline\\{closure}(Object(Illuminate\\Http\\Request))
#36 C:\\xampp\\htdocs\\grupocorein\\core\\vendor\\laravel\\framework\\src\\Illuminate\\Pipeline\\Pipeline.php(167): Fideloper\\Proxy\\TrustProxies->handle(Object(Illuminate\\Http\\Request), Object(Closure))
#37 C:\\xampp\\htdocs\\grupocorein\\core\\vendor\\laravel\\framework\\src\\Illuminate\\Foundation\\Http\\Middleware\\TransformsRequest.php(21): Illuminate\\Pipeline\\Pipeline->Illuminate\\Pipeline\\{closure}(Object(Illuminate\\Http\\Request))
#38 C:\\xampp\\htdocs\\grupocorein\\core\\vendor\\laravel\\framework\\src\\Illuminate\\Pipeline\\Pipeline.php(167): Illuminate\\Foundation\\Http\\Middleware\\TransformsRequest->handle(Object(Illuminate\\Http\\Request), Object(Closure))
#39 C:\\xampp\\htdocs\\grupocorein\\core\\vendor\\laravel\\framework\\src\\Illuminate\\Foundation\\Http\\Middleware\\TransformsRequest.php(21): Illuminate\\Pipeline\\Pipeline->Illuminate\\Pipeline\\{closure}(Object(Illuminate\\Http\\Request))
#40 C:\\xampp\\htdocs\\grupocorein\\core\\vendor\\laravel\\framework\\src\\Illuminate\\Pipeline\\Pipeline.php(167): Illuminate\\Foundation\\Http\\Middleware\\TransformsRequest->handle(Object(Illuminate\\Http\\Request), Object(Closure))
#41 C:\\xampp\\htdocs\\grupocorein\\core\\vendor\\laravel\\framework\\src\\Illuminate\\Foundation\\Http\\Middleware\\ValidatePostSize.php(27): Illuminate\\Pipeline\\Pipeline->Illuminate\\Pipeline\\{closure}(Object(Illuminate\\Http\\Request))
#42 C:\\xampp\\htdocs\\grupocorein\\core\\vendor\\laravel\\framework\\src\\Illuminate\\Pipeline\\Pipeline.php(167): Illuminate\\Foundation\\Http\\Middleware\\ValidatePostSize->handle(Object(Illuminate\\Http\\Request), Object(Closure))
#43 C:\\xampp\\htdocs\\grupocorein\\core\\vendor\\laravel\\framework\\src\\Illuminate\\Foundation\\Http\\Middleware\\CheckForMaintenanceMode.php(63): Illuminate\\Pipeline\\Pipeline->Illuminate\\Pipeline\\{closure}(Object(Illuminate\\Http\\Request))
#44 C:\\xampp\\htdocs\\grupocorein\\core\\vendor\\laravel\\framework\\src\\Illuminate\\Pipeline\\Pipeline.php(167): Illuminate\\Foundation\\Http\\Middleware\\CheckForMaintenanceMode->handle(Object(Illuminate\\Http\\Request), Object(Closure))
#45 C:\\xampp\\htdocs\\grupocorein\\core\\vendor\\laravel\\framework\\src\\Illuminate\\Pipeline\\Pipeline.php(103): Illuminate\\Pipeline\\Pipeline->Illuminate\\Pipeline\\{closure}(Object(Illuminate\\Http\\Request))
#46 C:\\xampp\\htdocs\\grupocorein\\core\\vendor\\laravel\\framework\\src\\Illuminate\\Foundation\\Http\\Kernel.php(140): Illuminate\\Pipeline\\Pipeline->then(Object(Closure))
#47 C:\\xampp\\htdocs\\grupocorein\\core\\vendor\\laravel\\framework\\src\\Illuminate\\Foundation\\Http\\Kernel.php(109): Illuminate\\Foundation\\Http\\Kernel->sendRequestThroughRouter(Object(Illuminate\\Http\\Request))
#48 C:\\xampp\\htdocs\\grupocorein\\index.php(55): Illuminate\\Foundation\\Http\\Kernel->handle(Object(Illuminate\\Http\\Request))
#49 {main}
"} 
[2024-04-22 10:51:18] local.ERROR: Trying to get property 'tax' of non-object {"userId":1,"exception":"[object] (ErrorException(code: 0): Trying to get property 'tax' of non-object at C:\\xampp\\htdocs\\grupocorein\\core\\app\\Http\\Controllers\\Front\\CheckoutController.php:388)
[stacktrace]
#0 C:\\xampp\\htdocs\\grupocorein\\core\\app\\Http\\Controllers\\Front\\CheckoutController.php(388): Illuminate\\Foundation\\Bootstrap\\HandleExceptions->handleError(8, 'Trying to get p...', 'C:\\\\xampp\\\\htdocs...', 388, Array)
#1 C:\\xampp\\htdocs\\grupocorein\\core\\vendor\\laravel\\framework\\src\\Illuminate\\Routing\\Controller.php(54): App\\Http\\Controllers\\Front\\CheckoutController->updateAmountCart(Object(Illuminate\\Http\\Request))
#2 C:\\xampp\\htdocs\\grupocorein\\core\\vendor\\laravel\\framework\\src\\Illuminate\\Routing\\ControllerDispatcher.php(45): Illuminate\\Routing\\Controller->callAction('updateAmountCar...', Array)
#3 C:\\xampp\\htdocs\\grupocorein\\core\\vendor\\laravel\\framework\\src\\Illuminate\\Routing\\Route.php(239): Illuminate\\Routing\\ControllerDispatcher->dispatch(Object(Illuminate\\Routing\\Route), Object(App\\Http\\Controllers\\Front\\CheckoutController), 'updateAmountCar...')
#4 C:\\xampp\\htdocs\\grupocorein\\core\\vendor\\laravel\\framework\\src\\Illuminate\\Routing\\Route.php(196): Illuminate\\Routing\\Route->runController()
#5 C:\\xampp\\htdocs\\grupocorein\\core\\vendor\\laravel\\framework\\src\\Illuminate\\Routing\\Router.php(685): Illuminate\\Routing\\Route->run()
#6 C:\\xampp\\htdocs\\grupocorein\\core\\vendor\\laravel\\framework\\src\\Illuminate\\Pipeline\\Pipeline.php(128): Illuminate\\Routing\\Router->Illuminate\\Routing\\{closure}(Object(Illuminate\\Http\\Request))
#7 C:\\xampp\\htdocs\\grupocorein\\core\\app\\Http\\Middleware\\Localization.php(30): Illuminate\\Pipeline\\Pipeline->Illuminate\\Pipeline\\{closure}(Object(Illuminate\\Http\\Request))
#8 C:\\xampp\\htdocs\\grupocorein\\core\\vendor\\laravel\\framework\\src\\Illuminate\\Pipeline\\Pipeline.php(167): App\\Http\\Middleware\\Localization->handle(Object(Illuminate\\Http\\Request), Object(Closure))
#9 C:\\xampp\\htdocs\\grupocorein\\core\\app\\Http\\Middleware\\Maintainance.php(13): Illuminate\\Pipeline\\Pipeline->Illuminate\\Pipeline\\{closure}(Object(Illuminate\\Http\\Request))
#10 C:\\xampp\\htdocs\\grupocorein\\core\\vendor\\laravel\\framework\\src\\Illuminate\\Pipeline\\Pipeline.php(167): App\\Http\\Middleware\\Maintainance->handle(Object(Illuminate\\Http\\Request), Object(Closure))
#11 C:\\xampp\\htdocs\\grupocorein\\core\\vendor\\laravel\\framework\\src\\Illuminate\\Routing\\Middleware\\SubstituteBindings.php(41): Illuminate\\Pipeline\\Pipeline->Illuminate\\Pipeline\\{closure}(Object(Illuminate\\Http\\Request))
#12 C:\\xampp\\htdocs\\grupocorein\\core\\vendor\\laravel\\framework\\src\\Illuminate\\Pipeline\\Pipeline.php(167): Illuminate\\Routing\\Middleware\\SubstituteBindings->handle(Object(Illuminate\\Http\\Request), Object(Closure))
#13 C:\\xampp\\htdocs\\grupocorein\\core\\vendor\\laravel\\framework\\src\\Illuminate\\Auth\\Middleware\\Authenticate.php(44): Illuminate\\Pipeline\\Pipeline->Illuminate\\Pipeline\\{closure}(Object(Illuminate\\Http\\Request))
#14 C:\\xampp\\htdocs\\grupocorein\\core\\vendor\\laravel\\framework\\src\\Illuminate\\Pipeline\\Pipeline.php(167): Illuminate\\Auth\\Middleware\\Authenticate->handle(Object(Illuminate\\Http\\Request), Object(Closure))
#15 C:\\xampp\\htdocs\\grupocorein\\core\\vendor\\laravel\\framework\\src\\Illuminate\\Foundation\\Http\\Middleware\\VerifyCsrfToken.php(78): Illuminate\\Pipeline\\Pipeline->Illuminate\\Pipeline\\{closure}(Object(Illuminate\\Http\\Request))
#16 C:\\xampp\\htdocs\\grupocorein\\core\\vendor\\laravel\\framework\\src\\Illuminate\\Pipeline\\Pipeline.php(167): Illuminate\\Foundation\\Http\\Middleware\\VerifyCsrfToken->handle(Object(Illuminate\\Http\\Request), Object(Closure))
#17 C:\\xampp\\htdocs\\grupocorein\\core\\vendor\\laravel\\framework\\src\\Illuminate\\View\\Middleware\\ShareErrorsFromSession.php(49): Illuminate\\Pipeline\\Pipeline->Illuminate\\Pipeline\\{closure}(Object(Illuminate\\Http\\Request))
#18 C:\\xampp\\htdocs\\grupocorein\\core\\vendor\\laravel\\framework\\src\\Illuminate\\Pipeline\\Pipeline.php(167): Illuminate\\View\\Middleware\\ShareErrorsFromSession->handle(Object(Illuminate\\Http\\Request), Object(Closure))
#19 C:\\xampp\\htdocs\\grupocorein\\core\\vendor\\laravel\\framework\\src\\Illuminate\\Session\\Middleware\\StartSession.php(116): Illuminate\\Pipeline\\Pipeline->Illuminate\\Pipeline\\{closure}(Object(Illuminate\\Http\\Request))
#20 C:\\xampp\\htdocs\\grupocorein\\core\\vendor\\laravel\\framework\\src\\Illuminate\\Session\\Middleware\\StartSession.php(62): Illuminate\\Session\\Middleware\\StartSession->handleStatefulRequest(Object(Illuminate\\Http\\Request), Object(Illuminate\\Session\\Store), Object(Closure))
#21 C:\\xampp\\htdocs\\grupocorein\\core\\vendor\\laravel\\framework\\src\\Illuminate\\Pipeline\\Pipeline.php(167): Illuminate\\Session\\Middleware\\StartSession->handle(Object(Illuminate\\Http\\Request), Object(Closure))
#22 C:\\xampp\\htdocs\\grupocorein\\core\\vendor\\laravel\\framework\\src\\Illuminate\\Cookie\\Middleware\\AddQueuedCookiesToResponse.php(37): Illuminate\\Pipeline\\Pipeline->Illuminate\\Pipeline\\{closure}(Object(Illuminate\\Http\\Request))
#23 C:\\xampp\\htdocs\\grupocorein\\core\\vendor\\laravel\\framework\\src\\Illuminate\\Pipeline\\Pipeline.php(167): Illuminate\\Cookie\\Middleware\\AddQueuedCookiesToResponse->handle(Object(Illuminate\\Http\\Request), Object(Closure))
#24 C:\\xampp\\htdocs\\grupocorein\\core\\vendor\\laravel\\framework\\src\\Illuminate\\Cookie\\Middleware\\EncryptCookies.php(67): Illuminate\\Pipeline\\Pipeline->Illuminate\\Pipeline\\{closure}(Object(Illuminate\\Http\\Request))
#25 C:\\xampp\\htdocs\\grupocorein\\core\\vendor\\laravel\\framework\\src\\Illuminate\\Pipeline\\Pipeline.php(167): Illuminate\\Cookie\\Middleware\\EncryptCookies->handle(Object(Illuminate\\Http\\Request), Object(Closure))
#26 C:\\xampp\\htdocs\\grupocorein\\core\\vendor\\laravel\\framework\\src\\Illuminate\\Pipeline\\Pipeline.php(103): Illuminate\\Pipeline\\Pipeline->Illuminate\\Pipeline\\{closure}(Object(Illuminate\\Http\\Request))
#27 C:\\xampp\\htdocs\\grupocorein\\core\\vendor\\laravel\\framework\\src\\Illuminate\\Routing\\Router.php(687): Illuminate\\Pipeline\\Pipeline->then(Object(Closure))
#28 C:\\xampp\\htdocs\\grupocorein\\core\\vendor\\laravel\\framework\\src\\Illuminate\\Routing\\Router.php(662): Illuminate\\Routing\\Router->runRouteWithinStack(Object(Illuminate\\Routing\\Route), Object(Illuminate\\Http\\Request))
#29 C:\\xampp\\htdocs\\grupocorein\\core\\vendor\\laravel\\framework\\src\\Illuminate\\Routing\\Router.php(628): Illuminate\\Routing\\Router->runRoute(Object(Illuminate\\Http\\Request), Object(Illuminate\\Routing\\Route))
#30 C:\\xampp\\htdocs\\grupocorein\\core\\vendor\\laravel\\framework\\src\\Illuminate\\Routing\\Router.php(617): Illuminate\\Routing\\Router->dispatchToRoute(Object(Illuminate\\Http\\Request))
#31 C:\\xampp\\htdocs\\grupocorein\\core\\vendor\\laravel\\framework\\src\\Illuminate\\Foundation\\Http\\Kernel.php(165): Illuminate\\Routing\\Router->dispatch(Object(Illuminate\\Http\\Request))
#32 C:\\xampp\\htdocs\\grupocorein\\core\\vendor\\laravel\\framework\\src\\Illuminate\\Pipeline\\Pipeline.php(128): Illuminate\\Foundation\\Http\\Kernel->Illuminate\\Foundation\\Http\\{closure}(Object(Illuminate\\Http\\Request))
#33 C:\\xampp\\htdocs\\grupocorein\\core\\vendor\\barryvdh\\laravel-debugbar\\src\\Middleware\\InjectDebugbar.php(66): Illuminate\\Pipeline\\Pipeline->Illuminate\\Pipeline\\{closure}(Object(Illuminate\\Http\\Request))
#34 C:\\xampp\\htdocs\\grupocorein\\core\\vendor\\laravel\\framework\\src\\Illuminate\\Pipeline\\Pipeline.php(167): Barryvdh\\Debugbar\\Middleware\\InjectDebugbar->handle(Object(Illuminate\\Http\\Request), Object(Closure))
#35 C:\\xampp\\htdocs\\grupocorein\\core\\vendor\\fideloper\\proxy\\src\\TrustProxies.php(57): Illuminate\\Pipeline\\Pipeline->Illuminate\\Pipeline\\{closure}(Object(Illuminate\\Http\\Request))
#36 C:\\xampp\\htdocs\\grupocorein\\core\\vendor\\laravel\\framework\\src\\Illuminate\\Pipeline\\Pipeline.php(167): Fideloper\\Proxy\\TrustProxies->handle(Object(Illuminate\\Http\\Request), Object(Closure))
#37 C:\\xampp\\htdocs\\grupocorein\\core\\vendor\\laravel\\framework\\src\\Illuminate\\Foundation\\Http\\Middleware\\TransformsRequest.php(21): Illuminate\\Pipeline\\Pipeline->Illuminate\\Pipeline\\{closure}(Object(Illuminate\\Http\\Request))
#38 C:\\xampp\\htdocs\\grupocorein\\core\\vendor\\laravel\\framework\\src\\Illuminate\\Pipeline\\Pipeline.php(167): Illuminate\\Foundation\\Http\\Middleware\\TransformsRequest->handle(Object(Illuminate\\Http\\Request), Object(Closure))
#39 C:\\xampp\\htdocs\\grupocorein\\core\\vendor\\laravel\\framework\\src\\Illuminate\\Foundation\\Http\\Middleware\\TransformsRequest.php(21): Illuminate\\Pipeline\\Pipeline->Illuminate\\Pipeline\\{closure}(Object(Illuminate\\Http\\Request))
#40 C:\\xampp\\htdocs\\grupocorein\\core\\vendor\\laravel\\framework\\src\\Illuminate\\Pipeline\\Pipeline.php(167): Illuminate\\Foundation\\Http\\Middleware\\TransformsRequest->handle(Object(Illuminate\\Http\\Request), Object(Closure))
#41 C:\\xampp\\htdocs\\grupocorein\\core\\vendor\\laravel\\framework\\src\\Illuminate\\Foundation\\Http\\Middleware\\ValidatePostSize.php(27): Illuminate\\Pipeline\\Pipeline->Illuminate\\Pipeline\\{closure}(Object(Illuminate\\Http\\Request))
#42 C:\\xampp\\htdocs\\grupocorein\\core\\vendor\\laravel\\framework\\src\\Illuminate\\Pipeline\\Pipeline.php(167): Illuminate\\Foundation\\Http\\Middleware\\ValidatePostSize->handle(Object(Illuminate\\Http\\Request), Object(Closure))
#43 C:\\xampp\\htdocs\\grupocorein\\core\\vendor\\laravel\\framework\\src\\Illuminate\\Foundation\\Http\\Middleware\\CheckForMaintenanceMode.php(63): Illuminate\\Pipeline\\Pipeline->Illuminate\\Pipeline\\{closure}(Object(Illuminate\\Http\\Request))
#44 C:\\xampp\\htdocs\\grupocorein\\core\\vendor\\laravel\\framework\\src\\Illuminate\\Pipeline\\Pipeline.php(167): Illuminate\\Foundation\\Http\\Middleware\\CheckForMaintenanceMode->handle(Object(Illuminate\\Http\\Request), Object(Closure))
#45 C:\\xampp\\htdocs\\grupocorein\\core\\vendor\\laravel\\framework\\src\\Illuminate\\Pipeline\\Pipeline.php(103): Illuminate\\Pipeline\\Pipeline->Illuminate\\Pipeline\\{closure}(Object(Illuminate\\Http\\Request))
#46 C:\\xampp\\htdocs\\grupocorein\\core\\vendor\\laravel\\framework\\src\\Illuminate\\Foundation\\Http\\Kernel.php(140): Illuminate\\Pipeline\\Pipeline->then(Object(Closure))
#47 C:\\xampp\\htdocs\\grupocorein\\core\\vendor\\laravel\\framework\\src\\Illuminate\\Foundation\\Http\\Kernel.php(109): Illuminate\\Foundation\\Http\\Kernel->sendRequestThroughRouter(Object(Illuminate\\Http\\Request))
#48 C:\\xampp\\htdocs\\grupocorein\\index.php(55): Illuminate\\Foundation\\Http\\Kernel->handle(Object(Illuminate\\Http\\Request))
#49 {main}
"} 
[2024-04-22 11:19:44] local.ERROR: Trying to get property 'tax_id' of non-object {"userId":1,"exception":"[object] (ErrorException(code: 0): Trying to get property 'tax_id' of non-object at C:\\xampp\\htdocs\\grupocorein\\core\\app\\Http\\Controllers\\Front\\CheckoutController.php:400)
[stacktrace]
#0 C:\\xampp\\htdocs\\grupocorein\\core\\app\\Http\\Controllers\\Front\\CheckoutController.php(400): Illuminate\\Foundation\\Bootstrap\\HandleExceptions->handleError(8, 'Trying to get p...', 'C:\\\\xampp\\\\htdocs...', 400, Array)
#1 C:\\xampp\\htdocs\\grupocorein\\core\\vendor\\laravel\\framework\\src\\Illuminate\\Routing\\Controller.php(54): App\\Http\\Controllers\\Front\\CheckoutController->updateAmountCart(Object(Illuminate\\Http\\Request))
#2 C:\\xampp\\htdocs\\grupocorein\\core\\vendor\\laravel\\framework\\src\\Illuminate\\Routing\\ControllerDispatcher.php(45): Illuminate\\Routing\\Controller->callAction('updateAmountCar...', Array)
#3 C:\\xampp\\htdocs\\grupocorein\\core\\vendor\\laravel\\framework\\src\\Illuminate\\Routing\\Route.php(239): Illuminate\\Routing\\ControllerDispatcher->dispatch(Object(Illuminate\\Routing\\Route), Object(App\\Http\\Controllers\\Front\\CheckoutController), 'updateAmountCar...')
#4 C:\\xampp\\htdocs\\grupocorein\\core\\vendor\\laravel\\framework\\src\\Illuminate\\Routing\\Route.php(196): Illuminate\\Routing\\Route->runController()
#5 C:\\xampp\\htdocs\\grupocorein\\core\\vendor\\laravel\\framework\\src\\Illuminate\\Routing\\Router.php(685): Illuminate\\Routing\\Route->run()
#6 C:\\xampp\\htdocs\\grupocorein\\core\\vendor\\laravel\\framework\\src\\Illuminate\\Pipeline\\Pipeline.php(128): Illuminate\\Routing\\Router->Illuminate\\Routing\\{closure}(Object(Illuminate\\Http\\Request))
#7 C:\\xampp\\htdocs\\grupocorein\\core\\app\\Http\\Middleware\\Localization.php(30): Illuminate\\Pipeline\\Pipeline->Illuminate\\Pipeline\\{closure}(Object(Illuminate\\Http\\Request))
#8 C:\\xampp\\htdocs\\grupocorein\\core\\vendor\\laravel\\framework\\src\\Illuminate\\Pipeline\\Pipeline.php(167): App\\Http\\Middleware\\Localization->handle(Object(Illuminate\\Http\\Request), Object(Closure))
#9 C:\\xampp\\htdocs\\grupocorein\\core\\app\\Http\\Middleware\\Maintainance.php(13): Illuminate\\Pipeline\\Pipeline->Illuminate\\Pipeline\\{closure}(Object(Illuminate\\Http\\Request))
#10 C:\\xampp\\htdocs\\grupocorein\\core\\vendor\\laravel\\framework\\src\\Illuminate\\Pipeline\\Pipeline.php(167): App\\Http\\Middleware\\Maintainance->handle(Object(Illuminate\\Http\\Request), Object(Closure))
#11 C:\\xampp\\htdocs\\grupocorein\\core\\vendor\\laravel\\framework\\src\\Illuminate\\Routing\\Middleware\\SubstituteBindings.php(41): Illuminate\\Pipeline\\Pipeline->Illuminate\\Pipeline\\{closure}(Object(Illuminate\\Http\\Request))
#12 C:\\xampp\\htdocs\\grupocorein\\core\\vendor\\laravel\\framework\\src\\Illuminate\\Pipeline\\Pipeline.php(167): Illuminate\\Routing\\Middleware\\SubstituteBindings->handle(Object(Illuminate\\Http\\Request), Object(Closure))
#13 C:\\xampp\\htdocs\\grupocorein\\core\\vendor\\laravel\\framework\\src\\Illuminate\\Auth\\Middleware\\Authenticate.php(44): Illuminate\\Pipeline\\Pipeline->Illuminate\\Pipeline\\{closure}(Object(Illuminate\\Http\\Request))
#14 C:\\xampp\\htdocs\\grupocorein\\core\\vendor\\laravel\\framework\\src\\Illuminate\\Pipeline\\Pipeline.php(167): Illuminate\\Auth\\Middleware\\Authenticate->handle(Object(Illuminate\\Http\\Request), Object(Closure))
#15 C:\\xampp\\htdocs\\grupocorein\\core\\vendor\\laravel\\framework\\src\\Illuminate\\Foundation\\Http\\Middleware\\VerifyCsrfToken.php(78): Illuminate\\Pipeline\\Pipeline->Illuminate\\Pipeline\\{closure}(Object(Illuminate\\Http\\Request))
#16 C:\\xampp\\htdocs\\grupocorein\\core\\vendor\\laravel\\framework\\src\\Illuminate\\Pipeline\\Pipeline.php(167): Illuminate\\Foundation\\Http\\Middleware\\VerifyCsrfToken->handle(Object(Illuminate\\Http\\Request), Object(Closure))
#17 C:\\xampp\\htdocs\\grupocorein\\core\\vendor\\laravel\\framework\\src\\Illuminate\\View\\Middleware\\ShareErrorsFromSession.php(49): Illuminate\\Pipeline\\Pipeline->Illuminate\\Pipeline\\{closure}(Object(Illuminate\\Http\\Request))
#18 C:\\xampp\\htdocs\\grupocorein\\core\\vendor\\laravel\\framework\\src\\Illuminate\\Pipeline\\Pipeline.php(167): Illuminate\\View\\Middleware\\ShareErrorsFromSession->handle(Object(Illuminate\\Http\\Request), Object(Closure))
#19 C:\\xampp\\htdocs\\grupocorein\\core\\vendor\\laravel\\framework\\src\\Illuminate\\Session\\Middleware\\StartSession.php(116): Illuminate\\Pipeline\\Pipeline->Illuminate\\Pipeline\\{closure}(Object(Illuminate\\Http\\Request))
#20 C:\\xampp\\htdocs\\grupocorein\\core\\vendor\\laravel\\framework\\src\\Illuminate\\Session\\Middleware\\StartSession.php(62): Illuminate\\Session\\Middleware\\StartSession->handleStatefulRequest(Object(Illuminate\\Http\\Request), Object(Illuminate\\Session\\Store), Object(Closure))
#21 C:\\xampp\\htdocs\\grupocorein\\core\\vendor\\laravel\\framework\\src\\Illuminate\\Pipeline\\Pipeline.php(167): Illuminate\\Session\\Middleware\\StartSession->handle(Object(Illuminate\\Http\\Request), Object(Closure))
#22 C:\\xampp\\htdocs\\grupocorein\\core\\vendor\\laravel\\framework\\src\\Illuminate\\Cookie\\Middleware\\AddQueuedCookiesToResponse.php(37): Illuminate\\Pipeline\\Pipeline->Illuminate\\Pipeline\\{closure}(Object(Illuminate\\Http\\Request))
#23 C:\\xampp\\htdocs\\grupocorein\\core\\vendor\\laravel\\framework\\src\\Illuminate\\Pipeline\\Pipeline.php(167): Illuminate\\Cookie\\Middleware\\AddQueuedCookiesToResponse->handle(Object(Illuminate\\Http\\Request), Object(Closure))
#24 C:\\xampp\\htdocs\\grupocorein\\core\\vendor\\laravel\\framework\\src\\Illuminate\\Cookie\\Middleware\\EncryptCookies.php(67): Illuminate\\Pipeline\\Pipeline->Illuminate\\Pipeline\\{closure}(Object(Illuminate\\Http\\Request))
#25 C:\\xampp\\htdocs\\grupocorein\\core\\vendor\\laravel\\framework\\src\\Illuminate\\Pipeline\\Pipeline.php(167): Illuminate\\Cookie\\Middleware\\EncryptCookies->handle(Object(Illuminate\\Http\\Request), Object(Closure))
#26 C:\\xampp\\htdocs\\grupocorein\\core\\vendor\\laravel\\framework\\src\\Illuminate\\Pipeline\\Pipeline.php(103): Illuminate\\Pipeline\\Pipeline->Illuminate\\Pipeline\\{closure}(Object(Illuminate\\Http\\Request))
#27 C:\\xampp\\htdocs\\grupocorein\\core\\vendor\\laravel\\framework\\src\\Illuminate\\Routing\\Router.php(687): Illuminate\\Pipeline\\Pipeline->then(Object(Closure))
#28 C:\\xampp\\htdocs\\grupocorein\\core\\vendor\\laravel\\framework\\src\\Illuminate\\Routing\\Router.php(662): Illuminate\\Routing\\Router->runRouteWithinStack(Object(Illuminate\\Routing\\Route), Object(Illuminate\\Http\\Request))
#29 C:\\xampp\\htdocs\\grupocorein\\core\\vendor\\laravel\\framework\\src\\Illuminate\\Routing\\Router.php(628): Illuminate\\Routing\\Router->runRoute(Object(Illuminate\\Http\\Request), Object(Illuminate\\Routing\\Route))
#30 C:\\xampp\\htdocs\\grupocorein\\core\\vendor\\laravel\\framework\\src\\Illuminate\\Routing\\Router.php(617): Illuminate\\Routing\\Router->dispatchToRoute(Object(Illuminate\\Http\\Request))
#31 C:\\xampp\\htdocs\\grupocorein\\core\\vendor\\laravel\\framework\\src\\Illuminate\\Foundation\\Http\\Kernel.php(165): Illuminate\\Routing\\Router->dispatch(Object(Illuminate\\Http\\Request))
#32 C:\\xampp\\htdocs\\grupocorein\\core\\vendor\\laravel\\framework\\src\\Illuminate\\Pipeline\\Pipeline.php(128): Illuminate\\Foundation\\Http\\Kernel->Illuminate\\Foundation\\Http\\{closure}(Object(Illuminate\\Http\\Request))
#33 C:\\xampp\\htdocs\\grupocorein\\core\\vendor\\barryvdh\\laravel-debugbar\\src\\Middleware\\InjectDebugbar.php(66): Illuminate\\Pipeline\\Pipeline->Illuminate\\Pipeline\\{closure}(Object(Illuminate\\Http\\Request))
#34 C:\\xampp\\htdocs\\grupocorein\\core\\vendor\\laravel\\framework\\src\\Illuminate\\Pipeline\\Pipeline.php(167): Barryvdh\\Debugbar\\Middleware\\InjectDebugbar->handle(Object(Illuminate\\Http\\Request), Object(Closure))
#35 C:\\xampp\\htdocs\\grupocorein\\core\\vendor\\fideloper\\proxy\\src\\TrustProxies.php(57): Illuminate\\Pipeline\\Pipeline->Illuminate\\Pipeline\\{closure}(Object(Illuminate\\Http\\Request))
#36 C:\\xampp\\htdocs\\grupocorein\\core\\vendor\\laravel\\framework\\src\\Illuminate\\Pipeline\\Pipeline.php(167): Fideloper\\Proxy\\TrustProxies->handle(Object(Illuminate\\Http\\Request), Object(Closure))
#37 C:\\xampp\\htdocs\\grupocorein\\core\\vendor\\laravel\\framework\\src\\Illuminate\\Foundation\\Http\\Middleware\\TransformsRequest.php(21): Illuminate\\Pipeline\\Pipeline->Illuminate\\Pipeline\\{closure}(Object(Illuminate\\Http\\Request))
#38 C:\\xampp\\htdocs\\grupocorein\\core\\vendor\\laravel\\framework\\src\\Illuminate\\Pipeline\\Pipeline.php(167): Illuminate\\Foundation\\Http\\Middleware\\TransformsRequest->handle(Object(Illuminate\\Http\\Request), Object(Closure))
#39 C:\\xampp\\htdocs\\grupocorein\\core\\vendor\\laravel\\framework\\src\\Illuminate\\Foundation\\Http\\Middleware\\TransformsRequest.php(21): Illuminate\\Pipeline\\Pipeline->Illuminate\\Pipeline\\{closure}(Object(Illuminate\\Http\\Request))
#40 C:\\xampp\\htdocs\\grupocorein\\core\\vendor\\laravel\\framework\\src\\Illuminate\\Pipeline\\Pipeline.php(167): Illuminate\\Foundation\\Http\\Middleware\\TransformsRequest->handle(Object(Illuminate\\Http\\Request), Object(Closure))
#41 C:\\xampp\\htdocs\\grupocorein\\core\\vendor\\laravel\\framework\\src\\Illuminate\\Foundation\\Http\\Middleware\\ValidatePostSize.php(27): Illuminate\\Pipeline\\Pipeline->Illuminate\\Pipeline\\{closure}(Object(Illuminate\\Http\\Request))
#42 C:\\xampp\\htdocs\\grupocorein\\core\\vendor\\laravel\\framework\\src\\Illuminate\\Pipeline\\Pipeline.php(167): Illuminate\\Foundation\\Http\\Middleware\\ValidatePostSize->handle(Object(Illuminate\\Http\\Request), Object(Closure))
#43 C:\\xampp\\htdocs\\grupocorein\\core\\vendor\\laravel\\framework\\src\\Illuminate\\Foundation\\Http\\Middleware\\CheckForMaintenanceMode.php(63): Illuminate\\Pipeline\\Pipeline->Illuminate\\Pipeline\\{closure}(Object(Illuminate\\Http\\Request))
#44 C:\\xampp\\htdocs\\grupocorein\\core\\vendor\\laravel\\framework\\src\\Illuminate\\Pipeline\\Pipeline.php(167): Illuminate\\Foundation\\Http\\Middleware\\CheckForMaintenanceMode->handle(Object(Illuminate\\Http\\Request), Object(Closure))
#45 C:\\xampp\\htdocs\\grupocorein\\core\\vendor\\laravel\\framework\\src\\Illuminate\\Pipeline\\Pipeline.php(103): Illuminate\\Pipeline\\Pipeline->Illuminate\\Pipeline\\{closure}(Object(Illuminate\\Http\\Request))
#46 C:\\xampp\\htdocs\\grupocorein\\core\\vendor\\laravel\\framework\\src\\Illuminate\\Foundation\\Http\\Kernel.php(140): Illuminate\\Pipeline\\Pipeline->then(Object(Closure))
#47 C:\\xampp\\htdocs\\grupocorein\\core\\vendor\\laravel\\framework\\src\\Illuminate\\Foundation\\Http\\Kernel.php(109): Illuminate\\Foundation\\Http\\Kernel->sendRequestThroughRouter(Object(Illuminate\\Http\\Request))
#48 C:\\xampp\\htdocs\\grupocorein\\index.php(55): Illuminate\\Foundation\\Http\\Kernel->handle(Object(Illuminate\\Http\\Request))
#49 {main}
"} 
[2024-04-22 11:20:11] local.ERROR: Class name must be a valid object or a string {"userId":1,"exception":"[object] (Error(code: 0): Class name must be a valid object or a string at C:\\xampp\\htdocs\\grupocorein\\core\\app\\Http\\Controllers\\Front\\CheckoutController.php:401)
[stacktrace]
#0 C:\\xampp\\htdocs\\grupocorein\\core\\vendor\\laravel\\framework\\src\\Illuminate\\Routing\\Controller.php(54): App\\Http\\Controllers\\Front\\CheckoutController->updateAmountCart(Object(Illuminate\\Http\\Request))
#1 C:\\xampp\\htdocs\\grupocorein\\core\\vendor\\laravel\\framework\\src\\Illuminate\\Routing\\ControllerDispatcher.php(45): Illuminate\\Routing\\Controller->callAction('updateAmountCar...', Array)
#2 C:\\xampp\\htdocs\\grupocorein\\core\\vendor\\laravel\\framework\\src\\Illuminate\\Routing\\Route.php(239): Illuminate\\Routing\\ControllerDispatcher->dispatch(Object(Illuminate\\Routing\\Route), Object(App\\Http\\Controllers\\Front\\CheckoutController), 'updateAmountCar...')
#3 C:\\xampp\\htdocs\\grupocorein\\core\\vendor\\laravel\\framework\\src\\Illuminate\\Routing\\Route.php(196): Illuminate\\Routing\\Route->runController()
#4 C:\\xampp\\htdocs\\grupocorein\\core\\vendor\\laravel\\framework\\src\\Illuminate\\Routing\\Router.php(685): Illuminate\\Routing\\Route->run()
#5 C:\\xampp\\htdocs\\grupocorein\\core\\vendor\\laravel\\framework\\src\\Illuminate\\Pipeline\\Pipeline.php(128): Illuminate\\Routing\\Router->Illuminate\\Routing\\{closure}(Object(Illuminate\\Http\\Request))
#6 C:\\xampp\\htdocs\\grupocorein\\core\\app\\Http\\Middleware\\Localization.php(30): Illuminate\\Pipeline\\Pipeline->Illuminate\\Pipeline\\{closure}(Object(Illuminate\\Http\\Request))
#7 C:\\xampp\\htdocs\\grupocorein\\core\\vendor\\laravel\\framework\\src\\Illuminate\\Pipeline\\Pipeline.php(167): App\\Http\\Middleware\\Localization->handle(Object(Illuminate\\Http\\Request), Object(Closure))
#8 C:\\xampp\\htdocs\\grupocorein\\core\\app\\Http\\Middleware\\Maintainance.php(13): Illuminate\\Pipeline\\Pipeline->Illuminate\\Pipeline\\{closure}(Object(Illuminate\\Http\\Request))
#9 C:\\xampp\\htdocs\\grupocorein\\core\\vendor\\laravel\\framework\\src\\Illuminate\\Pipeline\\Pipeline.php(167): App\\Http\\Middleware\\Maintainance->handle(Object(Illuminate\\Http\\Request), Object(Closure))
#10 C:\\xampp\\htdocs\\grupocorein\\core\\vendor\\laravel\\framework\\src\\Illuminate\\Routing\\Middleware\\SubstituteBindings.php(41): Illuminate\\Pipeline\\Pipeline->Illuminate\\Pipeline\\{closure}(Object(Illuminate\\Http\\Request))
#11 C:\\xampp\\htdocs\\grupocorein\\core\\vendor\\laravel\\framework\\src\\Illuminate\\Pipeline\\Pipeline.php(167): Illuminate\\Routing\\Middleware\\SubstituteBindings->handle(Object(Illuminate\\Http\\Request), Object(Closure))
#12 C:\\xampp\\htdocs\\grupocorein\\core\\vendor\\laravel\\framework\\src\\Illuminate\\Auth\\Middleware\\Authenticate.php(44): Illuminate\\Pipeline\\Pipeline->Illuminate\\Pipeline\\{closure}(Object(Illuminate\\Http\\Request))
#13 C:\\xampp\\htdocs\\grupocorein\\core\\vendor\\laravel\\framework\\src\\Illuminate\\Pipeline\\Pipeline.php(167): Illuminate\\Auth\\Middleware\\Authenticate->handle(Object(Illuminate\\Http\\Request), Object(Closure))
#14 C:\\xampp\\htdocs\\grupocorein\\core\\vendor\\laravel\\framework\\src\\Illuminate\\Foundation\\Http\\Middleware\\VerifyCsrfToken.php(78): Illuminate\\Pipeline\\Pipeline->Illuminate\\Pipeline\\{closure}(Object(Illuminate\\Http\\Request))
#15 C:\\xampp\\htdocs\\grupocorein\\core\\vendor\\laravel\\framework\\src\\Illuminate\\Pipeline\\Pipeline.php(167): Illuminate\\Foundation\\Http\\Middleware\\VerifyCsrfToken->handle(Object(Illuminate\\Http\\Request), Object(Closure))
#16 C:\\xampp\\htdocs\\grupocorein\\core\\vendor\\laravel\\framework\\src\\Illuminate\\View\\Middleware\\ShareErrorsFromSession.php(49): Illuminate\\Pipeline\\Pipeline->Illuminate\\Pipeline\\{closure}(Object(Illuminate\\Http\\Request))
#17 C:\\xampp\\htdocs\\grupocorein\\core\\vendor\\laravel\\framework\\src\\Illuminate\\Pipeline\\Pipeline.php(167): Illuminate\\View\\Middleware\\ShareErrorsFromSession->handle(Object(Illuminate\\Http\\Request), Object(Closure))
#18 C:\\xampp\\htdocs\\grupocorein\\core\\vendor\\laravel\\framework\\src\\Illuminate\\Session\\Middleware\\StartSession.php(116): Illuminate\\Pipeline\\Pipeline->Illuminate\\Pipeline\\{closure}(Object(Illuminate\\Http\\Request))
#19 C:\\xampp\\htdocs\\grupocorein\\core\\vendor\\laravel\\framework\\src\\Illuminate\\Session\\Middleware\\StartSession.php(62): Illuminate\\Session\\Middleware\\StartSession->handleStatefulRequest(Object(Illuminate\\Http\\Request), Object(Illuminate\\Session\\Store), Object(Closure))
#20 C:\\xampp\\htdocs\\grupocorein\\core\\vendor\\laravel\\framework\\src\\Illuminate\\Pipeline\\Pipeline.php(167): Illuminate\\Session\\Middleware\\StartSession->handle(Object(Illuminate\\Http\\Request), Object(Closure))
#21 C:\\xampp\\htdocs\\grupocorein\\core\\vendor\\laravel\\framework\\src\\Illuminate\\Cookie\\Middleware\\AddQueuedCookiesToResponse.php(37): Illuminate\\Pipeline\\Pipeline->Illuminate\\Pipeline\\{closure}(Object(Illuminate\\Http\\Request))
#22 C:\\xampp\\htdocs\\grupocorein\\core\\vendor\\laravel\\framework\\src\\Illuminate\\Pipeline\\Pipeline.php(167): Illuminate\\Cookie\\Middleware\\AddQueuedCookiesToResponse->handle(Object(Illuminate\\Http\\Request), Object(Closure))
#23 C:\\xampp\\htdocs\\grupocorein\\core\\vendor\\laravel\\framework\\src\\Illuminate\\Cookie\\Middleware\\EncryptCookies.php(67): Illuminate\\Pipeline\\Pipeline->Illuminate\\Pipeline\\{closure}(Object(Illuminate\\Http\\Request))
#24 C:\\xampp\\htdocs\\grupocorein\\core\\vendor\\laravel\\framework\\src\\Illuminate\\Pipeline\\Pipeline.php(167): Illuminate\\Cookie\\Middleware\\EncryptCookies->handle(Object(Illuminate\\Http\\Request), Object(Closure))
#25 C:\\xampp\\htdocs\\grupocorein\\core\\vendor\\laravel\\framework\\src\\Illuminate\\Pipeline\\Pipeline.php(103): Illuminate\\Pipeline\\Pipeline->Illuminate\\Pipeline\\{closure}(Object(Illuminate\\Http\\Request))
#26 C:\\xampp\\htdocs\\grupocorein\\core\\vendor\\laravel\\framework\\src\\Illuminate\\Routing\\Router.php(687): Illuminate\\Pipeline\\Pipeline->then(Object(Closure))
#27 C:\\xampp\\htdocs\\grupocorein\\core\\vendor\\laravel\\framework\\src\\Illuminate\\Routing\\Router.php(662): Illuminate\\Routing\\Router->runRouteWithinStack(Object(Illuminate\\Routing\\Route), Object(Illuminate\\Http\\Request))
#28 C:\\xampp\\htdocs\\grupocorein\\core\\vendor\\laravel\\framework\\src\\Illuminate\\Routing\\Router.php(628): Illuminate\\Routing\\Router->runRoute(Object(Illuminate\\Http\\Request), Object(Illuminate\\Routing\\Route))
#29 C:\\xampp\\htdocs\\grupocorein\\core\\vendor\\laravel\\framework\\src\\Illuminate\\Routing\\Router.php(617): Illuminate\\Routing\\Router->dispatchToRoute(Object(Illuminate\\Http\\Request))
#30 C:\\xampp\\htdocs\\grupocorein\\core\\vendor\\laravel\\framework\\src\\Illuminate\\Foundation\\Http\\Kernel.php(165): Illuminate\\Routing\\Router->dispatch(Object(Illuminate\\Http\\Request))
#31 C:\\xampp\\htdocs\\grupocorein\\core\\vendor\\laravel\\framework\\src\\Illuminate\\Pipeline\\Pipeline.php(128): Illuminate\\Foundation\\Http\\Kernel->Illuminate\\Foundation\\Http\\{closure}(Object(Illuminate\\Http\\Request))
#32 C:\\xampp\\htdocs\\grupocorein\\core\\vendor\\barryvdh\\laravel-debugbar\\src\\Middleware\\InjectDebugbar.php(66): Illuminate\\Pipeline\\Pipeline->Illuminate\\Pipeline\\{closure}(Object(Illuminate\\Http\\Request))
#33 C:\\xampp\\htdocs\\grupocorein\\core\\vendor\\laravel\\framework\\src\\Illuminate\\Pipeline\\Pipeline.php(167): Barryvdh\\Debugbar\\Middleware\\InjectDebugbar->handle(Object(Illuminate\\Http\\Request), Object(Closure))
#34 C:\\xampp\\htdocs\\grupocorein\\core\\vendor\\fideloper\\proxy\\src\\TrustProxies.php(57): Illuminate\\Pipeline\\Pipeline->Illuminate\\Pipeline\\{closure}(Object(Illuminate\\Http\\Request))
#35 C:\\xampp\\htdocs\\grupocorein\\core\\vendor\\laravel\\framework\\src\\Illuminate\\Pipeline\\Pipeline.php(167): Fideloper\\Proxy\\TrustProxies->handle(Object(Illuminate\\Http\\Request), Object(Closure))
#36 C:\\xampp\\htdocs\\grupocorein\\core\\vendor\\laravel\\framework\\src\\Illuminate\\Foundation\\Http\\Middleware\\TransformsRequest.php(21): Illuminate\\Pipeline\\Pipeline->Illuminate\\Pipeline\\{closure}(Object(Illuminate\\Http\\Request))
#37 C:\\xampp\\htdocs\\grupocorein\\core\\vendor\\laravel\\framework\\src\\Illuminate\\Pipeline\\Pipeline.php(167): Illuminate\\Foundation\\Http\\Middleware\\TransformsRequest->handle(Object(Illuminate\\Http\\Request), Object(Closure))
#38 C:\\xampp\\htdocs\\grupocorein\\core\\vendor\\laravel\\framework\\src\\Illuminate\\Foundation\\Http\\Middleware\\TransformsRequest.php(21): Illuminate\\Pipeline\\Pipeline->Illuminate\\Pipeline\\{closure}(Object(Illuminate\\Http\\Request))
#39 C:\\xampp\\htdocs\\grupocorein\\core\\vendor\\laravel\\framework\\src\\Illuminate\\Pipeline\\Pipeline.php(167): Illuminate\\Foundation\\Http\\Middleware\\TransformsRequest->handle(Object(Illuminate\\Http\\Request), Object(Closure))
#40 C:\\xampp\\htdocs\\grupocorein\\core\\vendor\\laravel\\framework\\src\\Illuminate\\Foundation\\Http\\Middleware\\ValidatePostSize.php(27): Illuminate\\Pipeline\\Pipeline->Illuminate\\Pipeline\\{closure}(Object(Illuminate\\Http\\Request))
#41 C:\\xampp\\htdocs\\grupocorein\\core\\vendor\\laravel\\framework\\src\\Illuminate\\Pipeline\\Pipeline.php(167): Illuminate\\Foundation\\Http\\Middleware\\ValidatePostSize->handle(Object(Illuminate\\Http\\Request), Object(Closure))
#42 C:\\xampp\\htdocs\\grupocorein\\core\\vendor\\laravel\\framework\\src\\Illuminate\\Foundation\\Http\\Middleware\\CheckForMaintenanceMode.php(63): Illuminate\\Pipeline\\Pipeline->Illuminate\\Pipeline\\{closure}(Object(Illuminate\\Http\\Request))
#43 C:\\xampp\\htdocs\\grupocorein\\core\\vendor\\laravel\\framework\\src\\Illuminate\\Pipeline\\Pipeline.php(167): Illuminate\\Foundation\\Http\\Middleware\\CheckForMaintenanceMode->handle(Object(Illuminate\\Http\\Request), Object(Closure))
#44 C:\\xampp\\htdocs\\grupocorein\\core\\vendor\\laravel\\framework\\src\\Illuminate\\Pipeline\\Pipeline.php(103): Illuminate\\Pipeline\\Pipeline->Illuminate\\Pipeline\\{closure}(Object(Illuminate\\Http\\Request))
#45 C:\\xampp\\htdocs\\grupocorein\\core\\vendor\\laravel\\framework\\src\\Illuminate\\Foundation\\Http\\Kernel.php(140): Illuminate\\Pipeline\\Pipeline->then(Object(Closure))
#46 C:\\xampp\\htdocs\\grupocorein\\core\\vendor\\laravel\\framework\\src\\Illuminate\\Foundation\\Http\\Kernel.php(109): Illuminate\\Foundation\\Http\\Kernel->sendRequestThroughRouter(Object(Illuminate\\Http\\Request))
#47 C:\\xampp\\htdocs\\grupocorein\\index.php(55): Illuminate\\Foundation\\Http\\Kernel->handle(Object(Illuminate\\Http\\Request))
#48 {main}
"} 
[2024-04-22 11:20:24] local.ERROR: Trying to get property 'tax' of non-object {"userId":1,"exception":"[object] (ErrorException(code: 0): Trying to get property 'tax' of non-object at C:\\xampp\\htdocs\\grupocorein\\core\\app\\Models\\Item.php:104)
[stacktrace]
#0 C:\\xampp\\htdocs\\grupocorein\\core\\app\\Models\\Item.php(104): Illuminate\\Foundation\\Bootstrap\\HandleExceptions->handleError(8, 'Trying to get p...', 'C:\\\\xampp\\\\htdocs...', 104, Array)
#1 C:\\xampp\\htdocs\\grupocorein\\core\\app\\Http\\Controllers\\Front\\CheckoutController.php(401): App\\Models\\Item::taxCalculate(Array)
#2 C:\\xampp\\htdocs\\grupocorein\\core\\vendor\\laravel\\framework\\src\\Illuminate\\Routing\\Controller.php(54): App\\Http\\Controllers\\Front\\CheckoutController->updateAmountCart(Object(Illuminate\\Http\\Request))
#3 C:\\xampp\\htdocs\\grupocorein\\core\\vendor\\laravel\\framework\\src\\Illuminate\\Routing\\ControllerDispatcher.php(45): Illuminate\\Routing\\Controller->callAction('updateAmountCar...', Array)
#4 C:\\xampp\\htdocs\\grupocorein\\core\\vendor\\laravel\\framework\\src\\Illuminate\\Routing\\Route.php(239): Illuminate\\Routing\\ControllerDispatcher->dispatch(Object(Illuminate\\Routing\\Route), Object(App\\Http\\Controllers\\Front\\CheckoutController), 'updateAmountCar...')
#5 C:\\xampp\\htdocs\\grupocorein\\core\\vendor\\laravel\\framework\\src\\Illuminate\\Routing\\Route.php(196): Illuminate\\Routing\\Route->runController()
#6 C:\\xampp\\htdocs\\grupocorein\\core\\vendor\\laravel\\framework\\src\\Illuminate\\Routing\\Router.php(685): Illuminate\\Routing\\Route->run()
#7 C:\\xampp\\htdocs\\grupocorein\\core\\vendor\\laravel\\framework\\src\\Illuminate\\Pipeline\\Pipeline.php(128): Illuminate\\Routing\\Router->Illuminate\\Routing\\{closure}(Object(Illuminate\\Http\\Request))
#8 C:\\xampp\\htdocs\\grupocorein\\core\\app\\Http\\Middleware\\Localization.php(30): Illuminate\\Pipeline\\Pipeline->Illuminate\\Pipeline\\{closure}(Object(Illuminate\\Http\\Request))
#9 C:\\xampp\\htdocs\\grupocorein\\core\\vendor\\laravel\\framework\\src\\Illuminate\\Pipeline\\Pipeline.php(167): App\\Http\\Middleware\\Localization->handle(Object(Illuminate\\Http\\Request), Object(Closure))
#10 C:\\xampp\\htdocs\\grupocorein\\core\\app\\Http\\Middleware\\Maintainance.php(13): Illuminate\\Pipeline\\Pipeline->Illuminate\\Pipeline\\{closure}(Object(Illuminate\\Http\\Request))
#11 C:\\xampp\\htdocs\\grupocorein\\core\\vendor\\laravel\\framework\\src\\Illuminate\\Pipeline\\Pipeline.php(167): App\\Http\\Middleware\\Maintainance->handle(Object(Illuminate\\Http\\Request), Object(Closure))
#12 C:\\xampp\\htdocs\\grupocorein\\core\\vendor\\laravel\\framework\\src\\Illuminate\\Routing\\Middleware\\SubstituteBindings.php(41): Illuminate\\Pipeline\\Pipeline->Illuminate\\Pipeline\\{closure}(Object(Illuminate\\Http\\Request))
#13 C:\\xampp\\htdocs\\grupocorein\\core\\vendor\\laravel\\framework\\src\\Illuminate\\Pipeline\\Pipeline.php(167): Illuminate\\Routing\\Middleware\\SubstituteBindings->handle(Object(Illuminate\\Http\\Request), Object(Closure))
#14 C:\\xampp\\htdocs\\grupocorein\\core\\vendor\\laravel\\framework\\src\\Illuminate\\Auth\\Middleware\\Authenticate.php(44): Illuminate\\Pipeline\\Pipeline->Illuminate\\Pipeline\\{closure}(Object(Illuminate\\Http\\Request))
#15 C:\\xampp\\htdocs\\grupocorein\\core\\vendor\\laravel\\framework\\src\\Illuminate\\Pipeline\\Pipeline.php(167): Illuminate\\Auth\\Middleware\\Authenticate->handle(Object(Illuminate\\Http\\Request), Object(Closure))
#16 C:\\xampp\\htdocs\\grupocorein\\core\\vendor\\laravel\\framework\\src\\Illuminate\\Foundation\\Http\\Middleware\\VerifyCsrfToken.php(78): Illuminate\\Pipeline\\Pipeline->Illuminate\\Pipeline\\{closure}(Object(Illuminate\\Http\\Request))
#17 C:\\xampp\\htdocs\\grupocorein\\core\\vendor\\laravel\\framework\\src\\Illuminate\\Pipeline\\Pipeline.php(167): Illuminate\\Foundation\\Http\\Middleware\\VerifyCsrfToken->handle(Object(Illuminate\\Http\\Request), Object(Closure))
#18 C:\\xampp\\htdocs\\grupocorein\\core\\vendor\\laravel\\framework\\src\\Illuminate\\View\\Middleware\\ShareErrorsFromSession.php(49): Illuminate\\Pipeline\\Pipeline->Illuminate\\Pipeline\\{closure}(Object(Illuminate\\Http\\Request))
#19 C:\\xampp\\htdocs\\grupocorein\\core\\vendor\\laravel\\framework\\src\\Illuminate\\Pipeline\\Pipeline.php(167): Illuminate\\View\\Middleware\\ShareErrorsFromSession->handle(Object(Illuminate\\Http\\Request), Object(Closure))
#20 C:\\xampp\\htdocs\\grupocorein\\core\\vendor\\laravel\\framework\\src\\Illuminate\\Session\\Middleware\\StartSession.php(116): Illuminate\\Pipeline\\Pipeline->Illuminate\\Pipeline\\{closure}(Object(Illuminate\\Http\\Request))
#21 C:\\xampp\\htdocs\\grupocorein\\core\\vendor\\laravel\\framework\\src\\Illuminate\\Session\\Middleware\\StartSession.php(62): Illuminate\\Session\\Middleware\\StartSession->handleStatefulRequest(Object(Illuminate\\Http\\Request), Object(Illuminate\\Session\\Store), Object(Closure))
#22 C:\\xampp\\htdocs\\grupocorein\\core\\vendor\\laravel\\framework\\src\\Illuminate\\Pipeline\\Pipeline.php(167): Illuminate\\Session\\Middleware\\StartSession->handle(Object(Illuminate\\Http\\Request), Object(Closure))
#23 C:\\xampp\\htdocs\\grupocorein\\core\\vendor\\laravel\\framework\\src\\Illuminate\\Cookie\\Middleware\\AddQueuedCookiesToResponse.php(37): Illuminate\\Pipeline\\Pipeline->Illuminate\\Pipeline\\{closure}(Object(Illuminate\\Http\\Request))
#24 C:\\xampp\\htdocs\\grupocorein\\core\\vendor\\laravel\\framework\\src\\Illuminate\\Pipeline\\Pipeline.php(167): Illuminate\\Cookie\\Middleware\\AddQueuedCookiesToResponse->handle(Object(Illuminate\\Http\\Request), Object(Closure))
#25 C:\\xampp\\htdocs\\grupocorein\\core\\vendor\\laravel\\framework\\src\\Illuminate\\Cookie\\Middleware\\EncryptCookies.php(67): Illuminate\\Pipeline\\Pipeline->Illuminate\\Pipeline\\{closure}(Object(Illuminate\\Http\\Request))
#26 C:\\xampp\\htdocs\\grupocorein\\core\\vendor\\laravel\\framework\\src\\Illuminate\\Pipeline\\Pipeline.php(167): Illuminate\\Cookie\\Middleware\\EncryptCookies->handle(Object(Illuminate\\Http\\Request), Object(Closure))
#27 C:\\xampp\\htdocs\\grupocorein\\core\\vendor\\laravel\\framework\\src\\Illuminate\\Pipeline\\Pipeline.php(103): Illuminate\\Pipeline\\Pipeline->Illuminate\\Pipeline\\{closure}(Object(Illuminate\\Http\\Request))
#28 C:\\xampp\\htdocs\\grupocorein\\core\\vendor\\laravel\\framework\\src\\Illuminate\\Routing\\Router.php(687): Illuminate\\Pipeline\\Pipeline->then(Object(Closure))
#29 C:\\xampp\\htdocs\\grupocorein\\core\\vendor\\laravel\\framework\\src\\Illuminate\\Routing\\Router.php(662): Illuminate\\Routing\\Router->runRouteWithinStack(Object(Illuminate\\Routing\\Route), Object(Illuminate\\Http\\Request))
#30 C:\\xampp\\htdocs\\grupocorein\\core\\vendor\\laravel\\framework\\src\\Illuminate\\Routing\\Router.php(628): Illuminate\\Routing\\Router->runRoute(Object(Illuminate\\Http\\Request), Object(Illuminate\\Routing\\Route))
#31 C:\\xampp\\htdocs\\grupocorein\\core\\vendor\\laravel\\framework\\src\\Illuminate\\Routing\\Router.php(617): Illuminate\\Routing\\Router->dispatchToRoute(Object(Illuminate\\Http\\Request))
#32 C:\\xampp\\htdocs\\grupocorein\\core\\vendor\\laravel\\framework\\src\\Illuminate\\Foundation\\Http\\Kernel.php(165): Illuminate\\Routing\\Router->dispatch(Object(Illuminate\\Http\\Request))
#33 C:\\xampp\\htdocs\\grupocorein\\core\\vendor\\laravel\\framework\\src\\Illuminate\\Pipeline\\Pipeline.php(128): Illuminate\\Foundation\\Http\\Kernel->Illuminate\\Foundation\\Http\\{closure}(Object(Illuminate\\Http\\Request))
#34 C:\\xampp\\htdocs\\grupocorein\\core\\vendor\\barryvdh\\laravel-debugbar\\src\\Middleware\\InjectDebugbar.php(66): Illuminate\\Pipeline\\Pipeline->Illuminate\\Pipeline\\{closure}(Object(Illuminate\\Http\\Request))
#35 C:\\xampp\\htdocs\\grupocorein\\core\\vendor\\laravel\\framework\\src\\Illuminate\\Pipeline\\Pipeline.php(167): Barryvdh\\Debugbar\\Middleware\\InjectDebugbar->handle(Object(Illuminate\\Http\\Request), Object(Closure))
#36 C:\\xampp\\htdocs\\grupocorein\\core\\vendor\\fideloper\\proxy\\src\\TrustProxies.php(57): Illuminate\\Pipeline\\Pipeline->Illuminate\\Pipeline\\{closure}(Object(Illuminate\\Http\\Request))
#37 C:\\xampp\\htdocs\\grupocorein\\core\\vendor\\laravel\\framework\\src\\Illuminate\\Pipeline\\Pipeline.php(167): Fideloper\\Proxy\\TrustProxies->handle(Object(Illuminate\\Http\\Request), Object(Closure))
#38 C:\\xampp\\htdocs\\grupocorein\\core\\vendor\\laravel\\framework\\src\\Illuminate\\Foundation\\Http\\Middleware\\TransformsRequest.php(21): Illuminate\\Pipeline\\Pipeline->Illuminate\\Pipeline\\{closure}(Object(Illuminate\\Http\\Request))
#39 C:\\xampp\\htdocs\\grupocorein\\core\\vendor\\laravel\\framework\\src\\Illuminate\\Pipeline\\Pipeline.php(167): Illuminate\\Foundation\\Http\\Middleware\\TransformsRequest->handle(Object(Illuminate\\Http\\Request), Object(Closure))
#40 C:\\xampp\\htdocs\\grupocorein\\core\\vendor\\laravel\\framework\\src\\Illuminate\\Foundation\\Http\\Middleware\\TransformsRequest.php(21): Illuminate\\Pipeline\\Pipeline->Illuminate\\Pipeline\\{closure}(Object(Illuminate\\Http\\Request))
#41 C:\\xampp\\htdocs\\grupocorein\\core\\vendor\\laravel\\framework\\src\\Illuminate\\Pipeline\\Pipeline.php(167): Illuminate\\Foundation\\Http\\Middleware\\TransformsRequest->handle(Object(Illuminate\\Http\\Request), Object(Closure))
#42 C:\\xampp\\htdocs\\grupocorein\\core\\vendor\\laravel\\framework\\src\\Illuminate\\Foundation\\Http\\Middleware\\ValidatePostSize.php(27): Illuminate\\Pipeline\\Pipeline->Illuminate\\Pipeline\\{closure}(Object(Illuminate\\Http\\Request))
#43 C:\\xampp\\htdocs\\grupocorein\\core\\vendor\\laravel\\framework\\src\\Illuminate\\Pipeline\\Pipeline.php(167): Illuminate\\Foundation\\Http\\Middleware\\ValidatePostSize->handle(Object(Illuminate\\Http\\Request), Object(Closure))
#44 C:\\xampp\\htdocs\\grupocorein\\core\\vendor\\laravel\\framework\\src\\Illuminate\\Foundation\\Http\\Middleware\\CheckForMaintenanceMode.php(63): Illuminate\\Pipeline\\Pipeline->Illuminate\\Pipeline\\{closure}(Object(Illuminate\\Http\\Request))
#45 C:\\xampp\\htdocs\\grupocorein\\core\\vendor\\laravel\\framework\\src\\Illuminate\\Pipeline\\Pipeline.php(167): Illuminate\\Foundation\\Http\\Middleware\\CheckForMaintenanceMode->handle(Object(Illuminate\\Http\\Request), Object(Closure))
#46 C:\\xampp\\htdocs\\grupocorein\\core\\vendor\\laravel\\framework\\src\\Illuminate\\Pipeline\\Pipeline.php(103): Illuminate\\Pipeline\\Pipeline->Illuminate\\Pipeline\\{closure}(Object(Illuminate\\Http\\Request))
#47 C:\\xampp\\htdocs\\grupocorein\\core\\vendor\\laravel\\framework\\src\\Illuminate\\Foundation\\Http\\Kernel.php(140): Illuminate\\Pipeline\\Pipeline->then(Object(Closure))
#48 C:\\xampp\\htdocs\\grupocorein\\core\\vendor\\laravel\\framework\\src\\Illuminate\\Foundation\\Http\\Kernel.php(109): Illuminate\\Foundation\\Http\\Kernel->sendRequestThroughRouter(Object(Illuminate\\Http\\Request))
#49 C:\\xampp\\htdocs\\grupocorein\\index.php(55): Illuminate\\Foundation\\Http\\Kernel->handle(Object(Illuminate\\Http\\Request))
#50 {main}
"} 
[2024-04-22 11:47:08] local.ERROR: syntax error, unexpected '}' (View: C:\xampp\htdocs\grupocorein\core\resources\views\includes\checkout_sitebar.blade.php) {"userId":1,"exception":"[object] (Facade\\Ignition\\Exceptions\\ViewException(code: 0): syntax error, unexpected '}' (View: C:\\xampp\\htdocs\\grupocorein\\core\\resources\\views\\includes\\checkout_sitebar.blade.php) at C:\\xampp\\htdocs\\grupocorein\\core\\resources\\views/includes/checkout_sitebar.blade.php:80)
[stacktrace]
#0 C:\\xampp\\htdocs\\grupocorein\\core\\vendor\\laravel\\framework\\src\\Illuminate\\View\\Engines\\CompilerEngine.php(57): Illuminate\\View\\Engines\\PhpEngine->evaluatePath('C:\\\\xampp\\\\htdocs...', Array)
#1 C:\\xampp\\htdocs\\grupocorein\\core\\vendor\\facade\\ignition\\src\\Views\\Engines\\CompilerEngine.php(37): Illuminate\\View\\Engines\\CompilerEngine->get('C:\\\\xampp\\\\htdocs...', Array)
#2 C:\\xampp\\htdocs\\grupocorein\\core\\vendor\\laravel\\framework\\src\\Illuminate\\View\\View.php(139): Facade\\Ignition\\Views\\Engines\\CompilerEngine->get('C:\\\\xampp\\\\htdocs...', Array)
#3 C:\\xampp\\htdocs\\grupocorein\\core\\vendor\\laravel\\framework\\src\\Illuminate\\View\\View.php(122): Illuminate\\View\\View->getContents()
#4 C:\\xampp\\htdocs\\grupocorein\\core\\vendor\\laravel\\framework\\src\\Illuminate\\View\\View.php(91): Illuminate\\View\\View->renderContents()
#5 C:\\xampp\\htdocs\\grupocorein\\core\\resources\\views/front/checkout/billing.blade.php(134): Illuminate\\View\\View->render()
#6 C:\\xampp\\htdocs\\grupocorein\\core\\vendor\\laravel\\framework\\src\\Illuminate\\View\\Engines\\PhpEngine.php(41): include('C:\\\\xampp\\\\htdocs...')
#7 C:\\xampp\\htdocs\\grupocorein\\core\\vendor\\laravel\\framework\\src\\Illuminate\\View\\Engines\\CompilerEngine.php(57): Illuminate\\View\\Engines\\PhpEngine->evaluatePath('C:\\\\xampp\\\\htdocs...', Array)
#8 C:\\xampp\\htdocs\\grupocorein\\core\\vendor\\facade\\ignition\\src\\Views\\Engines\\CompilerEngine.php(37): Illuminate\\View\\Engines\\CompilerEngine->get('C:\\\\xampp\\\\htdocs...', Array)
#9 C:\\xampp\\htdocs\\grupocorein\\core\\vendor\\laravel\\framework\\src\\Illuminate\\View\\View.php(139): Facade\\Ignition\\Views\\Engines\\CompilerEngine->get('C:\\\\xampp\\\\htdocs...', Array)
#10 C:\\xampp\\htdocs\\grupocorein\\core\\vendor\\laravel\\framework\\src\\Illuminate\\View\\View.php(122): Illuminate\\View\\View->getContents()
#11 C:\\xampp\\htdocs\\grupocorein\\core\\vendor\\laravel\\framework\\src\\Illuminate\\View\\View.php(91): Illuminate\\View\\View->renderContents()
#12 C:\\xampp\\htdocs\\grupocorein\\core\\vendor\\laravel\\framework\\src\\Illuminate\\Http\\Response.php(62): Illuminate\\View\\View->render()
#13 C:\\xampp\\htdocs\\grupocorein\\core\\vendor\\laravel\\framework\\src\\Illuminate\\Http\\Response.php(34): Illuminate\\Http\\Response->setContent(Object(Illuminate\\View\\View))
#14 C:\\xampp\\htdocs\\grupocorein\\core\\vendor\\laravel\\framework\\src\\Illuminate\\Routing\\Router.php(759): Illuminate\\Http\\Response->__construct(Object(Illuminate\\View\\View), 200, Array)
#15 C:\\xampp\\htdocs\\grupocorein\\core\\vendor\\laravel\\framework\\src\\Illuminate\\Routing\\Router.php(731): Illuminate\\Routing\\Router::toResponse(Object(Illuminate\\Http\\Request), Object(Illuminate\\View\\View))
#16 C:\\xampp\\htdocs\\grupocorein\\core\\vendor\\laravel\\framework\\src\\Illuminate\\Routing\\Router.php(685): Illuminate\\Routing\\Router->prepareResponse(Object(Illuminate\\Http\\Request), Object(Illuminate\\View\\View))
#17 C:\\xampp\\htdocs\\grupocorein\\core\\vendor\\laravel\\framework\\src\\Illuminate\\Pipeline\\Pipeline.php(128): Illuminate\\Routing\\Router->Illuminate\\Routing\\{closure}(Object(Illuminate\\Http\\Request))
#18 C:\\xampp\\htdocs\\grupocorein\\core\\app\\Http\\Middleware\\Localization.php(30): Illuminate\\Pipeline\\Pipeline->Illuminate\\Pipeline\\{closure}(Object(Illuminate\\Http\\Request))
#19 C:\\xampp\\htdocs\\grupocorein\\core\\vendor\\laravel\\framework\\src\\Illuminate\\Pipeline\\Pipeline.php(167): App\\Http\\Middleware\\Localization->handle(Object(Illuminate\\Http\\Request), Object(Closure))
#20 C:\\xampp\\htdocs\\grupocorein\\core\\app\\Http\\Middleware\\Maintainance.php(13): Illuminate\\Pipeline\\Pipeline->Illuminate\\Pipeline\\{closure}(Object(Illuminate\\Http\\Request))
#21 C:\\xampp\\htdocs\\grupocorein\\core\\vendor\\laravel\\framework\\src\\Illuminate\\Pipeline\\Pipeline.php(167): App\\Http\\Middleware\\Maintainance->handle(Object(Illuminate\\Http\\Request), Object(Closure))
#22 C:\\xampp\\htdocs\\grupocorein\\core\\vendor\\laravel\\framework\\src\\Illuminate\\Routing\\Middleware\\SubstituteBindings.php(41): Illuminate\\Pipeline\\Pipeline->Illuminate\\Pipeline\\{closure}(Object(Illuminate\\Http\\Request))
#23 C:\\xampp\\htdocs\\grupocorein\\core\\vendor\\laravel\\framework\\src\\Illuminate\\Pipeline\\Pipeline.php(167): Illuminate\\Routing\\Middleware\\SubstituteBindings->handle(Object(Illuminate\\Http\\Request), Object(Closure))
#24 C:\\xampp\\htdocs\\grupocorein\\core\\vendor\\laravel\\framework\\src\\Illuminate\\Auth\\Middleware\\Authenticate.php(44): Illuminate\\Pipeline\\Pipeline->Illuminate\\Pipeline\\{closure}(Object(Illuminate\\Http\\Request))
#25 C:\\xampp\\htdocs\\grupocorein\\core\\vendor\\laravel\\framework\\src\\Illuminate\\Pipeline\\Pipeline.php(167): Illuminate\\Auth\\Middleware\\Authenticate->handle(Object(Illuminate\\Http\\Request), Object(Closure))
#26 C:\\xampp\\htdocs\\grupocorein\\core\\vendor\\laravel\\framework\\src\\Illuminate\\Foundation\\Http\\Middleware\\VerifyCsrfToken.php(78): Illuminate\\Pipeline\\Pipeline->Illuminate\\Pipeline\\{closure}(Object(Illuminate\\Http\\Request))
#27 C:\\xampp\\htdocs\\grupocorein\\core\\vendor\\laravel\\framework\\src\\Illuminate\\Pipeline\\Pipeline.php(167): Illuminate\\Foundation\\Http\\Middleware\\VerifyCsrfToken->handle(Object(Illuminate\\Http\\Request), Object(Closure))
#28 C:\\xampp\\htdocs\\grupocorein\\core\\vendor\\laravel\\framework\\src\\Illuminate\\View\\Middleware\\ShareErrorsFromSession.php(49): Illuminate\\Pipeline\\Pipeline->Illuminate\\Pipeline\\{closure}(Object(Illuminate\\Http\\Request))
#29 C:\\xampp\\htdocs\\grupocorein\\core\\vendor\\laravel\\framework\\src\\Illuminate\\Pipeline\\Pipeline.php(167): Illuminate\\View\\Middleware\\ShareErrorsFromSession->handle(Object(Illuminate\\Http\\Request), Object(Closure))
#30 C:\\xampp\\htdocs\\grupocorein\\core\\vendor\\laravel\\framework\\src\\Illuminate\\Session\\Middleware\\StartSession.php(116): Illuminate\\Pipeline\\Pipeline->Illuminate\\Pipeline\\{closure}(Object(Illuminate\\Http\\Request))
#31 C:\\xampp\\htdocs\\grupocorein\\core\\vendor\\laravel\\framework\\src\\Illuminate\\Session\\Middleware\\StartSession.php(62): Illuminate\\Session\\Middleware\\StartSession->handleStatefulRequest(Object(Illuminate\\Http\\Request), Object(Illuminate\\Session\\Store), Object(Closure))
#32 C:\\xampp\\htdocs\\grupocorein\\core\\vendor\\laravel\\framework\\src\\Illuminate\\Pipeline\\Pipeline.php(167): Illuminate\\Session\\Middleware\\StartSession->handle(Object(Illuminate\\Http\\Request), Object(Closure))
#33 C:\\xampp\\htdocs\\grupocorein\\core\\vendor\\laravel\\framework\\src\\Illuminate\\Cookie\\Middleware\\AddQueuedCookiesToResponse.php(37): Illuminate\\Pipeline\\Pipeline->Illuminate\\Pipeline\\{closure}(Object(Illuminate\\Http\\Request))
#34 C:\\xampp\\htdocs\\grupocorein\\core\\vendor\\laravel\\framework\\src\\Illuminate\\Pipeline\\Pipeline.php(167): Illuminate\\Cookie\\Middleware\\AddQueuedCookiesToResponse->handle(Object(Illuminate\\Http\\Request), Object(Closure))
#35 C:\\xampp\\htdocs\\grupocorein\\core\\vendor\\laravel\\framework\\src\\Illuminate\\Cookie\\Middleware\\EncryptCookies.php(67): Illuminate\\Pipeline\\Pipeline->Illuminate\\Pipeline\\{closure}(Object(Illuminate\\Http\\Request))
#36 C:\\xampp\\htdocs\\grupocorein\\core\\vendor\\laravel\\framework\\src\\Illuminate\\Pipeline\\Pipeline.php(167): Illuminate\\Cookie\\Middleware\\EncryptCookies->handle(Object(Illuminate\\Http\\Request), Object(Closure))
#37 C:\\xampp\\htdocs\\grupocorein\\core\\vendor\\laravel\\framework\\src\\Illuminate\\Pipeline\\Pipeline.php(103): Illuminate\\Pipeline\\Pipeline->Illuminate\\Pipeline\\{closure}(Object(Illuminate\\Http\\Request))
#38 C:\\xampp\\htdocs\\grupocorein\\core\\vendor\\laravel\\framework\\src\\Illuminate\\Routing\\Router.php(687): Illuminate\\Pipeline\\Pipeline->then(Object(Closure))
#39 C:\\xampp\\htdocs\\grupocorein\\core\\vendor\\laravel\\framework\\src\\Illuminate\\Routing\\Router.php(662): Illuminate\\Routing\\Router->runRouteWithinStack(Object(Illuminate\\Routing\\Route), Object(Illuminate\\Http\\Request))
#40 C:\\xampp\\htdocs\\grupocorein\\core\\vendor\\laravel\\framework\\src\\Illuminate\\Routing\\Router.php(628): Illuminate\\Routing\\Router->runRoute(Object(Illuminate\\Http\\Request), Object(Illuminate\\Routing\\Route))
#41 C:\\xampp\\htdocs\\grupocorein\\core\\vendor\\laravel\\framework\\src\\Illuminate\\Routing\\Router.php(617): Illuminate\\Routing\\Router->dispatchToRoute(Object(Illuminate\\Http\\Request))
#42 C:\\xampp\\htdocs\\grupocorein\\core\\vendor\\laravel\\framework\\src\\Illuminate\\Foundation\\Http\\Kernel.php(165): Illuminate\\Routing\\Router->dispatch(Object(Illuminate\\Http\\Request))
#43 C:\\xampp\\htdocs\\grupocorein\\core\\vendor\\laravel\\framework\\src\\Illuminate\\Pipeline\\Pipeline.php(128): Illuminate\\Foundation\\Http\\Kernel->Illuminate\\Foundation\\Http\\{closure}(Object(Illuminate\\Http\\Request))
#44 C:\\xampp\\htdocs\\grupocorein\\core\\vendor\\barryvdh\\laravel-debugbar\\src\\Middleware\\InjectDebugbar.php(66): Illuminate\\Pipeline\\Pipeline->Illuminate\\Pipeline\\{closure}(Object(Illuminate\\Http\\Request))
#45 C:\\xampp\\htdocs\\grupocorein\\core\\vendor\\laravel\\framework\\src\\Illuminate\\Pipeline\\Pipeline.php(167): Barryvdh\\Debugbar\\Middleware\\InjectDebugbar->handle(Object(Illuminate\\Http\\Request), Object(Closure))
#46 C:\\xampp\\htdocs\\grupocorein\\core\\vendor\\fideloper\\proxy\\src\\TrustProxies.php(57): Illuminate\\Pipeline\\Pipeline->Illuminate\\Pipeline\\{closure}(Object(Illuminate\\Http\\Request))
#47 C:\\xampp\\htdocs\\grupocorein\\core\\vendor\\laravel\\framework\\src\\Illuminate\\Pipeline\\Pipeline.php(167): Fideloper\\Proxy\\TrustProxies->handle(Object(Illuminate\\Http\\Request), Object(Closure))
#48 C:\\xampp\\htdocs\\grupocorein\\core\\vendor\\laravel\\framework\\src\\Illuminate\\Foundation\\Http\\Middleware\\TransformsRequest.php(21): Illuminate\\Pipeline\\Pipeline->Illuminate\\Pipeline\\{closure}(Object(Illuminate\\Http\\Request))
#49 C:\\xampp\\htdocs\\grupocorein\\core\\vendor\\laravel\\framework\\src\\Illuminate\\Pipeline\\Pipeline.php(167): Illuminate\\Foundation\\Http\\Middleware\\TransformsRequest->handle(Object(Illuminate\\Http\\Request), Object(Closure))
#50 C:\\xampp\\htdocs\\grupocorein\\core\\vendor\\laravel\\framework\\src\\Illuminate\\Foundation\\Http\\Middleware\\TransformsRequest.php(21): Illuminate\\Pipeline\\Pipeline->Illuminate\\Pipeline\\{closure}(Object(Illuminate\\Http\\Request))
#51 C:\\xampp\\htdocs\\grupocorein\\core\\vendor\\laravel\\framework\\src\\Illuminate\\Pipeline\\Pipeline.php(167): Illuminate\\Foundation\\Http\\Middleware\\TransformsRequest->handle(Object(Illuminate\\Http\\Request), Object(Closure))
#52 C:\\xampp\\htdocs\\grupocorein\\core\\vendor\\laravel\\framework\\src\\Illuminate\\Foundation\\Http\\Middleware\\ValidatePostSize.php(27): Illuminate\\Pipeline\\Pipeline->Illuminate\\Pipeline\\{closure}(Object(Illuminate\\Http\\Request))
#53 C:\\xampp\\htdocs\\grupocorein\\core\\vendor\\laravel\\framework\\src\\Illuminate\\Pipeline\\Pipeline.php(167): Illuminate\\Foundation\\Http\\Middleware\\ValidatePostSize->handle(Object(Illuminate\\Http\\Request), Object(Closure))
#54 C:\\xampp\\htdocs\\grupocorein\\core\\vendor\\laravel\\framework\\src\\Illuminate\\Foundation\\Http\\Middleware\\CheckForMaintenanceMode.php(63): Illuminate\\Pipeline\\Pipeline->Illuminate\\Pipeline\\{closure}(Object(Illuminate\\Http\\Request))
#55 C:\\xampp\\htdocs\\grupocorein\\core\\vendor\\laravel\\framework\\src\\Illuminate\\Pipeline\\Pipeline.php(167): Illuminate\\Foundation\\Http\\Middleware\\CheckForMaintenanceMode->handle(Object(Illuminate\\Http\\Request), Object(Closure))
#56 C:\\xampp\\htdocs\\grupocorein\\core\\vendor\\laravel\\framework\\src\\Illuminate\\Pipeline\\Pipeline.php(103): Illuminate\\Pipeline\\Pipeline->Illuminate\\Pipeline\\{closure}(Object(Illuminate\\Http\\Request))
#57 C:\\xampp\\htdocs\\grupocorein\\core\\vendor\\laravel\\framework\\src\\Illuminate\\Foundation\\Http\\Kernel.php(140): Illuminate\\Pipeline\\Pipeline->then(Object(Closure))
#58 C:\\xampp\\htdocs\\grupocorein\\core\\vendor\\laravel\\framework\\src\\Illuminate\\Foundation\\Http\\Kernel.php(109): Illuminate\\Foundation\\Http\\Kernel->sendRequestThroughRouter(Object(Illuminate\\Http\\Request))
#59 C:\\xampp\\htdocs\\grupocorein\\index.php(55): Illuminate\\Foundation\\Http\\Kernel->handle(Object(Illuminate\\Http\\Request))
#60 {main}

[previous exception] [object] (ParseError(code: 0): syntax error, unexpected '}' at C:\\xampp\\htdocs\\grupocorein\\core\\storage\\framework\\views\\205b877f34a4b5259baf06cecce039b42df57c52.php:80)
[stacktrace]
#0 C:\\xampp\\htdocs\\grupocorein\\core\\vendor\\laravel\\framework\\src\\Illuminate\\View\\Engines\\CompilerEngine.php(57): Illuminate\\View\\Engines\\PhpEngine->evaluatePath('C:\\\\xampp\\\\htdocs...', Array)
#1 C:\\xampp\\htdocs\\grupocorein\\core\\vendor\\facade\\ignition\\src\\Views\\Engines\\CompilerEngine.php(37): Illuminate\\View\\Engines\\CompilerEngine->get('C:\\\\xampp\\\\htdocs...', Array)
#2 C:\\xampp\\htdocs\\grupocorein\\core\\vendor\\laravel\\framework\\src\\Illuminate\\View\\View.php(139): Facade\\Ignition\\Views\\Engines\\CompilerEngine->get('C:\\\\xampp\\\\htdocs...', Array)
#3 C:\\xampp\\htdocs\\grupocorein\\core\\vendor\\laravel\\framework\\src\\Illuminate\\View\\View.php(122): Illuminate\\View\\View->getContents()
#4 C:\\xampp\\htdocs\\grupocorein\\core\\vendor\\laravel\\framework\\src\\Illuminate\\View\\View.php(91): Illuminate\\View\\View->renderContents()
#5 C:\\xampp\\htdocs\\grupocorein\\core\\storage\\framework\\views\\d048e97ba0f84ad114e102678ef0b2ac2f4df71a.php(125): Illuminate\\View\\View->render()
#6 C:\\xampp\\htdocs\\grupocorein\\core\\vendor\\laravel\\framework\\src\\Illuminate\\View\\Engines\\PhpEngine.php(41): include('C:\\\\xampp\\\\htdocs...')
#7 C:\\xampp\\htdocs\\grupocorein\\core\\vendor\\laravel\\framework\\src\\Illuminate\\View\\Engines\\CompilerEngine.php(57): Illuminate\\View\\Engines\\PhpEngine->evaluatePath('C:\\\\xampp\\\\htdocs...', Array)
#8 C:\\xampp\\htdocs\\grupocorein\\core\\vendor\\facade\\ignition\\src\\Views\\Engines\\CompilerEngine.php(37): Illuminate\\View\\Engines\\CompilerEngine->get('C:\\\\xampp\\\\htdocs...', Array)
#9 C:\\xampp\\htdocs\\grupocorein\\core\\vendor\\laravel\\framework\\src\\Illuminate\\View\\View.php(139): Facade\\Ignition\\Views\\Engines\\CompilerEngine->get('C:\\\\xampp\\\\htdocs...', Array)
#10 C:\\xampp\\htdocs\\grupocorein\\core\\vendor\\laravel\\framework\\src\\Illuminate\\View\\View.php(122): Illuminate\\View\\View->getContents()
#11 C:\\xampp\\htdocs\\grupocorein\\core\\vendor\\laravel\\framework\\src\\Illuminate\\View\\View.php(91): Illuminate\\View\\View->renderContents()
#12 C:\\xampp\\htdocs\\grupocorein\\core\\vendor\\laravel\\framework\\src\\Illuminate\\Http\\Response.php(62): Illuminate\\View\\View->render()
#13 C:\\xampp\\htdocs\\grupocorein\\core\\vendor\\laravel\\framework\\src\\Illuminate\\Http\\Response.php(34): Illuminate\\Http\\Response->setContent(Object(Illuminate\\View\\View))
#14 C:\\xampp\\htdocs\\grupocorein\\core\\vendor\\laravel\\framework\\src\\Illuminate\\Routing\\Router.php(759): Illuminate\\Http\\Response->__construct(Object(Illuminate\\View\\View), 200, Array)
#15 C:\\xampp\\htdocs\\grupocorein\\core\\vendor\\laravel\\framework\\src\\Illuminate\\Routing\\Router.php(731): Illuminate\\Routing\\Router::toResponse(Object(Illuminate\\Http\\Request), Object(Illuminate\\View\\View))
#16 C:\\xampp\\htdocs\\grupocorein\\core\\vendor\\laravel\\framework\\src\\Illuminate\\Routing\\Router.php(685): Illuminate\\Routing\\Router->prepareResponse(Object(Illuminate\\Http\\Request), Object(Illuminate\\View\\View))
#17 C:\\xampp\\htdocs\\grupocorein\\core\\vendor\\laravel\\framework\\src\\Illuminate\\Pipeline\\Pipeline.php(128): Illuminate\\Routing\\Router->Illuminate\\Routing\\{closure}(Object(Illuminate\\Http\\Request))
#18 C:\\xampp\\htdocs\\grupocorein\\core\\app\\Http\\Middleware\\Localization.php(30): Illuminate\\Pipeline\\Pipeline->Illuminate\\Pipeline\\{closure}(Object(Illuminate\\Http\\Request))
#19 C:\\xampp\\htdocs\\grupocorein\\core\\vendor\\laravel\\framework\\src\\Illuminate\\Pipeline\\Pipeline.php(167): App\\Http\\Middleware\\Localization->handle(Object(Illuminate\\Http\\Request), Object(Closure))
#20 C:\\xampp\\htdocs\\grupocorein\\core\\app\\Http\\Middleware\\Maintainance.php(13): Illuminate\\Pipeline\\Pipeline->Illuminate\\Pipeline\\{closure}(Object(Illuminate\\Http\\Request))
#21 C:\\xampp\\htdocs\\grupocorein\\core\\vendor\\laravel\\framework\\src\\Illuminate\\Pipeline\\Pipeline.php(167): App\\Http\\Middleware\\Maintainance->handle(Object(Illuminate\\Http\\Request), Object(Closure))
#22 C:\\xampp\\htdocs\\grupocorein\\core\\vendor\\laravel\\framework\\src\\Illuminate\\Routing\\Middleware\\SubstituteBindings.php(41): Illuminate\\Pipeline\\Pipeline->Illuminate\\Pipeline\\{closure}(Object(Illuminate\\Http\\Request))
#23 C:\\xampp\\htdocs\\grupocorein\\core\\vendor\\laravel\\framework\\src\\Illuminate\\Pipeline\\Pipeline.php(167): Illuminate\\Routing\\Middleware\\SubstituteBindings->handle(Object(Illuminate\\Http\\Request), Object(Closure))
#24 C:\\xampp\\htdocs\\grupocorein\\core\\vendor\\laravel\\framework\\src\\Illuminate\\Auth\\Middleware\\Authenticate.php(44): Illuminate\\Pipeline\\Pipeline->Illuminate\\Pipeline\\{closure}(Object(Illuminate\\Http\\Request))
#25 C:\\xampp\\htdocs\\grupocorein\\core\\vendor\\laravel\\framework\\src\\Illuminate\\Pipeline\\Pipeline.php(167): Illuminate\\Auth\\Middleware\\Authenticate->handle(Object(Illuminate\\Http\\Request), Object(Closure))
#26 C:\\xampp\\htdocs\\grupocorein\\core\\vendor\\laravel\\framework\\src\\Illuminate\\Foundation\\Http\\Middleware\\VerifyCsrfToken.php(78): Illuminate\\Pipeline\\Pipeline->Illuminate\\Pipeline\\{closure}(Object(Illuminate\\Http\\Request))
#27 C:\\xampp\\htdocs\\grupocorein\\core\\vendor\\laravel\\framework\\src\\Illuminate\\Pipeline\\Pipeline.php(167): Illuminate\\Foundation\\Http\\Middleware\\VerifyCsrfToken->handle(Object(Illuminate\\Http\\Request), Object(Closure))
#28 C:\\xampp\\htdocs\\grupocorein\\core\\vendor\\laravel\\framework\\src\\Illuminate\\View\\Middleware\\ShareErrorsFromSession.php(49): Illuminate\\Pipeline\\Pipeline->Illuminate\\Pipeline\\{closure}(Object(Illuminate\\Http\\Request))
#29 C:\\xampp\\htdocs\\grupocorein\\core\\vendor\\laravel\\framework\\src\\Illuminate\\Pipeline\\Pipeline.php(167): Illuminate\\View\\Middleware\\ShareErrorsFromSession->handle(Object(Illuminate\\Http\\Request), Object(Closure))
#30 C:\\xampp\\htdocs\\grupocorein\\core\\vendor\\laravel\\framework\\src\\Illuminate\\Session\\Middleware\\StartSession.php(116): Illuminate\\Pipeline\\Pipeline->Illuminate\\Pipeline\\{closure}(Object(Illuminate\\Http\\Request))
#31 C:\\xampp\\htdocs\\grupocorein\\core\\vendor\\laravel\\framework\\src\\Illuminate\\Session\\Middleware\\StartSession.php(62): Illuminate\\Session\\Middleware\\StartSession->handleStatefulRequest(Object(Illuminate\\Http\\Request), Object(Illuminate\\Session\\Store), Object(Closure))
#32 C:\\xampp\\htdocs\\grupocorein\\core\\vendor\\laravel\\framework\\src\\Illuminate\\Pipeline\\Pipeline.php(167): Illuminate\\Session\\Middleware\\StartSession->handle(Object(Illuminate\\Http\\Request), Object(Closure))
#33 C:\\xampp\\htdocs\\grupocorein\\core\\vendor\\laravel\\framework\\src\\Illuminate\\Cookie\\Middleware\\AddQueuedCookiesToResponse.php(37): Illuminate\\Pipeline\\Pipeline->Illuminate\\Pipeline\\{closure}(Object(Illuminate\\Http\\Request))
#34 C:\\xampp\\htdocs\\grupocorein\\core\\vendor\\laravel\\framework\\src\\Illuminate\\Pipeline\\Pipeline.php(167): Illuminate\\Cookie\\Middleware\\AddQueuedCookiesToResponse->handle(Object(Illuminate\\Http\\Request), Object(Closure))
#35 C:\\xampp\\htdocs\\grupocorein\\core\\vendor\\laravel\\framework\\src\\Illuminate\\Cookie\\Middleware\\EncryptCookies.php(67): Illuminate\\Pipeline\\Pipeline->Illuminate\\Pipeline\\{closure}(Object(Illuminate\\Http\\Request))
#36 C:\\xampp\\htdocs\\grupocorein\\core\\vendor\\laravel\\framework\\src\\Illuminate\\Pipeline\\Pipeline.php(167): Illuminate\\Cookie\\Middleware\\EncryptCookies->handle(Object(Illuminate\\Http\\Request), Object(Closure))
#37 C:\\xampp\\htdocs\\grupocorein\\core\\vendor\\laravel\\framework\\src\\Illuminate\\Pipeline\\Pipeline.php(103): Illuminate\\Pipeline\\Pipeline->Illuminate\\Pipeline\\{closure}(Object(Illuminate\\Http\\Request))
#38 C:\\xampp\\htdocs\\grupocorein\\core\\vendor\\laravel\\framework\\src\\Illuminate\\Routing\\Router.php(687): Illuminate\\Pipeline\\Pipeline->then(Object(Closure))
#39 C:\\xampp\\htdocs\\grupocorein\\core\\vendor\\laravel\\framework\\src\\Illuminate\\Routing\\Router.php(662): Illuminate\\Routing\\Router->runRouteWithinStack(Object(Illuminate\\Routing\\Route), Object(Illuminate\\Http\\Request))
#40 C:\\xampp\\htdocs\\grupocorein\\core\\vendor\\laravel\\framework\\src\\Illuminate\\Routing\\Router.php(628): Illuminate\\Routing\\Router->runRoute(Object(Illuminate\\Http\\Request), Object(Illuminate\\Routing\\Route))
#41 C:\\xampp\\htdocs\\grupocorein\\core\\vendor\\laravel\\framework\\src\\Illuminate\\Routing\\Router.php(617): Illuminate\\Routing\\Router->dispatchToRoute(Object(Illuminate\\Http\\Request))
#42 C:\\xampp\\htdocs\\grupocorein\\core\\vendor\\laravel\\framework\\src\\Illuminate\\Foundation\\Http\\Kernel.php(165): Illuminate\\Routing\\Router->dispatch(Object(Illuminate\\Http\\Request))
#43 C:\\xampp\\htdocs\\grupocorein\\core\\vendor\\laravel\\framework\\src\\Illuminate\\Pipeline\\Pipeline.php(128): Illuminate\\Foundation\\Http\\Kernel->Illuminate\\Foundation\\Http\\{closure}(Object(Illuminate\\Http\\Request))
#44 C:\\xampp\\htdocs\\grupocorein\\core\\vendor\\barryvdh\\laravel-debugbar\\src\\Middleware\\InjectDebugbar.php(66): Illuminate\\Pipeline\\Pipeline->Illuminate\\Pipeline\\{closure}(Object(Illuminate\\Http\\Request))
#45 C:\\xampp\\htdocs\\grupocorein\\core\\vendor\\laravel\\framework\\src\\Illuminate\\Pipeline\\Pipeline.php(167): Barryvdh\\Debugbar\\Middleware\\InjectDebugbar->handle(Object(Illuminate\\Http\\Request), Object(Closure))
#46 C:\\xampp\\htdocs\\grupocorein\\core\\vendor\\fideloper\\proxy\\src\\TrustProxies.php(57): Illuminate\\Pipeline\\Pipeline->Illuminate\\Pipeline\\{closure}(Object(Illuminate\\Http\\Request))
#47 C:\\xampp\\htdocs\\grupocorein\\core\\vendor\\laravel\\framework\\src\\Illuminate\\Pipeline\\Pipeline.php(167): Fideloper\\Proxy\\TrustProxies->handle(Object(Illuminate\\Http\\Request), Object(Closure))
#48 C:\\xampp\\htdocs\\grupocorein\\core\\vendor\\laravel\\framework\\src\\Illuminate\\Foundation\\Http\\Middleware\\TransformsRequest.php(21): Illuminate\\Pipeline\\Pipeline->Illuminate\\Pipeline\\{closure}(Object(Illuminate\\Http\\Request))
#49 C:\\xampp\\htdocs\\grupocorein\\core\\vendor\\laravel\\framework\\src\\Illuminate\\Pipeline\\Pipeline.php(167): Illuminate\\Foundation\\Http\\Middleware\\TransformsRequest->handle(Object(Illuminate\\Http\\Request), Object(Closure))
#50 C:\\xampp\\htdocs\\grupocorein\\core\\vendor\\laravel\\framework\\src\\Illuminate\\Foundation\\Http\\Middleware\\TransformsRequest.php(21): Illuminate\\Pipeline\\Pipeline->Illuminate\\Pipeline\\{closure}(Object(Illuminate\\Http\\Request))
#51 C:\\xampp\\htdocs\\grupocorein\\core\\vendor\\laravel\\framework\\src\\Illuminate\\Pipeline\\Pipeline.php(167): Illuminate\\Foundation\\Http\\Middleware\\TransformsRequest->handle(Object(Illuminate\\Http\\Request), Object(Closure))
#52 C:\\xampp\\htdocs\\grupocorein\\core\\vendor\\laravel\\framework\\src\\Illuminate\\Foundation\\Http\\Middleware\\ValidatePostSize.php(27): Illuminate\\Pipeline\\Pipeline->Illuminate\\Pipeline\\{closure}(Object(Illuminate\\Http\\Request))
#53 C:\\xampp\\htdocs\\grupocorein\\core\\vendor\\laravel\\framework\\src\\Illuminate\\Pipeline\\Pipeline.php(167): Illuminate\\Foundation\\Http\\Middleware\\ValidatePostSize->handle(Object(Illuminate\\Http\\Request), Object(Closure))
#54 C:\\xampp\\htdocs\\grupocorein\\core\\vendor\\laravel\\framework\\src\\Illuminate\\Foundation\\Http\\Middleware\\CheckForMaintenanceMode.php(63): Illuminate\\Pipeline\\Pipeline->Illuminate\\Pipeline\\{closure}(Object(Illuminate\\Http\\Request))
#55 C:\\xampp\\htdocs\\grupocorein\\core\\vendor\\laravel\\framework\\src\\Illuminate\\Pipeline\\Pipeline.php(167): Illuminate\\Foundation\\Http\\Middleware\\CheckForMaintenanceMode->handle(Object(Illuminate\\Http\\Request), Object(Closure))
#56 C:\\xampp\\htdocs\\grupocorein\\core\\vendor\\laravel\\framework\\src\\Illuminate\\Pipeline\\Pipeline.php(103): Illuminate\\Pipeline\\Pipeline->Illuminate\\Pipeline\\{closure}(Object(Illuminate\\Http\\Request))
#57 C:\\xampp\\htdocs\\grupocorein\\core\\vendor\\laravel\\framework\\src\\Illuminate\\Foundation\\Http\\Kernel.php(140): Illuminate\\Pipeline\\Pipeline->then(Object(Closure))
#58 C:\\xampp\\htdocs\\grupocorein\\core\\vendor\\laravel\\framework\\src\\Illuminate\\Foundation\\Http\\Kernel.php(109): Illuminate\\Foundation\\Http\\Kernel->sendRequestThroughRouter(Object(Illuminate\\Http\\Request))
#59 C:\\xampp\\htdocs\\grupocorein\\index.php(55): Illuminate\\Foundation\\Http\\Kernel->handle(Object(Illuminate\\Http\\Request))
#60 {main}
"} 
[2024-04-22 11:49:17] local.ERROR: Undefined variable: orderGrandTotal (View: C:\xampp\htdocs\grupocorein\core\resources\views\includes\checkout_sitebar.blade.php) {"userId":1,"exception":"[object] (Facade\\Ignition\\Exceptions\\ViewException(code: 0): Undefined variable: orderGrandTotal (View: C:\\xampp\\htdocs\\grupocorein\\core\\resources\\views\\includes\\checkout_sitebar.blade.php) at C:\\xampp\\htdocs\\grupocorein\\core\\resources\\views/includes/checkout_sitebar.blade.php:117)
[stacktrace]
#0 C:\\xampp\\htdocs\\grupocorein\\core\\resources\\views/includes/checkout_sitebar.blade.php(117): Illuminate\\Foundation\\Bootstrap\\HandleExceptions->handleError(8, 'Undefined varia...', 'C:\\\\xampp\\\\htdocs...', 117, Array)
#1 C:\\xampp\\htdocs\\grupocorein\\core\\vendor\\laravel\\framework\\src\\Illuminate\\View\\Engines\\PhpEngine.php(41): include('C:\\\\xampp\\\\htdocs...')
#2 C:\\xampp\\htdocs\\grupocorein\\core\\vendor\\laravel\\framework\\src\\Illuminate\\View\\Engines\\CompilerEngine.php(57): Illuminate\\View\\Engines\\PhpEngine->evaluatePath('C:\\\\xampp\\\\htdocs...', Array)
#3 C:\\xampp\\htdocs\\grupocorein\\core\\vendor\\facade\\ignition\\src\\Views\\Engines\\CompilerEngine.php(37): Illuminate\\View\\Engines\\CompilerEngine->get('C:\\\\xampp\\\\htdocs...', Array)
#4 C:\\xampp\\htdocs\\grupocorein\\core\\vendor\\laravel\\framework\\src\\Illuminate\\View\\View.php(139): Facade\\Ignition\\Views\\Engines\\CompilerEngine->get('C:\\\\xampp\\\\htdocs...', Array)
#5 C:\\xampp\\htdocs\\grupocorein\\core\\vendor\\laravel\\framework\\src\\Illuminate\\View\\View.php(122): Illuminate\\View\\View->getContents()
#6 C:\\xampp\\htdocs\\grupocorein\\core\\vendor\\laravel\\framework\\src\\Illuminate\\View\\View.php(91): Illuminate\\View\\View->renderContents()
#7 C:\\xampp\\htdocs\\grupocorein\\core\\resources\\views/front/checkout/billing.blade.php(134): Illuminate\\View\\View->render()
#8 C:\\xampp\\htdocs\\grupocorein\\core\\vendor\\laravel\\framework\\src\\Illuminate\\View\\Engines\\PhpEngine.php(41): include('C:\\\\xampp\\\\htdocs...')
#9 C:\\xampp\\htdocs\\grupocorein\\core\\vendor\\laravel\\framework\\src\\Illuminate\\View\\Engines\\CompilerEngine.php(57): Illuminate\\View\\Engines\\PhpEngine->evaluatePath('C:\\\\xampp\\\\htdocs...', Array)
#10 C:\\xampp\\htdocs\\grupocorein\\core\\vendor\\facade\\ignition\\src\\Views\\Engines\\CompilerEngine.php(37): Illuminate\\View\\Engines\\CompilerEngine->get('C:\\\\xampp\\\\htdocs...', Array)
#11 C:\\xampp\\htdocs\\grupocorein\\core\\vendor\\laravel\\framework\\src\\Illuminate\\View\\View.php(139): Facade\\Ignition\\Views\\Engines\\CompilerEngine->get('C:\\\\xampp\\\\htdocs...', Array)
#12 C:\\xampp\\htdocs\\grupocorein\\core\\vendor\\laravel\\framework\\src\\Illuminate\\View\\View.php(122): Illuminate\\View\\View->getContents()
#13 C:\\xampp\\htdocs\\grupocorein\\core\\vendor\\laravel\\framework\\src\\Illuminate\\View\\View.php(91): Illuminate\\View\\View->renderContents()
#14 C:\\xampp\\htdocs\\grupocorein\\core\\vendor\\laravel\\framework\\src\\Illuminate\\Http\\Response.php(62): Illuminate\\View\\View->render()
#15 C:\\xampp\\htdocs\\grupocorein\\core\\vendor\\laravel\\framework\\src\\Illuminate\\Http\\Response.php(34): Illuminate\\Http\\Response->setContent(Object(Illuminate\\View\\View))
#16 C:\\xampp\\htdocs\\grupocorein\\core\\vendor\\laravel\\framework\\src\\Illuminate\\Routing\\Router.php(759): Illuminate\\Http\\Response->__construct(Object(Illuminate\\View\\View), 200, Array)
#17 C:\\xampp\\htdocs\\grupocorein\\core\\vendor\\laravel\\framework\\src\\Illuminate\\Routing\\Router.php(731): Illuminate\\Routing\\Router::toResponse(Object(Illuminate\\Http\\Request), Object(Illuminate\\View\\View))
#18 C:\\xampp\\htdocs\\grupocorein\\core\\vendor\\laravel\\framework\\src\\Illuminate\\Routing\\Router.php(685): Illuminate\\Routing\\Router->prepareResponse(Object(Illuminate\\Http\\Request), Object(Illuminate\\View\\View))
#19 C:\\xampp\\htdocs\\grupocorein\\core\\vendor\\laravel\\framework\\src\\Illuminate\\Pipeline\\Pipeline.php(128): Illuminate\\Routing\\Router->Illuminate\\Routing\\{closure}(Object(Illuminate\\Http\\Request))
#20 C:\\xampp\\htdocs\\grupocorein\\core\\app\\Http\\Middleware\\Localization.php(30): Illuminate\\Pipeline\\Pipeline->Illuminate\\Pipeline\\{closure}(Object(Illuminate\\Http\\Request))
#21 C:\\xampp\\htdocs\\grupocorein\\core\\vendor\\laravel\\framework\\src\\Illuminate\\Pipeline\\Pipeline.php(167): App\\Http\\Middleware\\Localization->handle(Object(Illuminate\\Http\\Request), Object(Closure))
#22 C:\\xampp\\htdocs\\grupocorein\\core\\app\\Http\\Middleware\\Maintainance.php(13): Illuminate\\Pipeline\\Pipeline->Illuminate\\Pipeline\\{closure}(Object(Illuminate\\Http\\Request))
#23 C:\\xampp\\htdocs\\grupocorein\\core\\vendor\\laravel\\framework\\src\\Illuminate\\Pipeline\\Pipeline.php(167): App\\Http\\Middleware\\Maintainance->handle(Object(Illuminate\\Http\\Request), Object(Closure))
#24 C:\\xampp\\htdocs\\grupocorein\\core\\vendor\\laravel\\framework\\src\\Illuminate\\Routing\\Middleware\\SubstituteBindings.php(41): Illuminate\\Pipeline\\Pipeline->Illuminate\\Pipeline\\{closure}(Object(Illuminate\\Http\\Request))
#25 C:\\xampp\\htdocs\\grupocorein\\core\\vendor\\laravel\\framework\\src\\Illuminate\\Pipeline\\Pipeline.php(167): Illuminate\\Routing\\Middleware\\SubstituteBindings->handle(Object(Illuminate\\Http\\Request), Object(Closure))
#26 C:\\xampp\\htdocs\\grupocorein\\core\\vendor\\laravel\\framework\\src\\Illuminate\\Auth\\Middleware\\Authenticate.php(44): Illuminate\\Pipeline\\Pipeline->Illuminate\\Pipeline\\{closure}(Object(Illuminate\\Http\\Request))
#27 C:\\xampp\\htdocs\\grupocorein\\core\\vendor\\laravel\\framework\\src\\Illuminate\\Pipeline\\Pipeline.php(167): Illuminate\\Auth\\Middleware\\Authenticate->handle(Object(Illuminate\\Http\\Request), Object(Closure))
#28 C:\\xampp\\htdocs\\grupocorein\\core\\vendor\\laravel\\framework\\src\\Illuminate\\Foundation\\Http\\Middleware\\VerifyCsrfToken.php(78): Illuminate\\Pipeline\\Pipeline->Illuminate\\Pipeline\\{closure}(Object(Illuminate\\Http\\Request))
#29 C:\\xampp\\htdocs\\grupocorein\\core\\vendor\\laravel\\framework\\src\\Illuminate\\Pipeline\\Pipeline.php(167): Illuminate\\Foundation\\Http\\Middleware\\VerifyCsrfToken->handle(Object(Illuminate\\Http\\Request), Object(Closure))
#30 C:\\xampp\\htdocs\\grupocorein\\core\\vendor\\laravel\\framework\\src\\Illuminate\\View\\Middleware\\ShareErrorsFromSession.php(49): Illuminate\\Pipeline\\Pipeline->Illuminate\\Pipeline\\{closure}(Object(Illuminate\\Http\\Request))
#31 C:\\xampp\\htdocs\\grupocorein\\core\\vendor\\laravel\\framework\\src\\Illuminate\\Pipeline\\Pipeline.php(167): Illuminate\\View\\Middleware\\ShareErrorsFromSession->handle(Object(Illuminate\\Http\\Request), Object(Closure))
#32 C:\\xampp\\htdocs\\grupocorein\\core\\vendor\\laravel\\framework\\src\\Illuminate\\Session\\Middleware\\StartSession.php(116): Illuminate\\Pipeline\\Pipeline->Illuminate\\Pipeline\\{closure}(Object(Illuminate\\Http\\Request))
#33 C:\\xampp\\htdocs\\grupocorein\\core\\vendor\\laravel\\framework\\src\\Illuminate\\Session\\Middleware\\StartSession.php(62): Illuminate\\Session\\Middleware\\StartSession->handleStatefulRequest(Object(Illuminate\\Http\\Request), Object(Illuminate\\Session\\Store), Object(Closure))
#34 C:\\xampp\\htdocs\\grupocorein\\core\\vendor\\laravel\\framework\\src\\Illuminate\\Pipeline\\Pipeline.php(167): Illuminate\\Session\\Middleware\\StartSession->handle(Object(Illuminate\\Http\\Request), Object(Closure))
#35 C:\\xampp\\htdocs\\grupocorein\\core\\vendor\\laravel\\framework\\src\\Illuminate\\Cookie\\Middleware\\AddQueuedCookiesToResponse.php(37): Illuminate\\Pipeline\\Pipeline->Illuminate\\Pipeline\\{closure}(Object(Illuminate\\Http\\Request))
#36 C:\\xampp\\htdocs\\grupocorein\\core\\vendor\\laravel\\framework\\src\\Illuminate\\Pipeline\\Pipeline.php(167): Illuminate\\Cookie\\Middleware\\AddQueuedCookiesToResponse->handle(Object(Illuminate\\Http\\Request), Object(Closure))
#37 C:\\xampp\\htdocs\\grupocorein\\core\\vendor\\laravel\\framework\\src\\Illuminate\\Cookie\\Middleware\\EncryptCookies.php(67): Illuminate\\Pipeline\\Pipeline->Illuminate\\Pipeline\\{closure}(Object(Illuminate\\Http\\Request))
#38 C:\\xampp\\htdocs\\grupocorein\\core\\vendor\\laravel\\framework\\src\\Illuminate\\Pipeline\\Pipeline.php(167): Illuminate\\Cookie\\Middleware\\EncryptCookies->handle(Object(Illuminate\\Http\\Request), Object(Closure))
#39 C:\\xampp\\htdocs\\grupocorein\\core\\vendor\\laravel\\framework\\src\\Illuminate\\Pipeline\\Pipeline.php(103): Illuminate\\Pipeline\\Pipeline->Illuminate\\Pipeline\\{closure}(Object(Illuminate\\Http\\Request))
#40 C:\\xampp\\htdocs\\grupocorein\\core\\vendor\\laravel\\framework\\src\\Illuminate\\Routing\\Router.php(687): Illuminate\\Pipeline\\Pipeline->then(Object(Closure))
#41 C:\\xampp\\htdocs\\grupocorein\\core\\vendor\\laravel\\framework\\src\\Illuminate\\Routing\\Router.php(662): Illuminate\\Routing\\Router->runRouteWithinStack(Object(Illuminate\\Routing\\Route), Object(Illuminate\\Http\\Request))
#42 C:\\xampp\\htdocs\\grupocorein\\core\\vendor\\laravel\\framework\\src\\Illuminate\\Routing\\Router.php(628): Illuminate\\Routing\\Router->runRoute(Object(Illuminate\\Http\\Request), Object(Illuminate\\Routing\\Route))
#43 C:\\xampp\\htdocs\\grupocorein\\core\\vendor\\laravel\\framework\\src\\Illuminate\\Routing\\Router.php(617): Illuminate\\Routing\\Router->dispatchToRoute(Object(Illuminate\\Http\\Request))
#44 C:\\xampp\\htdocs\\grupocorein\\core\\vendor\\laravel\\framework\\src\\Illuminate\\Foundation\\Http\\Kernel.php(165): Illuminate\\Routing\\Router->dispatch(Object(Illuminate\\Http\\Request))
#45 C:\\xampp\\htdocs\\grupocorein\\core\\vendor\\laravel\\framework\\src\\Illuminate\\Pipeline\\Pipeline.php(128): Illuminate\\Foundation\\Http\\Kernel->Illuminate\\Foundation\\Http\\{closure}(Object(Illuminate\\Http\\Request))
#46 C:\\xampp\\htdocs\\grupocorein\\core\\vendor\\barryvdh\\laravel-debugbar\\src\\Middleware\\InjectDebugbar.php(66): Illuminate\\Pipeline\\Pipeline->Illuminate\\Pipeline\\{closure}(Object(Illuminate\\Http\\Request))
#47 C:\\xampp\\htdocs\\grupocorein\\core\\vendor\\laravel\\framework\\src\\Illuminate\\Pipeline\\Pipeline.php(167): Barryvdh\\Debugbar\\Middleware\\InjectDebugbar->handle(Object(Illuminate\\Http\\Request), Object(Closure))
#48 C:\\xampp\\htdocs\\grupocorein\\core\\vendor\\fideloper\\proxy\\src\\TrustProxies.php(57): Illuminate\\Pipeline\\Pipeline->Illuminate\\Pipeline\\{closure}(Object(Illuminate\\Http\\Request))
#49 C:\\xampp\\htdocs\\grupocorein\\core\\vendor\\laravel\\framework\\src\\Illuminate\\Pipeline\\Pipeline.php(167): Fideloper\\Proxy\\TrustProxies->handle(Object(Illuminate\\Http\\Request), Object(Closure))
#50 C:\\xampp\\htdocs\\grupocorein\\core\\vendor\\laravel\\framework\\src\\Illuminate\\Foundation\\Http\\Middleware\\TransformsRequest.php(21): Illuminate\\Pipeline\\Pipeline->Illuminate\\Pipeline\\{closure}(Object(Illuminate\\Http\\Request))
#51 C:\\xampp\\htdocs\\grupocorein\\core\\vendor\\laravel\\framework\\src\\Illuminate\\Pipeline\\Pipeline.php(167): Illuminate\\Foundation\\Http\\Middleware\\TransformsRequest->handle(Object(Illuminate\\Http\\Request), Object(Closure))
#52 C:\\xampp\\htdocs\\grupocorein\\core\\vendor\\laravel\\framework\\src\\Illuminate\\Foundation\\Http\\Middleware\\TransformsRequest.php(21): Illuminate\\Pipeline\\Pipeline->Illuminate\\Pipeline\\{closure}(Object(Illuminate\\Http\\Request))
#53 C:\\xampp\\htdocs\\grupocorein\\core\\vendor\\laravel\\framework\\src\\Illuminate\\Pipeline\\Pipeline.php(167): Illuminate\\Foundation\\Http\\Middleware\\TransformsRequest->handle(Object(Illuminate\\Http\\Request), Object(Closure))
#54 C:\\xampp\\htdocs\\grupocorein\\core\\vendor\\laravel\\framework\\src\\Illuminate\\Foundation\\Http\\Middleware\\ValidatePostSize.php(27): Illuminate\\Pipeline\\Pipeline->Illuminate\\Pipeline\\{closure}(Object(Illuminate\\Http\\Request))
#55 C:\\xampp\\htdocs\\grupocorein\\core\\vendor\\laravel\\framework\\src\\Illuminate\\Pipeline\\Pipeline.php(167): Illuminate\\Foundation\\Http\\Middleware\\ValidatePostSize->handle(Object(Illuminate\\Http\\Request), Object(Closure))
#56 C:\\xampp\\htdocs\\grupocorein\\core\\vendor\\laravel\\framework\\src\\Illuminate\\Foundation\\Http\\Middleware\\CheckForMaintenanceMode.php(63): Illuminate\\Pipeline\\Pipeline->Illuminate\\Pipeline\\{closure}(Object(Illuminate\\Http\\Request))
#57 C:\\xampp\\htdocs\\grupocorein\\core\\vendor\\laravel\\framework\\src\\Illuminate\\Pipeline\\Pipeline.php(167): Illuminate\\Foundation\\Http\\Middleware\\CheckForMaintenanceMode->handle(Object(Illuminate\\Http\\Request), Object(Closure))
#58 C:\\xampp\\htdocs\\grupocorein\\core\\vendor\\laravel\\framework\\src\\Illuminate\\Pipeline\\Pipeline.php(103): Illuminate\\Pipeline\\Pipeline->Illuminate\\Pipeline\\{closure}(Object(Illuminate\\Http\\Request))
#59 C:\\xampp\\htdocs\\grupocorein\\core\\vendor\\laravel\\framework\\src\\Illuminate\\Foundation\\Http\\Kernel.php(140): Illuminate\\Pipeline\\Pipeline->then(Object(Closure))
#60 C:\\xampp\\htdocs\\grupocorein\\core\\vendor\\laravel\\framework\\src\\Illuminate\\Foundation\\Http\\Kernel.php(109): Illuminate\\Foundation\\Http\\Kernel->sendRequestThroughRouter(Object(Illuminate\\Http\\Request))
#61 C:\\xampp\\htdocs\\grupocorein\\index.php(55): Illuminate\\Foundation\\Http\\Kernel->handle(Object(Illuminate\\Http\\Request))
#62 {main}

[previous exception] [object] (ErrorException(code: 0): Undefined variable: orderGrandTotal at C:\\xampp\\htdocs\\grupocorein\\core\\storage\\framework\\views\\205b877f34a4b5259baf06cecce039b42df57c52.php:117)
[stacktrace]
#0 C:\\xampp\\htdocs\\grupocorein\\core\\storage\\framework\\views\\205b877f34a4b5259baf06cecce039b42df57c52.php(117): Illuminate\\Foundation\\Bootstrap\\HandleExceptions->handleError(8, 'Undefined varia...', 'C:\\\\xampp\\\\htdocs...', 117, Array)
#1 C:\\xampp\\htdocs\\grupocorein\\core\\vendor\\laravel\\framework\\src\\Illuminate\\View\\Engines\\PhpEngine.php(41): include('C:\\\\xampp\\\\htdocs...')
#2 C:\\xampp\\htdocs\\grupocorein\\core\\vendor\\laravel\\framework\\src\\Illuminate\\View\\Engines\\CompilerEngine.php(57): Illuminate\\View\\Engines\\PhpEngine->evaluatePath('C:\\\\xampp\\\\htdocs...', Array)
#3 C:\\xampp\\htdocs\\grupocorein\\core\\vendor\\facade\\ignition\\src\\Views\\Engines\\CompilerEngine.php(37): Illuminate\\View\\Engines\\CompilerEngine->get('C:\\\\xampp\\\\htdocs...', Array)
#4 C:\\xampp\\htdocs\\grupocorein\\core\\vendor\\laravel\\framework\\src\\Illuminate\\View\\View.php(139): Facade\\Ignition\\Views\\Engines\\CompilerEngine->get('C:\\\\xampp\\\\htdocs...', Array)
#5 C:\\xampp\\htdocs\\grupocorein\\core\\vendor\\laravel\\framework\\src\\Illuminate\\View\\View.php(122): Illuminate\\View\\View->getContents()
#6 C:\\xampp\\htdocs\\grupocorein\\core\\vendor\\laravel\\framework\\src\\Illuminate\\View\\View.php(91): Illuminate\\View\\View->renderContents()
#7 C:\\xampp\\htdocs\\grupocorein\\core\\storage\\framework\\views\\d048e97ba0f84ad114e102678ef0b2ac2f4df71a.php(125): Illuminate\\View\\View->render()
#8 C:\\xampp\\htdocs\\grupocorein\\core\\vendor\\laravel\\framework\\src\\Illuminate\\View\\Engines\\PhpEngine.php(41): include('C:\\\\xampp\\\\htdocs...')
#9 C:\\xampp\\htdocs\\grupocorein\\core\\vendor\\laravel\\framework\\src\\Illuminate\\View\\Engines\\CompilerEngine.php(57): Illuminate\\View\\Engines\\PhpEngine->evaluatePath('C:\\\\xampp\\\\htdocs...', Array)
#10 C:\\xampp\\htdocs\\grupocorein\\core\\vendor\\facade\\ignition\\src\\Views\\Engines\\CompilerEngine.php(37): Illuminate\\View\\Engines\\CompilerEngine->get('C:\\\\xampp\\\\htdocs...', Array)
#11 C:\\xampp\\htdocs\\grupocorein\\core\\vendor\\laravel\\framework\\src\\Illuminate\\View\\View.php(139): Facade\\Ignition\\Views\\Engines\\CompilerEngine->get('C:\\\\xampp\\\\htdocs...', Array)
#12 C:\\xampp\\htdocs\\grupocorein\\core\\vendor\\laravel\\framework\\src\\Illuminate\\View\\View.php(122): Illuminate\\View\\View->getContents()
#13 C:\\xampp\\htdocs\\grupocorein\\core\\vendor\\laravel\\framework\\src\\Illuminate\\View\\View.php(91): Illuminate\\View\\View->renderContents()
#14 C:\\xampp\\htdocs\\grupocorein\\core\\vendor\\laravel\\framework\\src\\Illuminate\\Http\\Response.php(62): Illuminate\\View\\View->render()
#15 C:\\xampp\\htdocs\\grupocorein\\core\\vendor\\laravel\\framework\\src\\Illuminate\\Http\\Response.php(34): Illuminate\\Http\\Response->setContent(Object(Illuminate\\View\\View))
#16 C:\\xampp\\htdocs\\grupocorein\\core\\vendor\\laravel\\framework\\src\\Illuminate\\Routing\\Router.php(759): Illuminate\\Http\\Response->__construct(Object(Illuminate\\View\\View), 200, Array)
#17 C:\\xampp\\htdocs\\grupocorein\\core\\vendor\\laravel\\framework\\src\\Illuminate\\Routing\\Router.php(731): Illuminate\\Routing\\Router::toResponse(Object(Illuminate\\Http\\Request), Object(Illuminate\\View\\View))
#18 C:\\xampp\\htdocs\\grupocorein\\core\\vendor\\laravel\\framework\\src\\Illuminate\\Routing\\Router.php(685): Illuminate\\Routing\\Router->prepareResponse(Object(Illuminate\\Http\\Request), Object(Illuminate\\View\\View))
#19 C:\\xampp\\htdocs\\grupocorein\\core\\vendor\\laravel\\framework\\src\\Illuminate\\Pipeline\\Pipeline.php(128): Illuminate\\Routing\\Router->Illuminate\\Routing\\{closure}(Object(Illuminate\\Http\\Request))
#20 C:\\xampp\\htdocs\\grupocorein\\core\\app\\Http\\Middleware\\Localization.php(30): Illuminate\\Pipeline\\Pipeline->Illuminate\\Pipeline\\{closure}(Object(Illuminate\\Http\\Request))
#21 C:\\xampp\\htdocs\\grupocorein\\core\\vendor\\laravel\\framework\\src\\Illuminate\\Pipeline\\Pipeline.php(167): App\\Http\\Middleware\\Localization->handle(Object(Illuminate\\Http\\Request), Object(Closure))
#22 C:\\xampp\\htdocs\\grupocorein\\core\\app\\Http\\Middleware\\Maintainance.php(13): Illuminate\\Pipeline\\Pipeline->Illuminate\\Pipeline\\{closure}(Object(Illuminate\\Http\\Request))
#23 C:\\xampp\\htdocs\\grupocorein\\core\\vendor\\laravel\\framework\\src\\Illuminate\\Pipeline\\Pipeline.php(167): App\\Http\\Middleware\\Maintainance->handle(Object(Illuminate\\Http\\Request), Object(Closure))
#24 C:\\xampp\\htdocs\\grupocorein\\core\\vendor\\laravel\\framework\\src\\Illuminate\\Routing\\Middleware\\SubstituteBindings.php(41): Illuminate\\Pipeline\\Pipeline->Illuminate\\Pipeline\\{closure}(Object(Illuminate\\Http\\Request))
#25 C:\\xampp\\htdocs\\grupocorein\\core\\vendor\\laravel\\framework\\src\\Illuminate\\Pipeline\\Pipeline.php(167): Illuminate\\Routing\\Middleware\\SubstituteBindings->handle(Object(Illuminate\\Http\\Request), Object(Closure))
#26 C:\\xampp\\htdocs\\grupocorein\\core\\vendor\\laravel\\framework\\src\\Illuminate\\Auth\\Middleware\\Authenticate.php(44): Illuminate\\Pipeline\\Pipeline->Illuminate\\Pipeline\\{closure}(Object(Illuminate\\Http\\Request))
#27 C:\\xampp\\htdocs\\grupocorein\\core\\vendor\\laravel\\framework\\src\\Illuminate\\Pipeline\\Pipeline.php(167): Illuminate\\Auth\\Middleware\\Authenticate->handle(Object(Illuminate\\Http\\Request), Object(Closure))
#28 C:\\xampp\\htdocs\\grupocorein\\core\\vendor\\laravel\\framework\\src\\Illuminate\\Foundation\\Http\\Middleware\\VerifyCsrfToken.php(78): Illuminate\\Pipeline\\Pipeline->Illuminate\\Pipeline\\{closure}(Object(Illuminate\\Http\\Request))
#29 C:\\xampp\\htdocs\\grupocorein\\core\\vendor\\laravel\\framework\\src\\Illuminate\\Pipeline\\Pipeline.php(167): Illuminate\\Foundation\\Http\\Middleware\\VerifyCsrfToken->handle(Object(Illuminate\\Http\\Request), Object(Closure))
#30 C:\\xampp\\htdocs\\grupocorein\\core\\vendor\\laravel\\framework\\src\\Illuminate\\View\\Middleware\\ShareErrorsFromSession.php(49): Illuminate\\Pipeline\\Pipeline->Illuminate\\Pipeline\\{closure}(Object(Illuminate\\Http\\Request))
#31 C:\\xampp\\htdocs\\grupocorein\\core\\vendor\\laravel\\framework\\src\\Illuminate\\Pipeline\\Pipeline.php(167): Illuminate\\View\\Middleware\\ShareErrorsFromSession->handle(Object(Illuminate\\Http\\Request), Object(Closure))
#32 C:\\xampp\\htdocs\\grupocorein\\core\\vendor\\laravel\\framework\\src\\Illuminate\\Session\\Middleware\\StartSession.php(116): Illuminate\\Pipeline\\Pipeline->Illuminate\\Pipeline\\{closure}(Object(Illuminate\\Http\\Request))
#33 C:\\xampp\\htdocs\\grupocorein\\core\\vendor\\laravel\\framework\\src\\Illuminate\\Session\\Middleware\\StartSession.php(62): Illuminate\\Session\\Middleware\\StartSession->handleStatefulRequest(Object(Illuminate\\Http\\Request), Object(Illuminate\\Session\\Store), Object(Closure))
#34 C:\\xampp\\htdocs\\grupocorein\\core\\vendor\\laravel\\framework\\src\\Illuminate\\Pipeline\\Pipeline.php(167): Illuminate\\Session\\Middleware\\StartSession->handle(Object(Illuminate\\Http\\Request), Object(Closure))
#35 C:\\xampp\\htdocs\\grupocorein\\core\\vendor\\laravel\\framework\\src\\Illuminate\\Cookie\\Middleware\\AddQueuedCookiesToResponse.php(37): Illuminate\\Pipeline\\Pipeline->Illuminate\\Pipeline\\{closure}(Object(Illuminate\\Http\\Request))
#36 C:\\xampp\\htdocs\\grupocorein\\core\\vendor\\laravel\\framework\\src\\Illuminate\\Pipeline\\Pipeline.php(167): Illuminate\\Cookie\\Middleware\\AddQueuedCookiesToResponse->handle(Object(Illuminate\\Http\\Request), Object(Closure))
#37 C:\\xampp\\htdocs\\grupocorein\\core\\vendor\\laravel\\framework\\src\\Illuminate\\Cookie\\Middleware\\EncryptCookies.php(67): Illuminate\\Pipeline\\Pipeline->Illuminate\\Pipeline\\{closure}(Object(Illuminate\\Http\\Request))
#38 C:\\xampp\\htdocs\\grupocorein\\core\\vendor\\laravel\\framework\\src\\Illuminate\\Pipeline\\Pipeline.php(167): Illuminate\\Cookie\\Middleware\\EncryptCookies->handle(Object(Illuminate\\Http\\Request), Object(Closure))
#39 C:\\xampp\\htdocs\\grupocorein\\core\\vendor\\laravel\\framework\\src\\Illuminate\\Pipeline\\Pipeline.php(103): Illuminate\\Pipeline\\Pipeline->Illuminate\\Pipeline\\{closure}(Object(Illuminate\\Http\\Request))
#40 C:\\xampp\\htdocs\\grupocorein\\core\\vendor\\laravel\\framework\\src\\Illuminate\\Routing\\Router.php(687): Illuminate\\Pipeline\\Pipeline->then(Object(Closure))
#41 C:\\xampp\\htdocs\\grupocorein\\core\\vendor\\laravel\\framework\\src\\Illuminate\\Routing\\Router.php(662): Illuminate\\Routing\\Router->runRouteWithinStack(Object(Illuminate\\Routing\\Route), Object(Illuminate\\Http\\Request))
#42 C:\\xampp\\htdocs\\grupocorein\\core\\vendor\\laravel\\framework\\src\\Illuminate\\Routing\\Router.php(628): Illuminate\\Routing\\Router->runRoute(Object(Illuminate\\Http\\Request), Object(Illuminate\\Routing\\Route))
#43 C:\\xampp\\htdocs\\grupocorein\\core\\vendor\\laravel\\framework\\src\\Illuminate\\Routing\\Router.php(617): Illuminate\\Routing\\Router->dispatchToRoute(Object(Illuminate\\Http\\Request))
#44 C:\\xampp\\htdocs\\grupocorein\\core\\vendor\\laravel\\framework\\src\\Illuminate\\Foundation\\Http\\Kernel.php(165): Illuminate\\Routing\\Router->dispatch(Object(Illuminate\\Http\\Request))
#45 C:\\xampp\\htdocs\\grupocorein\\core\\vendor\\laravel\\framework\\src\\Illuminate\\Pipeline\\Pipeline.php(128): Illuminate\\Foundation\\Http\\Kernel->Illuminate\\Foundation\\Http\\{closure}(Object(Illuminate\\Http\\Request))
#46 C:\\xampp\\htdocs\\grupocorein\\core\\vendor\\barryvdh\\laravel-debugbar\\src\\Middleware\\InjectDebugbar.php(66): Illuminate\\Pipeline\\Pipeline->Illuminate\\Pipeline\\{closure}(Object(Illuminate\\Http\\Request))
#47 C:\\xampp\\htdocs\\grupocorein\\core\\vendor\\laravel\\framework\\src\\Illuminate\\Pipeline\\Pipeline.php(167): Barryvdh\\Debugbar\\Middleware\\InjectDebugbar->handle(Object(Illuminate\\Http\\Request), Object(Closure))
#48 C:\\xampp\\htdocs\\grupocorein\\core\\vendor\\fideloper\\proxy\\src\\TrustProxies.php(57): Illuminate\\Pipeline\\Pipeline->Illuminate\\Pipeline\\{closure}(Object(Illuminate\\Http\\Request))
#49 C:\\xampp\\htdocs\\grupocorein\\core\\vendor\\laravel\\framework\\src\\Illuminate\\Pipeline\\Pipeline.php(167): Fideloper\\Proxy\\TrustProxies->handle(Object(Illuminate\\Http\\Request), Object(Closure))
#50 C:\\xampp\\htdocs\\grupocorein\\core\\vendor\\laravel\\framework\\src\\Illuminate\\Foundation\\Http\\Middleware\\TransformsRequest.php(21): Illuminate\\Pipeline\\Pipeline->Illuminate\\Pipeline\\{closure}(Object(Illuminate\\Http\\Request))
#51 C:\\xampp\\htdocs\\grupocorein\\core\\vendor\\laravel\\framework\\src\\Illuminate\\Pipeline\\Pipeline.php(167): Illuminate\\Foundation\\Http\\Middleware\\TransformsRequest->handle(Object(Illuminate\\Http\\Request), Object(Closure))
#52 C:\\xampp\\htdocs\\grupocorein\\core\\vendor\\laravel\\framework\\src\\Illuminate\\Foundation\\Http\\Middleware\\TransformsRequest.php(21): Illuminate\\Pipeline\\Pipeline->Illuminate\\Pipeline\\{closure}(Object(Illuminate\\Http\\Request))
#53 C:\\xampp\\htdocs\\grupocorein\\core\\vendor\\laravel\\framework\\src\\Illuminate\\Pipeline\\Pipeline.php(167): Illuminate\\Foundation\\Http\\Middleware\\TransformsRequest->handle(Object(Illuminate\\Http\\Request), Object(Closure))
#54 C:\\xampp\\htdocs\\grupocorein\\core\\vendor\\laravel\\framework\\src\\Illuminate\\Foundation\\Http\\Middleware\\ValidatePostSize.php(27): Illuminate\\Pipeline\\Pipeline->Illuminate\\Pipeline\\{closure}(Object(Illuminate\\Http\\Request))
#55 C:\\xampp\\htdocs\\grupocorein\\core\\vendor\\laravel\\framework\\src\\Illuminate\\Pipeline\\Pipeline.php(167): Illuminate\\Foundation\\Http\\Middleware\\ValidatePostSize->handle(Object(Illuminate\\Http\\Request), Object(Closure))
#56 C:\\xampp\\htdocs\\grupocorein\\core\\vendor\\laravel\\framework\\src\\Illuminate\\Foundation\\Http\\Middleware\\CheckForMaintenanceMode.php(63): Illuminate\\Pipeline\\Pipeline->Illuminate\\Pipeline\\{closure}(Object(Illuminate\\Http\\Request))
#57 C:\\xampp\\htdocs\\grupocorein\\core\\vendor\\laravel\\framework\\src\\Illuminate\\Pipeline\\Pipeline.php(167): Illuminate\\Foundation\\Http\\Middleware\\CheckForMaintenanceMode->handle(Object(Illuminate\\Http\\Request), Object(Closure))
#58 C:\\xampp\\htdocs\\grupocorein\\core\\vendor\\laravel\\framework\\src\\Illuminate\\Pipeline\\Pipeline.php(103): Illuminate\\Pipeline\\Pipeline->Illuminate\\Pipeline\\{closure}(Object(Illuminate\\Http\\Request))
#59 C:\\xampp\\htdocs\\grupocorein\\core\\vendor\\laravel\\framework\\src\\Illuminate\\Foundation\\Http\\Kernel.php(140): Illuminate\\Pipeline\\Pipeline->then(Object(Closure))
#60 C:\\xampp\\htdocs\\grupocorein\\core\\vendor\\laravel\\framework\\src\\Illuminate\\Foundation\\Http\\Kernel.php(109): Illuminate\\Foundation\\Http\\Kernel->sendRequestThroughRouter(Object(Illuminate\\Http\\Request))
#61 C:\\xampp\\htdocs\\grupocorein\\index.php(55): Illuminate\\Foundation\\Http\\Kernel->handle(Object(Illuminate\\Http\\Request))
#62 {main}
"} 
[2024-04-23 12:37:26] local.ERROR: syntax error, unexpected '{' (View: C:\xampp\htdocs\grupocorein\core\resources\views\front\checkout\gen_pdforderpreview.blade.php) {"userId":1,"exception":"[object] (Facade\\Ignition\\Exceptions\\ViewException(code: 0): syntax error, unexpected '{' (View: C:\\xampp\\htdocs\\grupocorein\\core\\resources\\views\\front\\checkout\\gen_pdforderpreview.blade.php) at C:\\xampp\\htdocs\\grupocorein\\core\\resources\\views/front/checkout/gen_pdforderpreview.blade.php:138)
[stacktrace]
#0 C:\\xampp\\htdocs\\grupocorein\\core\\vendor\\laravel\\framework\\src\\Illuminate\\View\\Engines\\CompilerEngine.php(57): Illuminate\\View\\Engines\\PhpEngine->evaluatePath('C:\\\\xampp\\\\htdocs...', Array)
#1 C:\\xampp\\htdocs\\grupocorein\\core\\vendor\\facade\\ignition\\src\\Views\\Engines\\CompilerEngine.php(37): Illuminate\\View\\Engines\\CompilerEngine->get('C:\\\\xampp\\\\htdocs...', Array)
#2 C:\\xampp\\htdocs\\grupocorein\\core\\vendor\\laravel\\framework\\src\\Illuminate\\View\\View.php(139): Facade\\Ignition\\Views\\Engines\\CompilerEngine->get('C:\\\\xampp\\\\htdocs...', Array)
#3 C:\\xampp\\htdocs\\grupocorein\\core\\vendor\\laravel\\framework\\src\\Illuminate\\View\\View.php(122): Illuminate\\View\\View->getContents()
#4 C:\\xampp\\htdocs\\grupocorein\\core\\vendor\\laravel\\framework\\src\\Illuminate\\View\\View.php(91): Illuminate\\View\\View->renderContents()
#5 C:\\xampp\\htdocs\\grupocorein\\core\\vendor\\barryvdh\\laravel-dompdf\\src\\PDF.php(140): Illuminate\\View\\View->render()
#6 C:\\xampp\\htdocs\\grupocorein\\core\\app\\Http\\Controllers\\Front\\CheckoutController.php(1393): Barryvdh\\DomPDF\\PDF->loadView('front.checkout....', Array)
#7 C:\\xampp\\htdocs\\grupocorein\\core\\vendor\\laravel\\framework\\src\\Illuminate\\Routing\\Controller.php(54): App\\Http\\Controllers\\Front\\CheckoutController->getGeneratePDFOrderPreview()
#8 C:\\xampp\\htdocs\\grupocorein\\core\\vendor\\laravel\\framework\\src\\Illuminate\\Routing\\ControllerDispatcher.php(45): Illuminate\\Routing\\Controller->callAction('getGeneratePDFO...', Array)
#9 C:\\xampp\\htdocs\\grupocorein\\core\\vendor\\laravel\\framework\\src\\Illuminate\\Routing\\Route.php(239): Illuminate\\Routing\\ControllerDispatcher->dispatch(Object(Illuminate\\Routing\\Route), Object(App\\Http\\Controllers\\Front\\CheckoutController), 'getGeneratePDFO...')
#10 C:\\xampp\\htdocs\\grupocorein\\core\\vendor\\laravel\\framework\\src\\Illuminate\\Routing\\Route.php(196): Illuminate\\Routing\\Route->runController()
#11 C:\\xampp\\htdocs\\grupocorein\\core\\vendor\\laravel\\framework\\src\\Illuminate\\Routing\\Router.php(685): Illuminate\\Routing\\Route->run()
#12 C:\\xampp\\htdocs\\grupocorein\\core\\vendor\\laravel\\framework\\src\\Illuminate\\Pipeline\\Pipeline.php(128): Illuminate\\Routing\\Router->Illuminate\\Routing\\{closure}(Object(Illuminate\\Http\\Request))
#13 C:\\xampp\\htdocs\\grupocorein\\core\\app\\Http\\Middleware\\Localization.php(30): Illuminate\\Pipeline\\Pipeline->Illuminate\\Pipeline\\{closure}(Object(Illuminate\\Http\\Request))
#14 C:\\xampp\\htdocs\\grupocorein\\core\\vendor\\laravel\\framework\\src\\Illuminate\\Pipeline\\Pipeline.php(167): App\\Http\\Middleware\\Localization->handle(Object(Illuminate\\Http\\Request), Object(Closure))
#15 C:\\xampp\\htdocs\\grupocorein\\core\\app\\Http\\Middleware\\Maintainance.php(13): Illuminate\\Pipeline\\Pipeline->Illuminate\\Pipeline\\{closure}(Object(Illuminate\\Http\\Request))
#16 C:\\xampp\\htdocs\\grupocorein\\core\\vendor\\laravel\\framework\\src\\Illuminate\\Pipeline\\Pipeline.php(167): App\\Http\\Middleware\\Maintainance->handle(Object(Illuminate\\Http\\Request), Object(Closure))
#17 C:\\xampp\\htdocs\\grupocorein\\core\\vendor\\laravel\\framework\\src\\Illuminate\\Routing\\Middleware\\SubstituteBindings.php(41): Illuminate\\Pipeline\\Pipeline->Illuminate\\Pipeline\\{closure}(Object(Illuminate\\Http\\Request))
#18 C:\\xampp\\htdocs\\grupocorein\\core\\vendor\\laravel\\framework\\src\\Illuminate\\Pipeline\\Pipeline.php(167): Illuminate\\Routing\\Middleware\\SubstituteBindings->handle(Object(Illuminate\\Http\\Request), Object(Closure))
#19 C:\\xampp\\htdocs\\grupocorein\\core\\vendor\\laravel\\framework\\src\\Illuminate\\Auth\\Middleware\\Authenticate.php(44): Illuminate\\Pipeline\\Pipeline->Illuminate\\Pipeline\\{closure}(Object(Illuminate\\Http\\Request))
#20 C:\\xampp\\htdocs\\grupocorein\\core\\vendor\\laravel\\framework\\src\\Illuminate\\Pipeline\\Pipeline.php(167): Illuminate\\Auth\\Middleware\\Authenticate->handle(Object(Illuminate\\Http\\Request), Object(Closure))
#21 C:\\xampp\\htdocs\\grupocorein\\core\\vendor\\laravel\\framework\\src\\Illuminate\\Foundation\\Http\\Middleware\\VerifyCsrfToken.php(78): Illuminate\\Pipeline\\Pipeline->Illuminate\\Pipeline\\{closure}(Object(Illuminate\\Http\\Request))
#22 C:\\xampp\\htdocs\\grupocorein\\core\\vendor\\laravel\\framework\\src\\Illuminate\\Pipeline\\Pipeline.php(167): Illuminate\\Foundation\\Http\\Middleware\\VerifyCsrfToken->handle(Object(Illuminate\\Http\\Request), Object(Closure))
#23 C:\\xampp\\htdocs\\grupocorein\\core\\vendor\\laravel\\framework\\src\\Illuminate\\View\\Middleware\\ShareErrorsFromSession.php(49): Illuminate\\Pipeline\\Pipeline->Illuminate\\Pipeline\\{closure}(Object(Illuminate\\Http\\Request))
#24 C:\\xampp\\htdocs\\grupocorein\\core\\vendor\\laravel\\framework\\src\\Illuminate\\Pipeline\\Pipeline.php(167): Illuminate\\View\\Middleware\\ShareErrorsFromSession->handle(Object(Illuminate\\Http\\Request), Object(Closure))
#25 C:\\xampp\\htdocs\\grupocorein\\core\\vendor\\laravel\\framework\\src\\Illuminate\\Session\\Middleware\\StartSession.php(116): Illuminate\\Pipeline\\Pipeline->Illuminate\\Pipeline\\{closure}(Object(Illuminate\\Http\\Request))
#26 C:\\xampp\\htdocs\\grupocorein\\core\\vendor\\laravel\\framework\\src\\Illuminate\\Session\\Middleware\\StartSession.php(62): Illuminate\\Session\\Middleware\\StartSession->handleStatefulRequest(Object(Illuminate\\Http\\Request), Object(Illuminate\\Session\\Store), Object(Closure))
#27 C:\\xampp\\htdocs\\grupocorein\\core\\vendor\\laravel\\framework\\src\\Illuminate\\Pipeline\\Pipeline.php(167): Illuminate\\Session\\Middleware\\StartSession->handle(Object(Illuminate\\Http\\Request), Object(Closure))
#28 C:\\xampp\\htdocs\\grupocorein\\core\\vendor\\laravel\\framework\\src\\Illuminate\\Cookie\\Middleware\\AddQueuedCookiesToResponse.php(37): Illuminate\\Pipeline\\Pipeline->Illuminate\\Pipeline\\{closure}(Object(Illuminate\\Http\\Request))
#29 C:\\xampp\\htdocs\\grupocorein\\core\\vendor\\laravel\\framework\\src\\Illuminate\\Pipeline\\Pipeline.php(167): Illuminate\\Cookie\\Middleware\\AddQueuedCookiesToResponse->handle(Object(Illuminate\\Http\\Request), Object(Closure))
#30 C:\\xampp\\htdocs\\grupocorein\\core\\vendor\\laravel\\framework\\src\\Illuminate\\Cookie\\Middleware\\EncryptCookies.php(67): Illuminate\\Pipeline\\Pipeline->Illuminate\\Pipeline\\{closure}(Object(Illuminate\\Http\\Request))
#31 C:\\xampp\\htdocs\\grupocorein\\core\\vendor\\laravel\\framework\\src\\Illuminate\\Pipeline\\Pipeline.php(167): Illuminate\\Cookie\\Middleware\\EncryptCookies->handle(Object(Illuminate\\Http\\Request), Object(Closure))
#32 C:\\xampp\\htdocs\\grupocorein\\core\\vendor\\laravel\\framework\\src\\Illuminate\\Pipeline\\Pipeline.php(103): Illuminate\\Pipeline\\Pipeline->Illuminate\\Pipeline\\{closure}(Object(Illuminate\\Http\\Request))
#33 C:\\xampp\\htdocs\\grupocorein\\core\\vendor\\laravel\\framework\\src\\Illuminate\\Routing\\Router.php(687): Illuminate\\Pipeline\\Pipeline->then(Object(Closure))
#34 C:\\xampp\\htdocs\\grupocorein\\core\\vendor\\laravel\\framework\\src\\Illuminate\\Routing\\Router.php(662): Illuminate\\Routing\\Router->runRouteWithinStack(Object(Illuminate\\Routing\\Route), Object(Illuminate\\Http\\Request))
#35 C:\\xampp\\htdocs\\grupocorein\\core\\vendor\\laravel\\framework\\src\\Illuminate\\Routing\\Router.php(628): Illuminate\\Routing\\Router->runRoute(Object(Illuminate\\Http\\Request), Object(Illuminate\\Routing\\Route))
#36 C:\\xampp\\htdocs\\grupocorein\\core\\vendor\\laravel\\framework\\src\\Illuminate\\Routing\\Router.php(617): Illuminate\\Routing\\Router->dispatchToRoute(Object(Illuminate\\Http\\Request))
#37 C:\\xampp\\htdocs\\grupocorein\\core\\vendor\\laravel\\framework\\src\\Illuminate\\Foundation\\Http\\Kernel.php(165): Illuminate\\Routing\\Router->dispatch(Object(Illuminate\\Http\\Request))
#38 C:\\xampp\\htdocs\\grupocorein\\core\\vendor\\laravel\\framework\\src\\Illuminate\\Pipeline\\Pipeline.php(128): Illuminate\\Foundation\\Http\\Kernel->Illuminate\\Foundation\\Http\\{closure}(Object(Illuminate\\Http\\Request))
#39 C:\\xampp\\htdocs\\grupocorein\\core\\vendor\\barryvdh\\laravel-debugbar\\src\\Middleware\\InjectDebugbar.php(66): Illuminate\\Pipeline\\Pipeline->Illuminate\\Pipeline\\{closure}(Object(Illuminate\\Http\\Request))
#40 C:\\xampp\\htdocs\\grupocorein\\core\\vendor\\laravel\\framework\\src\\Illuminate\\Pipeline\\Pipeline.php(167): Barryvdh\\Debugbar\\Middleware\\InjectDebugbar->handle(Object(Illuminate\\Http\\Request), Object(Closure))
#41 C:\\xampp\\htdocs\\grupocorein\\core\\vendor\\fideloper\\proxy\\src\\TrustProxies.php(57): Illuminate\\Pipeline\\Pipeline->Illuminate\\Pipeline\\{closure}(Object(Illuminate\\Http\\Request))
#42 C:\\xampp\\htdocs\\grupocorein\\core\\vendor\\laravel\\framework\\src\\Illuminate\\Pipeline\\Pipeline.php(167): Fideloper\\Proxy\\TrustProxies->handle(Object(Illuminate\\Http\\Request), Object(Closure))
#43 C:\\xampp\\htdocs\\grupocorein\\core\\vendor\\laravel\\framework\\src\\Illuminate\\Foundation\\Http\\Middleware\\TransformsRequest.php(21): Illuminate\\Pipeline\\Pipeline->Illuminate\\Pipeline\\{closure}(Object(Illuminate\\Http\\Request))
#44 C:\\xampp\\htdocs\\grupocorein\\core\\vendor\\laravel\\framework\\src\\Illuminate\\Pipeline\\Pipeline.php(167): Illuminate\\Foundation\\Http\\Middleware\\TransformsRequest->handle(Object(Illuminate\\Http\\Request), Object(Closure))
#45 C:\\xampp\\htdocs\\grupocorein\\core\\vendor\\laravel\\framework\\src\\Illuminate\\Foundation\\Http\\Middleware\\TransformsRequest.php(21): Illuminate\\Pipeline\\Pipeline->Illuminate\\Pipeline\\{closure}(Object(Illuminate\\Http\\Request))
#46 C:\\xampp\\htdocs\\grupocorein\\core\\vendor\\laravel\\framework\\src\\Illuminate\\Pipeline\\Pipeline.php(167): Illuminate\\Foundation\\Http\\Middleware\\TransformsRequest->handle(Object(Illuminate\\Http\\Request), Object(Closure))
#47 C:\\xampp\\htdocs\\grupocorein\\core\\vendor\\laravel\\framework\\src\\Illuminate\\Foundation\\Http\\Middleware\\ValidatePostSize.php(27): Illuminate\\Pipeline\\Pipeline->Illuminate\\Pipeline\\{closure}(Object(Illuminate\\Http\\Request))
#48 C:\\xampp\\htdocs\\grupocorein\\core\\vendor\\laravel\\framework\\src\\Illuminate\\Pipeline\\Pipeline.php(167): Illuminate\\Foundation\\Http\\Middleware\\ValidatePostSize->handle(Object(Illuminate\\Http\\Request), Object(Closure))
#49 C:\\xampp\\htdocs\\grupocorein\\core\\vendor\\laravel\\framework\\src\\Illuminate\\Foundation\\Http\\Middleware\\CheckForMaintenanceMode.php(63): Illuminate\\Pipeline\\Pipeline->Illuminate\\Pipeline\\{closure}(Object(Illuminate\\Http\\Request))
#50 C:\\xampp\\htdocs\\grupocorein\\core\\vendor\\laravel\\framework\\src\\Illuminate\\Pipeline\\Pipeline.php(167): Illuminate\\Foundation\\Http\\Middleware\\CheckForMaintenanceMode->handle(Object(Illuminate\\Http\\Request), Object(Closure))
#51 C:\\xampp\\htdocs\\grupocorein\\core\\vendor\\laravel\\framework\\src\\Illuminate\\Pipeline\\Pipeline.php(103): Illuminate\\Pipeline\\Pipeline->Illuminate\\Pipeline\\{closure}(Object(Illuminate\\Http\\Request))
#52 C:\\xampp\\htdocs\\grupocorein\\core\\vendor\\laravel\\framework\\src\\Illuminate\\Foundation\\Http\\Kernel.php(140): Illuminate\\Pipeline\\Pipeline->then(Object(Closure))
#53 C:\\xampp\\htdocs\\grupocorein\\core\\vendor\\laravel\\framework\\src\\Illuminate\\Foundation\\Http\\Kernel.php(109): Illuminate\\Foundation\\Http\\Kernel->sendRequestThroughRouter(Object(Illuminate\\Http\\Request))
#54 C:\\xampp\\htdocs\\grupocorein\\index.php(55): Illuminate\\Foundation\\Http\\Kernel->handle(Object(Illuminate\\Http\\Request))
#55 {main}

[previous exception] [object] (ParseError(code: 0): syntax error, unexpected '{' at C:\\xampp\\htdocs\\grupocorein\\core\\storage\\framework\\views\\88d5d65c48a2f6415a8a2185ad7f3b59f0409bbf.php:138)
[stacktrace]
#0 C:\\xampp\\htdocs\\grupocorein\\core\\vendor\\laravel\\framework\\src\\Illuminate\\View\\Engines\\CompilerEngine.php(57): Illuminate\\View\\Engines\\PhpEngine->evaluatePath('C:\\\\xampp\\\\htdocs...', Array)
#1 C:\\xampp\\htdocs\\grupocorein\\core\\vendor\\facade\\ignition\\src\\Views\\Engines\\CompilerEngine.php(37): Illuminate\\View\\Engines\\CompilerEngine->get('C:\\\\xampp\\\\htdocs...', Array)
#2 C:\\xampp\\htdocs\\grupocorein\\core\\vendor\\laravel\\framework\\src\\Illuminate\\View\\View.php(139): Facade\\Ignition\\Views\\Engines\\CompilerEngine->get('C:\\\\xampp\\\\htdocs...', Array)
#3 C:\\xampp\\htdocs\\grupocorein\\core\\vendor\\laravel\\framework\\src\\Illuminate\\View\\View.php(122): Illuminate\\View\\View->getContents()
#4 C:\\xampp\\htdocs\\grupocorein\\core\\vendor\\laravel\\framework\\src\\Illuminate\\View\\View.php(91): Illuminate\\View\\View->renderContents()
#5 C:\\xampp\\htdocs\\grupocorein\\core\\vendor\\barryvdh\\laravel-dompdf\\src\\PDF.php(140): Illuminate\\View\\View->render()
#6 C:\\xampp\\htdocs\\grupocorein\\core\\app\\Http\\Controllers\\Front\\CheckoutController.php(1393): Barryvdh\\DomPDF\\PDF->loadView('front.checkout....', Array)
#7 C:\\xampp\\htdocs\\grupocorein\\core\\vendor\\laravel\\framework\\src\\Illuminate\\Routing\\Controller.php(54): App\\Http\\Controllers\\Front\\CheckoutController->getGeneratePDFOrderPreview()
#8 C:\\xampp\\htdocs\\grupocorein\\core\\vendor\\laravel\\framework\\src\\Illuminate\\Routing\\ControllerDispatcher.php(45): Illuminate\\Routing\\Controller->callAction('getGeneratePDFO...', Array)
#9 C:\\xampp\\htdocs\\grupocorein\\core\\vendor\\laravel\\framework\\src\\Illuminate\\Routing\\Route.php(239): Illuminate\\Routing\\ControllerDispatcher->dispatch(Object(Illuminate\\Routing\\Route), Object(App\\Http\\Controllers\\Front\\CheckoutController), 'getGeneratePDFO...')
#10 C:\\xampp\\htdocs\\grupocorein\\core\\vendor\\laravel\\framework\\src\\Illuminate\\Routing\\Route.php(196): Illuminate\\Routing\\Route->runController()
#11 C:\\xampp\\htdocs\\grupocorein\\core\\vendor\\laravel\\framework\\src\\Illuminate\\Routing\\Router.php(685): Illuminate\\Routing\\Route->run()
#12 C:\\xampp\\htdocs\\grupocorein\\core\\vendor\\laravel\\framework\\src\\Illuminate\\Pipeline\\Pipeline.php(128): Illuminate\\Routing\\Router->Illuminate\\Routing\\{closure}(Object(Illuminate\\Http\\Request))
#13 C:\\xampp\\htdocs\\grupocorein\\core\\app\\Http\\Middleware\\Localization.php(30): Illuminate\\Pipeline\\Pipeline->Illuminate\\Pipeline\\{closure}(Object(Illuminate\\Http\\Request))
#14 C:\\xampp\\htdocs\\grupocorein\\core\\vendor\\laravel\\framework\\src\\Illuminate\\Pipeline\\Pipeline.php(167): App\\Http\\Middleware\\Localization->handle(Object(Illuminate\\Http\\Request), Object(Closure))
#15 C:\\xampp\\htdocs\\grupocorein\\core\\app\\Http\\Middleware\\Maintainance.php(13): Illuminate\\Pipeline\\Pipeline->Illuminate\\Pipeline\\{closure}(Object(Illuminate\\Http\\Request))
#16 C:\\xampp\\htdocs\\grupocorein\\core\\vendor\\laravel\\framework\\src\\Illuminate\\Pipeline\\Pipeline.php(167): App\\Http\\Middleware\\Maintainance->handle(Object(Illuminate\\Http\\Request), Object(Closure))
#17 C:\\xampp\\htdocs\\grupocorein\\core\\vendor\\laravel\\framework\\src\\Illuminate\\Routing\\Middleware\\SubstituteBindings.php(41): Illuminate\\Pipeline\\Pipeline->Illuminate\\Pipeline\\{closure}(Object(Illuminate\\Http\\Request))
#18 C:\\xampp\\htdocs\\grupocorein\\core\\vendor\\laravel\\framework\\src\\Illuminate\\Pipeline\\Pipeline.php(167): Illuminate\\Routing\\Middleware\\SubstituteBindings->handle(Object(Illuminate\\Http\\Request), Object(Closure))
#19 C:\\xampp\\htdocs\\grupocorein\\core\\vendor\\laravel\\framework\\src\\Illuminate\\Auth\\Middleware\\Authenticate.php(44): Illuminate\\Pipeline\\Pipeline->Illuminate\\Pipeline\\{closure}(Object(Illuminate\\Http\\Request))
#20 C:\\xampp\\htdocs\\grupocorein\\core\\vendor\\laravel\\framework\\src\\Illuminate\\Pipeline\\Pipeline.php(167): Illuminate\\Auth\\Middleware\\Authenticate->handle(Object(Illuminate\\Http\\Request), Object(Closure))
#21 C:\\xampp\\htdocs\\grupocorein\\core\\vendor\\laravel\\framework\\src\\Illuminate\\Foundation\\Http\\Middleware\\VerifyCsrfToken.php(78): Illuminate\\Pipeline\\Pipeline->Illuminate\\Pipeline\\{closure}(Object(Illuminate\\Http\\Request))
#22 C:\\xampp\\htdocs\\grupocorein\\core\\vendor\\laravel\\framework\\src\\Illuminate\\Pipeline\\Pipeline.php(167): Illuminate\\Foundation\\Http\\Middleware\\VerifyCsrfToken->handle(Object(Illuminate\\Http\\Request), Object(Closure))
#23 C:\\xampp\\htdocs\\grupocorein\\core\\vendor\\laravel\\framework\\src\\Illuminate\\View\\Middleware\\ShareErrorsFromSession.php(49): Illuminate\\Pipeline\\Pipeline->Illuminate\\Pipeline\\{closure}(Object(Illuminate\\Http\\Request))
#24 C:\\xampp\\htdocs\\grupocorein\\core\\vendor\\laravel\\framework\\src\\Illuminate\\Pipeline\\Pipeline.php(167): Illuminate\\View\\Middleware\\ShareErrorsFromSession->handle(Object(Illuminate\\Http\\Request), Object(Closure))
#25 C:\\xampp\\htdocs\\grupocorein\\core\\vendor\\laravel\\framework\\src\\Illuminate\\Session\\Middleware\\StartSession.php(116): Illuminate\\Pipeline\\Pipeline->Illuminate\\Pipeline\\{closure}(Object(Illuminate\\Http\\Request))
#26 C:\\xampp\\htdocs\\grupocorein\\core\\vendor\\laravel\\framework\\src\\Illuminate\\Session\\Middleware\\StartSession.php(62): Illuminate\\Session\\Middleware\\StartSession->handleStatefulRequest(Object(Illuminate\\Http\\Request), Object(Illuminate\\Session\\Store), Object(Closure))
#27 C:\\xampp\\htdocs\\grupocorein\\core\\vendor\\laravel\\framework\\src\\Illuminate\\Pipeline\\Pipeline.php(167): Illuminate\\Session\\Middleware\\StartSession->handle(Object(Illuminate\\Http\\Request), Object(Closure))
#28 C:\\xampp\\htdocs\\grupocorein\\core\\vendor\\laravel\\framework\\src\\Illuminate\\Cookie\\Middleware\\AddQueuedCookiesToResponse.php(37): Illuminate\\Pipeline\\Pipeline->Illuminate\\Pipeline\\{closure}(Object(Illuminate\\Http\\Request))
#29 C:\\xampp\\htdocs\\grupocorein\\core\\vendor\\laravel\\framework\\src\\Illuminate\\Pipeline\\Pipeline.php(167): Illuminate\\Cookie\\Middleware\\AddQueuedCookiesToResponse->handle(Object(Illuminate\\Http\\Request), Object(Closure))
#30 C:\\xampp\\htdocs\\grupocorein\\core\\vendor\\laravel\\framework\\src\\Illuminate\\Cookie\\Middleware\\EncryptCookies.php(67): Illuminate\\Pipeline\\Pipeline->Illuminate\\Pipeline\\{closure}(Object(Illuminate\\Http\\Request))
#31 C:\\xampp\\htdocs\\grupocorein\\core\\vendor\\laravel\\framework\\src\\Illuminate\\Pipeline\\Pipeline.php(167): Illuminate\\Cookie\\Middleware\\EncryptCookies->handle(Object(Illuminate\\Http\\Request), Object(Closure))
#32 C:\\xampp\\htdocs\\grupocorein\\core\\vendor\\laravel\\framework\\src\\Illuminate\\Pipeline\\Pipeline.php(103): Illuminate\\Pipeline\\Pipeline->Illuminate\\Pipeline\\{closure}(Object(Illuminate\\Http\\Request))
#33 C:\\xampp\\htdocs\\grupocorein\\core\\vendor\\laravel\\framework\\src\\Illuminate\\Routing\\Router.php(687): Illuminate\\Pipeline\\Pipeline->then(Object(Closure))
#34 C:\\xampp\\htdocs\\grupocorein\\core\\vendor\\laravel\\framework\\src\\Illuminate\\Routing\\Router.php(662): Illuminate\\Routing\\Router->runRouteWithinStack(Object(Illuminate\\Routing\\Route), Object(Illuminate\\Http\\Request))
#35 C:\\xampp\\htdocs\\grupocorein\\core\\vendor\\laravel\\framework\\src\\Illuminate\\Routing\\Router.php(628): Illuminate\\Routing\\Router->runRoute(Object(Illuminate\\Http\\Request), Object(Illuminate\\Routing\\Route))
#36 C:\\xampp\\htdocs\\grupocorein\\core\\vendor\\laravel\\framework\\src\\Illuminate\\Routing\\Router.php(617): Illuminate\\Routing\\Router->dispatchToRoute(Object(Illuminate\\Http\\Request))
#37 C:\\xampp\\htdocs\\grupocorein\\core\\vendor\\laravel\\framework\\src\\Illuminate\\Foundation\\Http\\Kernel.php(165): Illuminate\\Routing\\Router->dispatch(Object(Illuminate\\Http\\Request))
#38 C:\\xampp\\htdocs\\grupocorein\\core\\vendor\\laravel\\framework\\src\\Illuminate\\Pipeline\\Pipeline.php(128): Illuminate\\Foundation\\Http\\Kernel->Illuminate\\Foundation\\Http\\{closure}(Object(Illuminate\\Http\\Request))
#39 C:\\xampp\\htdocs\\grupocorein\\core\\vendor\\barryvdh\\laravel-debugbar\\src\\Middleware\\InjectDebugbar.php(66): Illuminate\\Pipeline\\Pipeline->Illuminate\\Pipeline\\{closure}(Object(Illuminate\\Http\\Request))
#40 C:\\xampp\\htdocs\\grupocorein\\core\\vendor\\laravel\\framework\\src\\Illuminate\\Pipeline\\Pipeline.php(167): Barryvdh\\Debugbar\\Middleware\\InjectDebugbar->handle(Object(Illuminate\\Http\\Request), Object(Closure))
#41 C:\\xampp\\htdocs\\grupocorein\\core\\vendor\\fideloper\\proxy\\src\\TrustProxies.php(57): Illuminate\\Pipeline\\Pipeline->Illuminate\\Pipeline\\{closure}(Object(Illuminate\\Http\\Request))
#42 C:\\xampp\\htdocs\\grupocorein\\core\\vendor\\laravel\\framework\\src\\Illuminate\\Pipeline\\Pipeline.php(167): Fideloper\\Proxy\\TrustProxies->handle(Object(Illuminate\\Http\\Request), Object(Closure))
#43 C:\\xampp\\htdocs\\grupocorein\\core\\vendor\\laravel\\framework\\src\\Illuminate\\Foundation\\Http\\Middleware\\TransformsRequest.php(21): Illuminate\\Pipeline\\Pipeline->Illuminate\\Pipeline\\{closure}(Object(Illuminate\\Http\\Request))
#44 C:\\xampp\\htdocs\\grupocorein\\core\\vendor\\laravel\\framework\\src\\Illuminate\\Pipeline\\Pipeline.php(167): Illuminate\\Foundation\\Http\\Middleware\\TransformsRequest->handle(Object(Illuminate\\Http\\Request), Object(Closure))
#45 C:\\xampp\\htdocs\\grupocorein\\core\\vendor\\laravel\\framework\\src\\Illuminate\\Foundation\\Http\\Middleware\\TransformsRequest.php(21): Illuminate\\Pipeline\\Pipeline->Illuminate\\Pipeline\\{closure}(Object(Illuminate\\Http\\Request))
#46 C:\\xampp\\htdocs\\grupocorein\\core\\vendor\\laravel\\framework\\src\\Illuminate\\Pipeline\\Pipeline.php(167): Illuminate\\Foundation\\Http\\Middleware\\TransformsRequest->handle(Object(Illuminate\\Http\\Request), Object(Closure))
#47 C:\\xampp\\htdocs\\grupocorein\\core\\vendor\\laravel\\framework\\src\\Illuminate\\Foundation\\Http\\Middleware\\ValidatePostSize.php(27): Illuminate\\Pipeline\\Pipeline->Illuminate\\Pipeline\\{closure}(Object(Illuminate\\Http\\Request))
#48 C:\\xampp\\htdocs\\grupocorein\\core\\vendor\\laravel\\framework\\src\\Illuminate\\Pipeline\\Pipeline.php(167): Illuminate\\Foundation\\Http\\Middleware\\ValidatePostSize->handle(Object(Illuminate\\Http\\Request), Object(Closure))
#49 C:\\xampp\\htdocs\\grupocorein\\core\\vendor\\laravel\\framework\\src\\Illuminate\\Foundation\\Http\\Middleware\\CheckForMaintenanceMode.php(63): Illuminate\\Pipeline\\Pipeline->Illuminate\\Pipeline\\{closure}(Object(Illuminate\\Http\\Request))
#50 C:\\xampp\\htdocs\\grupocorein\\core\\vendor\\laravel\\framework\\src\\Illuminate\\Pipeline\\Pipeline.php(167): Illuminate\\Foundation\\Http\\Middleware\\CheckForMaintenanceMode->handle(Object(Illuminate\\Http\\Request), Object(Closure))
#51 C:\\xampp\\htdocs\\grupocorein\\core\\vendor\\laravel\\framework\\src\\Illuminate\\Pipeline\\Pipeline.php(103): Illuminate\\Pipeline\\Pipeline->Illuminate\\Pipeline\\{closure}(Object(Illuminate\\Http\\Request))
#52 C:\\xampp\\htdocs\\grupocorein\\core\\vendor\\laravel\\framework\\src\\Illuminate\\Foundation\\Http\\Kernel.php(140): Illuminate\\Pipeline\\Pipeline->then(Object(Closure))
#53 C:\\xampp\\htdocs\\grupocorein\\core\\vendor\\laravel\\framework\\src\\Illuminate\\Foundation\\Http\\Kernel.php(109): Illuminate\\Foundation\\Http\\Kernel->sendRequestThroughRouter(Object(Illuminate\\Http\\Request))
#54 C:\\xampp\\htdocs\\grupocorein\\index.php(55): Illuminate\\Foundation\\Http\\Kernel->handle(Object(Illuminate\\Http\\Request))
#55 {main}
"} 
[2024-04-23 12:37:33] local.ERROR: syntax error, unexpected '{' (View: C:\xampp\htdocs\grupocorein\core\resources\views\front\checkout\gen_pdforderpreview.blade.php) {"userId":1,"exception":"[object] (Facade\\Ignition\\Exceptions\\ViewException(code: 0): syntax error, unexpected '{' (View: C:\\xampp\\htdocs\\grupocorein\\core\\resources\\views\\front\\checkout\\gen_pdforderpreview.blade.php) at C:\\xampp\\htdocs\\grupocorein\\core\\resources\\views/front/checkout/gen_pdforderpreview.blade.php:138)
[stacktrace]
#0 C:\\xampp\\htdocs\\grupocorein\\core\\vendor\\laravel\\framework\\src\\Illuminate\\View\\Engines\\CompilerEngine.php(57): Illuminate\\View\\Engines\\PhpEngine->evaluatePath('C:\\\\xampp\\\\htdocs...', Array)
#1 C:\\xampp\\htdocs\\grupocorein\\core\\vendor\\facade\\ignition\\src\\Views\\Engines\\CompilerEngine.php(37): Illuminate\\View\\Engines\\CompilerEngine->get('C:\\\\xampp\\\\htdocs...', Array)
#2 C:\\xampp\\htdocs\\grupocorein\\core\\vendor\\laravel\\framework\\src\\Illuminate\\View\\View.php(139): Facade\\Ignition\\Views\\Engines\\CompilerEngine->get('C:\\\\xampp\\\\htdocs...', Array)
#3 C:\\xampp\\htdocs\\grupocorein\\core\\vendor\\laravel\\framework\\src\\Illuminate\\View\\View.php(122): Illuminate\\View\\View->getContents()
#4 C:\\xampp\\htdocs\\grupocorein\\core\\vendor\\laravel\\framework\\src\\Illuminate\\View\\View.php(91): Illuminate\\View\\View->renderContents()
#5 C:\\xampp\\htdocs\\grupocorein\\core\\vendor\\barryvdh\\laravel-dompdf\\src\\PDF.php(140): Illuminate\\View\\View->render()
#6 C:\\xampp\\htdocs\\grupocorein\\core\\app\\Http\\Controllers\\Front\\CheckoutController.php(1393): Barryvdh\\DomPDF\\PDF->loadView('front.checkout....', Array)
#7 C:\\xampp\\htdocs\\grupocorein\\core\\vendor\\laravel\\framework\\src\\Illuminate\\Routing\\Controller.php(54): App\\Http\\Controllers\\Front\\CheckoutController->getGeneratePDFOrderPreview()
#8 C:\\xampp\\htdocs\\grupocorein\\core\\vendor\\laravel\\framework\\src\\Illuminate\\Routing\\ControllerDispatcher.php(45): Illuminate\\Routing\\Controller->callAction('getGeneratePDFO...', Array)
#9 C:\\xampp\\htdocs\\grupocorein\\core\\vendor\\laravel\\framework\\src\\Illuminate\\Routing\\Route.php(239): Illuminate\\Routing\\ControllerDispatcher->dispatch(Object(Illuminate\\Routing\\Route), Object(App\\Http\\Controllers\\Front\\CheckoutController), 'getGeneratePDFO...')
#10 C:\\xampp\\htdocs\\grupocorein\\core\\vendor\\laravel\\framework\\src\\Illuminate\\Routing\\Route.php(196): Illuminate\\Routing\\Route->runController()
#11 C:\\xampp\\htdocs\\grupocorein\\core\\vendor\\laravel\\framework\\src\\Illuminate\\Routing\\Router.php(685): Illuminate\\Routing\\Route->run()
#12 C:\\xampp\\htdocs\\grupocorein\\core\\vendor\\laravel\\framework\\src\\Illuminate\\Pipeline\\Pipeline.php(128): Illuminate\\Routing\\Router->Illuminate\\Routing\\{closure}(Object(Illuminate\\Http\\Request))
#13 C:\\xampp\\htdocs\\grupocorein\\core\\app\\Http\\Middleware\\Localization.php(30): Illuminate\\Pipeline\\Pipeline->Illuminate\\Pipeline\\{closure}(Object(Illuminate\\Http\\Request))
#14 C:\\xampp\\htdocs\\grupocorein\\core\\vendor\\laravel\\framework\\src\\Illuminate\\Pipeline\\Pipeline.php(167): App\\Http\\Middleware\\Localization->handle(Object(Illuminate\\Http\\Request), Object(Closure))
#15 C:\\xampp\\htdocs\\grupocorein\\core\\app\\Http\\Middleware\\Maintainance.php(13): Illuminate\\Pipeline\\Pipeline->Illuminate\\Pipeline\\{closure}(Object(Illuminate\\Http\\Request))
#16 C:\\xampp\\htdocs\\grupocorein\\core\\vendor\\laravel\\framework\\src\\Illuminate\\Pipeline\\Pipeline.php(167): App\\Http\\Middleware\\Maintainance->handle(Object(Illuminate\\Http\\Request), Object(Closure))
#17 C:\\xampp\\htdocs\\grupocorein\\core\\vendor\\laravel\\framework\\src\\Illuminate\\Routing\\Middleware\\SubstituteBindings.php(41): Illuminate\\Pipeline\\Pipeline->Illuminate\\Pipeline\\{closure}(Object(Illuminate\\Http\\Request))
#18 C:\\xampp\\htdocs\\grupocorein\\core\\vendor\\laravel\\framework\\src\\Illuminate\\Pipeline\\Pipeline.php(167): Illuminate\\Routing\\Middleware\\SubstituteBindings->handle(Object(Illuminate\\Http\\Request), Object(Closure))
#19 C:\\xampp\\htdocs\\grupocorein\\core\\vendor\\laravel\\framework\\src\\Illuminate\\Auth\\Middleware\\Authenticate.php(44): Illuminate\\Pipeline\\Pipeline->Illuminate\\Pipeline\\{closure}(Object(Illuminate\\Http\\Request))
#20 C:\\xampp\\htdocs\\grupocorein\\core\\vendor\\laravel\\framework\\src\\Illuminate\\Pipeline\\Pipeline.php(167): Illuminate\\Auth\\Middleware\\Authenticate->handle(Object(Illuminate\\Http\\Request), Object(Closure))
#21 C:\\xampp\\htdocs\\grupocorein\\core\\vendor\\laravel\\framework\\src\\Illuminate\\Foundation\\Http\\Middleware\\VerifyCsrfToken.php(78): Illuminate\\Pipeline\\Pipeline->Illuminate\\Pipeline\\{closure}(Object(Illuminate\\Http\\Request))
#22 C:\\xampp\\htdocs\\grupocorein\\core\\vendor\\laravel\\framework\\src\\Illuminate\\Pipeline\\Pipeline.php(167): Illuminate\\Foundation\\Http\\Middleware\\VerifyCsrfToken->handle(Object(Illuminate\\Http\\Request), Object(Closure))
#23 C:\\xampp\\htdocs\\grupocorein\\core\\vendor\\laravel\\framework\\src\\Illuminate\\View\\Middleware\\ShareErrorsFromSession.php(49): Illuminate\\Pipeline\\Pipeline->Illuminate\\Pipeline\\{closure}(Object(Illuminate\\Http\\Request))
#24 C:\\xampp\\htdocs\\grupocorein\\core\\vendor\\laravel\\framework\\src\\Illuminate\\Pipeline\\Pipeline.php(167): Illuminate\\View\\Middleware\\ShareErrorsFromSession->handle(Object(Illuminate\\Http\\Request), Object(Closure))
#25 C:\\xampp\\htdocs\\grupocorein\\core\\vendor\\laravel\\framework\\src\\Illuminate\\Session\\Middleware\\StartSession.php(116): Illuminate\\Pipeline\\Pipeline->Illuminate\\Pipeline\\{closure}(Object(Illuminate\\Http\\Request))
#26 C:\\xampp\\htdocs\\grupocorein\\core\\vendor\\laravel\\framework\\src\\Illuminate\\Session\\Middleware\\StartSession.php(62): Illuminate\\Session\\Middleware\\StartSession->handleStatefulRequest(Object(Illuminate\\Http\\Request), Object(Illuminate\\Session\\Store), Object(Closure))
#27 C:\\xampp\\htdocs\\grupocorein\\core\\vendor\\laravel\\framework\\src\\Illuminate\\Pipeline\\Pipeline.php(167): Illuminate\\Session\\Middleware\\StartSession->handle(Object(Illuminate\\Http\\Request), Object(Closure))
#28 C:\\xampp\\htdocs\\grupocorein\\core\\vendor\\laravel\\framework\\src\\Illuminate\\Cookie\\Middleware\\AddQueuedCookiesToResponse.php(37): Illuminate\\Pipeline\\Pipeline->Illuminate\\Pipeline\\{closure}(Object(Illuminate\\Http\\Request))
#29 C:\\xampp\\htdocs\\grupocorein\\core\\vendor\\laravel\\framework\\src\\Illuminate\\Pipeline\\Pipeline.php(167): Illuminate\\Cookie\\Middleware\\AddQueuedCookiesToResponse->handle(Object(Illuminate\\Http\\Request), Object(Closure))
#30 C:\\xampp\\htdocs\\grupocorein\\core\\vendor\\laravel\\framework\\src\\Illuminate\\Cookie\\Middleware\\EncryptCookies.php(67): Illuminate\\Pipeline\\Pipeline->Illuminate\\Pipeline\\{closure}(Object(Illuminate\\Http\\Request))
#31 C:\\xampp\\htdocs\\grupocorein\\core\\vendor\\laravel\\framework\\src\\Illuminate\\Pipeline\\Pipeline.php(167): Illuminate\\Cookie\\Middleware\\EncryptCookies->handle(Object(Illuminate\\Http\\Request), Object(Closure))
#32 C:\\xampp\\htdocs\\grupocorein\\core\\vendor\\laravel\\framework\\src\\Illuminate\\Pipeline\\Pipeline.php(103): Illuminate\\Pipeline\\Pipeline->Illuminate\\Pipeline\\{closure}(Object(Illuminate\\Http\\Request))
#33 C:\\xampp\\htdocs\\grupocorein\\core\\vendor\\laravel\\framework\\src\\Illuminate\\Routing\\Router.php(687): Illuminate\\Pipeline\\Pipeline->then(Object(Closure))
#34 C:\\xampp\\htdocs\\grupocorein\\core\\vendor\\laravel\\framework\\src\\Illuminate\\Routing\\Router.php(662): Illuminate\\Routing\\Router->runRouteWithinStack(Object(Illuminate\\Routing\\Route), Object(Illuminate\\Http\\Request))
#35 C:\\xampp\\htdocs\\grupocorein\\core\\vendor\\laravel\\framework\\src\\Illuminate\\Routing\\Router.php(628): Illuminate\\Routing\\Router->runRoute(Object(Illuminate\\Http\\Request), Object(Illuminate\\Routing\\Route))
#36 C:\\xampp\\htdocs\\grupocorein\\core\\vendor\\laravel\\framework\\src\\Illuminate\\Routing\\Router.php(617): Illuminate\\Routing\\Router->dispatchToRoute(Object(Illuminate\\Http\\Request))
#37 C:\\xampp\\htdocs\\grupocorein\\core\\vendor\\laravel\\framework\\src\\Illuminate\\Foundation\\Http\\Kernel.php(165): Illuminate\\Routing\\Router->dispatch(Object(Illuminate\\Http\\Request))
#38 C:\\xampp\\htdocs\\grupocorein\\core\\vendor\\laravel\\framework\\src\\Illuminate\\Pipeline\\Pipeline.php(128): Illuminate\\Foundation\\Http\\Kernel->Illuminate\\Foundation\\Http\\{closure}(Object(Illuminate\\Http\\Request))
#39 C:\\xampp\\htdocs\\grupocorein\\core\\vendor\\barryvdh\\laravel-debugbar\\src\\Middleware\\InjectDebugbar.php(66): Illuminate\\Pipeline\\Pipeline->Illuminate\\Pipeline\\{closure}(Object(Illuminate\\Http\\Request))
#40 C:\\xampp\\htdocs\\grupocorein\\core\\vendor\\laravel\\framework\\src\\Illuminate\\Pipeline\\Pipeline.php(167): Barryvdh\\Debugbar\\Middleware\\InjectDebugbar->handle(Object(Illuminate\\Http\\Request), Object(Closure))
#41 C:\\xampp\\htdocs\\grupocorein\\core\\vendor\\fideloper\\proxy\\src\\TrustProxies.php(57): Illuminate\\Pipeline\\Pipeline->Illuminate\\Pipeline\\{closure}(Object(Illuminate\\Http\\Request))
#42 C:\\xampp\\htdocs\\grupocorein\\core\\vendor\\laravel\\framework\\src\\Illuminate\\Pipeline\\Pipeline.php(167): Fideloper\\Proxy\\TrustProxies->handle(Object(Illuminate\\Http\\Request), Object(Closure))
#43 C:\\xampp\\htdocs\\grupocorein\\core\\vendor\\laravel\\framework\\src\\Illuminate\\Foundation\\Http\\Middleware\\TransformsRequest.php(21): Illuminate\\Pipeline\\Pipeline->Illuminate\\Pipeline\\{closure}(Object(Illuminate\\Http\\Request))
#44 C:\\xampp\\htdocs\\grupocorein\\core\\vendor\\laravel\\framework\\src\\Illuminate\\Pipeline\\Pipeline.php(167): Illuminate\\Foundation\\Http\\Middleware\\TransformsRequest->handle(Object(Illuminate\\Http\\Request), Object(Closure))
#45 C:\\xampp\\htdocs\\grupocorein\\core\\vendor\\laravel\\framework\\src\\Illuminate\\Foundation\\Http\\Middleware\\TransformsRequest.php(21): Illuminate\\Pipeline\\Pipeline->Illuminate\\Pipeline\\{closure}(Object(Illuminate\\Http\\Request))
#46 C:\\xampp\\htdocs\\grupocorein\\core\\vendor\\laravel\\framework\\src\\Illuminate\\Pipeline\\Pipeline.php(167): Illuminate\\Foundation\\Http\\Middleware\\TransformsRequest->handle(Object(Illuminate\\Http\\Request), Object(Closure))
#47 C:\\xampp\\htdocs\\grupocorein\\core\\vendor\\laravel\\framework\\src\\Illuminate\\Foundation\\Http\\Middleware\\ValidatePostSize.php(27): Illuminate\\Pipeline\\Pipeline->Illuminate\\Pipeline\\{closure}(Object(Illuminate\\Http\\Request))
#48 C:\\xampp\\htdocs\\grupocorein\\core\\vendor\\laravel\\framework\\src\\Illuminate\\Pipeline\\Pipeline.php(167): Illuminate\\Foundation\\Http\\Middleware\\ValidatePostSize->handle(Object(Illuminate\\Http\\Request), Object(Closure))
#49 C:\\xampp\\htdocs\\grupocorein\\core\\vendor\\laravel\\framework\\src\\Illuminate\\Foundation\\Http\\Middleware\\CheckForMaintenanceMode.php(63): Illuminate\\Pipeline\\Pipeline->Illuminate\\Pipeline\\{closure}(Object(Illuminate\\Http\\Request))
#50 C:\\xampp\\htdocs\\grupocorein\\core\\vendor\\laravel\\framework\\src\\Illuminate\\Pipeline\\Pipeline.php(167): Illuminate\\Foundation\\Http\\Middleware\\CheckForMaintenanceMode->handle(Object(Illuminate\\Http\\Request), Object(Closure))
#51 C:\\xampp\\htdocs\\grupocorein\\core\\vendor\\laravel\\framework\\src\\Illuminate\\Pipeline\\Pipeline.php(103): Illuminate\\Pipeline\\Pipeline->Illuminate\\Pipeline\\{closure}(Object(Illuminate\\Http\\Request))
#52 C:\\xampp\\htdocs\\grupocorein\\core\\vendor\\laravel\\framework\\src\\Illuminate\\Foundation\\Http\\Kernel.php(140): Illuminate\\Pipeline\\Pipeline->then(Object(Closure))
#53 C:\\xampp\\htdocs\\grupocorein\\core\\vendor\\laravel\\framework\\src\\Illuminate\\Foundation\\Http\\Kernel.php(109): Illuminate\\Foundation\\Http\\Kernel->sendRequestThroughRouter(Object(Illuminate\\Http\\Request))
#54 C:\\xampp\\htdocs\\grupocorein\\index.php(55): Illuminate\\Foundation\\Http\\Kernel->handle(Object(Illuminate\\Http\\Request))
#55 {main}

[previous exception] [object] (ParseError(code: 0): syntax error, unexpected '{' at C:\\xampp\\htdocs\\grupocorein\\core\\storage\\framework\\views\\88d5d65c48a2f6415a8a2185ad7f3b59f0409bbf.php:138)
[stacktrace]
#0 C:\\xampp\\htdocs\\grupocorein\\core\\vendor\\laravel\\framework\\src\\Illuminate\\View\\Engines\\CompilerEngine.php(57): Illuminate\\View\\Engines\\PhpEngine->evaluatePath('C:\\\\xampp\\\\htdocs...', Array)
#1 C:\\xampp\\htdocs\\grupocorein\\core\\vendor\\facade\\ignition\\src\\Views\\Engines\\CompilerEngine.php(37): Illuminate\\View\\Engines\\CompilerEngine->get('C:\\\\xampp\\\\htdocs...', Array)
#2 C:\\xampp\\htdocs\\grupocorein\\core\\vendor\\laravel\\framework\\src\\Illuminate\\View\\View.php(139): Facade\\Ignition\\Views\\Engines\\CompilerEngine->get('C:\\\\xampp\\\\htdocs...', Array)
#3 C:\\xampp\\htdocs\\grupocorein\\core\\vendor\\laravel\\framework\\src\\Illuminate\\View\\View.php(122): Illuminate\\View\\View->getContents()
#4 C:\\xampp\\htdocs\\grupocorein\\core\\vendor\\laravel\\framework\\src\\Illuminate\\View\\View.php(91): Illuminate\\View\\View->renderContents()
#5 C:\\xampp\\htdocs\\grupocorein\\core\\vendor\\barryvdh\\laravel-dompdf\\src\\PDF.php(140): Illuminate\\View\\View->render()
#6 C:\\xampp\\htdocs\\grupocorein\\core\\app\\Http\\Controllers\\Front\\CheckoutController.php(1393): Barryvdh\\DomPDF\\PDF->loadView('front.checkout....', Array)
#7 C:\\xampp\\htdocs\\grupocorein\\core\\vendor\\laravel\\framework\\src\\Illuminate\\Routing\\Controller.php(54): App\\Http\\Controllers\\Front\\CheckoutController->getGeneratePDFOrderPreview()
#8 C:\\xampp\\htdocs\\grupocorein\\core\\vendor\\laravel\\framework\\src\\Illuminate\\Routing\\ControllerDispatcher.php(45): Illuminate\\Routing\\Controller->callAction('getGeneratePDFO...', Array)
#9 C:\\xampp\\htdocs\\grupocorein\\core\\vendor\\laravel\\framework\\src\\Illuminate\\Routing\\Route.php(239): Illuminate\\Routing\\ControllerDispatcher->dispatch(Object(Illuminate\\Routing\\Route), Object(App\\Http\\Controllers\\Front\\CheckoutController), 'getGeneratePDFO...')
#10 C:\\xampp\\htdocs\\grupocorein\\core\\vendor\\laravel\\framework\\src\\Illuminate\\Routing\\Route.php(196): Illuminate\\Routing\\Route->runController()
#11 C:\\xampp\\htdocs\\grupocorein\\core\\vendor\\laravel\\framework\\src\\Illuminate\\Routing\\Router.php(685): Illuminate\\Routing\\Route->run()
#12 C:\\xampp\\htdocs\\grupocorein\\core\\vendor\\laravel\\framework\\src\\Illuminate\\Pipeline\\Pipeline.php(128): Illuminate\\Routing\\Router->Illuminate\\Routing\\{closure}(Object(Illuminate\\Http\\Request))
#13 C:\\xampp\\htdocs\\grupocorein\\core\\app\\Http\\Middleware\\Localization.php(30): Illuminate\\Pipeline\\Pipeline->Illuminate\\Pipeline\\{closure}(Object(Illuminate\\Http\\Request))
#14 C:\\xampp\\htdocs\\grupocorein\\core\\vendor\\laravel\\framework\\src\\Illuminate\\Pipeline\\Pipeline.php(167): App\\Http\\Middleware\\Localization->handle(Object(Illuminate\\Http\\Request), Object(Closure))
#15 C:\\xampp\\htdocs\\grupocorein\\core\\app\\Http\\Middleware\\Maintainance.php(13): Illuminate\\Pipeline\\Pipeline->Illuminate\\Pipeline\\{closure}(Object(Illuminate\\Http\\Request))
#16 C:\\xampp\\htdocs\\grupocorein\\core\\vendor\\laravel\\framework\\src\\Illuminate\\Pipeline\\Pipeline.php(167): App\\Http\\Middleware\\Maintainance->handle(Object(Illuminate\\Http\\Request), Object(Closure))
#17 C:\\xampp\\htdocs\\grupocorein\\core\\vendor\\laravel\\framework\\src\\Illuminate\\Routing\\Middleware\\SubstituteBindings.php(41): Illuminate\\Pipeline\\Pipeline->Illuminate\\Pipeline\\{closure}(Object(Illuminate\\Http\\Request))
#18 C:\\xampp\\htdocs\\grupocorein\\core\\vendor\\laravel\\framework\\src\\Illuminate\\Pipeline\\Pipeline.php(167): Illuminate\\Routing\\Middleware\\SubstituteBindings->handle(Object(Illuminate\\Http\\Request), Object(Closure))
#19 C:\\xampp\\htdocs\\grupocorein\\core\\vendor\\laravel\\framework\\src\\Illuminate\\Auth\\Middleware\\Authenticate.php(44): Illuminate\\Pipeline\\Pipeline->Illuminate\\Pipeline\\{closure}(Object(Illuminate\\Http\\Request))
#20 C:\\xampp\\htdocs\\grupocorein\\core\\vendor\\laravel\\framework\\src\\Illuminate\\Pipeline\\Pipeline.php(167): Illuminate\\Auth\\Middleware\\Authenticate->handle(Object(Illuminate\\Http\\Request), Object(Closure))
#21 C:\\xampp\\htdocs\\grupocorein\\core\\vendor\\laravel\\framework\\src\\Illuminate\\Foundation\\Http\\Middleware\\VerifyCsrfToken.php(78): Illuminate\\Pipeline\\Pipeline->Illuminate\\Pipeline\\{closure}(Object(Illuminate\\Http\\Request))
#22 C:\\xampp\\htdocs\\grupocorein\\core\\vendor\\laravel\\framework\\src\\Illuminate\\Pipeline\\Pipeline.php(167): Illuminate\\Foundation\\Http\\Middleware\\VerifyCsrfToken->handle(Object(Illuminate\\Http\\Request), Object(Closure))
#23 C:\\xampp\\htdocs\\grupocorein\\core\\vendor\\laravel\\framework\\src\\Illuminate\\View\\Middleware\\ShareErrorsFromSession.php(49): Illuminate\\Pipeline\\Pipeline->Illuminate\\Pipeline\\{closure}(Object(Illuminate\\Http\\Request))
#24 C:\\xampp\\htdocs\\grupocorein\\core\\vendor\\laravel\\framework\\src\\Illuminate\\Pipeline\\Pipeline.php(167): Illuminate\\View\\Middleware\\ShareErrorsFromSession->handle(Object(Illuminate\\Http\\Request), Object(Closure))
#25 C:\\xampp\\htdocs\\grupocorein\\core\\vendor\\laravel\\framework\\src\\Illuminate\\Session\\Middleware\\StartSession.php(116): Illuminate\\Pipeline\\Pipeline->Illuminate\\Pipeline\\{closure}(Object(Illuminate\\Http\\Request))
#26 C:\\xampp\\htdocs\\grupocorein\\core\\vendor\\laravel\\framework\\src\\Illuminate\\Session\\Middleware\\StartSession.php(62): Illuminate\\Session\\Middleware\\StartSession->handleStatefulRequest(Object(Illuminate\\Http\\Request), Object(Illuminate\\Session\\Store), Object(Closure))
#27 C:\\xampp\\htdocs\\grupocorein\\core\\vendor\\laravel\\framework\\src\\Illuminate\\Pipeline\\Pipeline.php(167): Illuminate\\Session\\Middleware\\StartSession->handle(Object(Illuminate\\Http\\Request), Object(Closure))
#28 C:\\xampp\\htdocs\\grupocorein\\core\\vendor\\laravel\\framework\\src\\Illuminate\\Cookie\\Middleware\\AddQueuedCookiesToResponse.php(37): Illuminate\\Pipeline\\Pipeline->Illuminate\\Pipeline\\{closure}(Object(Illuminate\\Http\\Request))
#29 C:\\xampp\\htdocs\\grupocorein\\core\\vendor\\laravel\\framework\\src\\Illuminate\\Pipeline\\Pipeline.php(167): Illuminate\\Cookie\\Middleware\\AddQueuedCookiesToResponse->handle(Object(Illuminate\\Http\\Request), Object(Closure))
#30 C:\\xampp\\htdocs\\grupocorein\\core\\vendor\\laravel\\framework\\src\\Illuminate\\Cookie\\Middleware\\EncryptCookies.php(67): Illuminate\\Pipeline\\Pipeline->Illuminate\\Pipeline\\{closure}(Object(Illuminate\\Http\\Request))
#31 C:\\xampp\\htdocs\\grupocorein\\core\\vendor\\laravel\\framework\\src\\Illuminate\\Pipeline\\Pipeline.php(167): Illuminate\\Cookie\\Middleware\\EncryptCookies->handle(Object(Illuminate\\Http\\Request), Object(Closure))
#32 C:\\xampp\\htdocs\\grupocorein\\core\\vendor\\laravel\\framework\\src\\Illuminate\\Pipeline\\Pipeline.php(103): Illuminate\\Pipeline\\Pipeline->Illuminate\\Pipeline\\{closure}(Object(Illuminate\\Http\\Request))
#33 C:\\xampp\\htdocs\\grupocorein\\core\\vendor\\laravel\\framework\\src\\Illuminate\\Routing\\Router.php(687): Illuminate\\Pipeline\\Pipeline->then(Object(Closure))
#34 C:\\xampp\\htdocs\\grupocorein\\core\\vendor\\laravel\\framework\\src\\Illuminate\\Routing\\Router.php(662): Illuminate\\Routing\\Router->runRouteWithinStack(Object(Illuminate\\Routing\\Route), Object(Illuminate\\Http\\Request))
#35 C:\\xampp\\htdocs\\grupocorein\\core\\vendor\\laravel\\framework\\src\\Illuminate\\Routing\\Router.php(628): Illuminate\\Routing\\Router->runRoute(Object(Illuminate\\Http\\Request), Object(Illuminate\\Routing\\Route))
#36 C:\\xampp\\htdocs\\grupocorein\\core\\vendor\\laravel\\framework\\src\\Illuminate\\Routing\\Router.php(617): Illuminate\\Routing\\Router->dispatchToRoute(Object(Illuminate\\Http\\Request))
#37 C:\\xampp\\htdocs\\grupocorein\\core\\vendor\\laravel\\framework\\src\\Illuminate\\Foundation\\Http\\Kernel.php(165): Illuminate\\Routing\\Router->dispatch(Object(Illuminate\\Http\\Request))
#38 C:\\xampp\\htdocs\\grupocorein\\core\\vendor\\laravel\\framework\\src\\Illuminate\\Pipeline\\Pipeline.php(128): Illuminate\\Foundation\\Http\\Kernel->Illuminate\\Foundation\\Http\\{closure}(Object(Illuminate\\Http\\Request))
#39 C:\\xampp\\htdocs\\grupocorein\\core\\vendor\\barryvdh\\laravel-debugbar\\src\\Middleware\\InjectDebugbar.php(66): Illuminate\\Pipeline\\Pipeline->Illuminate\\Pipeline\\{closure}(Object(Illuminate\\Http\\Request))
#40 C:\\xampp\\htdocs\\grupocorein\\core\\vendor\\laravel\\framework\\src\\Illuminate\\Pipeline\\Pipeline.php(167): Barryvdh\\Debugbar\\Middleware\\InjectDebugbar->handle(Object(Illuminate\\Http\\Request), Object(Closure))
#41 C:\\xampp\\htdocs\\grupocorein\\core\\vendor\\fideloper\\proxy\\src\\TrustProxies.php(57): Illuminate\\Pipeline\\Pipeline->Illuminate\\Pipeline\\{closure}(Object(Illuminate\\Http\\Request))
#42 C:\\xampp\\htdocs\\grupocorein\\core\\vendor\\laravel\\framework\\src\\Illuminate\\Pipeline\\Pipeline.php(167): Fideloper\\Proxy\\TrustProxies->handle(Object(Illuminate\\Http\\Request), Object(Closure))
#43 C:\\xampp\\htdocs\\grupocorein\\core\\vendor\\laravel\\framework\\src\\Illuminate\\Foundation\\Http\\Middleware\\TransformsRequest.php(21): Illuminate\\Pipeline\\Pipeline->Illuminate\\Pipeline\\{closure}(Object(Illuminate\\Http\\Request))
#44 C:\\xampp\\htdocs\\grupocorein\\core\\vendor\\laravel\\framework\\src\\Illuminate\\Pipeline\\Pipeline.php(167): Illuminate\\Foundation\\Http\\Middleware\\TransformsRequest->handle(Object(Illuminate\\Http\\Request), Object(Closure))
#45 C:\\xampp\\htdocs\\grupocorein\\core\\vendor\\laravel\\framework\\src\\Illuminate\\Foundation\\Http\\Middleware\\TransformsRequest.php(21): Illuminate\\Pipeline\\Pipeline->Illuminate\\Pipeline\\{closure}(Object(Illuminate\\Http\\Request))
#46 C:\\xampp\\htdocs\\grupocorein\\core\\vendor\\laravel\\framework\\src\\Illuminate\\Pipeline\\Pipeline.php(167): Illuminate\\Foundation\\Http\\Middleware\\TransformsRequest->handle(Object(Illuminate\\Http\\Request), Object(Closure))
#47 C:\\xampp\\htdocs\\grupocorein\\core\\vendor\\laravel\\framework\\src\\Illuminate\\Foundation\\Http\\Middleware\\ValidatePostSize.php(27): Illuminate\\Pipeline\\Pipeline->Illuminate\\Pipeline\\{closure}(Object(Illuminate\\Http\\Request))
#48 C:\\xampp\\htdocs\\grupocorein\\core\\vendor\\laravel\\framework\\src\\Illuminate\\Pipeline\\Pipeline.php(167): Illuminate\\Foundation\\Http\\Middleware\\ValidatePostSize->handle(Object(Illuminate\\Http\\Request), Object(Closure))
#49 C:\\xampp\\htdocs\\grupocorein\\core\\vendor\\laravel\\framework\\src\\Illuminate\\Foundation\\Http\\Middleware\\CheckForMaintenanceMode.php(63): Illuminate\\Pipeline\\Pipeline->Illuminate\\Pipeline\\{closure}(Object(Illuminate\\Http\\Request))
#50 C:\\xampp\\htdocs\\grupocorein\\core\\vendor\\laravel\\framework\\src\\Illuminate\\Pipeline\\Pipeline.php(167): Illuminate\\Foundation\\Http\\Middleware\\CheckForMaintenanceMode->handle(Object(Illuminate\\Http\\Request), Object(Closure))
#51 C:\\xampp\\htdocs\\grupocorein\\core\\vendor\\laravel\\framework\\src\\Illuminate\\Pipeline\\Pipeline.php(103): Illuminate\\Pipeline\\Pipeline->Illuminate\\Pipeline\\{closure}(Object(Illuminate\\Http\\Request))
#52 C:\\xampp\\htdocs\\grupocorein\\core\\vendor\\laravel\\framework\\src\\Illuminate\\Foundation\\Http\\Kernel.php(140): Illuminate\\Pipeline\\Pipeline->then(Object(Closure))
#53 C:\\xampp\\htdocs\\grupocorein\\core\\vendor\\laravel\\framework\\src\\Illuminate\\Foundation\\Http\\Kernel.php(109): Illuminate\\Foundation\\Http\\Kernel->sendRequestThroughRouter(Object(Illuminate\\Http\\Request))
#54 C:\\xampp\\htdocs\\grupocorein\\index.php(55): Illuminate\\Foundation\\Http\\Kernel->handle(Object(Illuminate\\Http\\Request))
#55 {main}
"} 
[2024-04-23 17:34:54] local.ERROR: Illegal string offset 'ship_amountaddress' (View: C:\xampp\htdocs\grupocorein\core\resources\views\user\order\index.blade.php) {"userId":1,"exception":"[object] (Facade\\Ignition\\Exceptions\\ViewException(code: 0): Illegal string offset 'ship_amountaddress' (View: C:\\xampp\\htdocs\\grupocorein\\core\\resources\\views\\user\\order\\index.blade.php) at C:\\xampp\\htdocs\\grupocorein\\core\\app\\Helpers\\PriceHelper.php:305)
[stacktrace]
#0 C:\\xampp\\htdocs\\grupocorein\\core\\app\\Helpers\\PriceHelper.php(305): Illuminate\\Foundation\\Bootstrap\\HandleExceptions->handleError(2, 'Illegal string ...', 'C:\\\\xampp\\\\htdocs...', 305, Array)
#1 C:\\xampp\\htdocs\\grupocorein\\core\\resources\\views/user/order/index.blade.php(43): App\\Helpers\\PriceHelper::OrderTotal(Object(App\\Models\\Order))
#2 C:\\xampp\\htdocs\\grupocorein\\core\\vendor\\laravel\\framework\\src\\Illuminate\\View\\Engines\\PhpEngine.php(41): include('C:\\\\xampp\\\\htdocs...')
#3 C:\\xampp\\htdocs\\grupocorein\\core\\vendor\\laravel\\framework\\src\\Illuminate\\View\\Engines\\CompilerEngine.php(57): Illuminate\\View\\Engines\\PhpEngine->evaluatePath('C:\\\\xampp\\\\htdocs...', Array)
#4 C:\\xampp\\htdocs\\grupocorein\\core\\vendor\\facade\\ignition\\src\\Views\\Engines\\CompilerEngine.php(37): Illuminate\\View\\Engines\\CompilerEngine->get('C:\\\\xampp\\\\htdocs...', Array)
#5 C:\\xampp\\htdocs\\grupocorein\\core\\vendor\\laravel\\framework\\src\\Illuminate\\View\\View.php(139): Facade\\Ignition\\Views\\Engines\\CompilerEngine->get('C:\\\\xampp\\\\htdocs...', Array)
#6 C:\\xampp\\htdocs\\grupocorein\\core\\vendor\\laravel\\framework\\src\\Illuminate\\View\\View.php(122): Illuminate\\View\\View->getContents()
#7 C:\\xampp\\htdocs\\grupocorein\\core\\vendor\\laravel\\framework\\src\\Illuminate\\View\\View.php(91): Illuminate\\View\\View->renderContents()
#8 C:\\xampp\\htdocs\\grupocorein\\core\\vendor\\laravel\\framework\\src\\Illuminate\\Http\\Response.php(62): Illuminate\\View\\View->render()
#9 C:\\xampp\\htdocs\\grupocorein\\core\\vendor\\laravel\\framework\\src\\Illuminate\\Http\\Response.php(34): Illuminate\\Http\\Response->setContent(Object(Illuminate\\View\\View))
#10 C:\\xampp\\htdocs\\grupocorein\\core\\vendor\\laravel\\framework\\src\\Illuminate\\Routing\\Router.php(759): Illuminate\\Http\\Response->__construct(Object(Illuminate\\View\\View), 200, Array)
#11 C:\\xampp\\htdocs\\grupocorein\\core\\vendor\\laravel\\framework\\src\\Illuminate\\Routing\\Router.php(731): Illuminate\\Routing\\Router::toResponse(Object(Illuminate\\Http\\Request), Object(Illuminate\\View\\View))
#12 C:\\xampp\\htdocs\\grupocorein\\core\\vendor\\laravel\\framework\\src\\Illuminate\\Routing\\Router.php(685): Illuminate\\Routing\\Router->prepareResponse(Object(Illuminate\\Http\\Request), Object(Illuminate\\View\\View))
#13 C:\\xampp\\htdocs\\grupocorein\\core\\vendor\\laravel\\framework\\src\\Illuminate\\Pipeline\\Pipeline.php(128): Illuminate\\Routing\\Router->Illuminate\\Routing\\{closure}(Object(Illuminate\\Http\\Request))
#14 C:\\xampp\\htdocs\\grupocorein\\core\\app\\Http\\Middleware\\Localization.php(30): Illuminate\\Pipeline\\Pipeline->Illuminate\\Pipeline\\{closure}(Object(Illuminate\\Http\\Request))
#15 C:\\xampp\\htdocs\\grupocorein\\core\\vendor\\laravel\\framework\\src\\Illuminate\\Pipeline\\Pipeline.php(167): App\\Http\\Middleware\\Localization->handle(Object(Illuminate\\Http\\Request), Object(Closure))
#16 C:\\xampp\\htdocs\\grupocorein\\core\\app\\Http\\Middleware\\Maintainance.php(13): Illuminate\\Pipeline\\Pipeline->Illuminate\\Pipeline\\{closure}(Object(Illuminate\\Http\\Request))
#17 C:\\xampp\\htdocs\\grupocorein\\core\\vendor\\laravel\\framework\\src\\Illuminate\\Pipeline\\Pipeline.php(167): App\\Http\\Middleware\\Maintainance->handle(Object(Illuminate\\Http\\Request), Object(Closure))
#18 C:\\xampp\\htdocs\\grupocorein\\core\\vendor\\laravel\\framework\\src\\Illuminate\\Routing\\Middleware\\SubstituteBindings.php(41): Illuminate\\Pipeline\\Pipeline->Illuminate\\Pipeline\\{closure}(Object(Illuminate\\Http\\Request))
#19 C:\\xampp\\htdocs\\grupocorein\\core\\vendor\\laravel\\framework\\src\\Illuminate\\Pipeline\\Pipeline.php(167): Illuminate\\Routing\\Middleware\\SubstituteBindings->handle(Object(Illuminate\\Http\\Request), Object(Closure))
#20 C:\\xampp\\htdocs\\grupocorein\\core\\vendor\\laravel\\framework\\src\\Illuminate\\Auth\\Middleware\\Authenticate.php(44): Illuminate\\Pipeline\\Pipeline->Illuminate\\Pipeline\\{closure}(Object(Illuminate\\Http\\Request))
#21 C:\\xampp\\htdocs\\grupocorein\\core\\vendor\\laravel\\framework\\src\\Illuminate\\Pipeline\\Pipeline.php(167): Illuminate\\Auth\\Middleware\\Authenticate->handle(Object(Illuminate\\Http\\Request), Object(Closure))
#22 C:\\xampp\\htdocs\\grupocorein\\core\\vendor\\laravel\\framework\\src\\Illuminate\\Foundation\\Http\\Middleware\\VerifyCsrfToken.php(78): Illuminate\\Pipeline\\Pipeline->Illuminate\\Pipeline\\{closure}(Object(Illuminate\\Http\\Request))
#23 C:\\xampp\\htdocs\\grupocorein\\core\\vendor\\laravel\\framework\\src\\Illuminate\\Pipeline\\Pipeline.php(167): Illuminate\\Foundation\\Http\\Middleware\\VerifyCsrfToken->handle(Object(Illuminate\\Http\\Request), Object(Closure))
#24 C:\\xampp\\htdocs\\grupocorein\\core\\vendor\\laravel\\framework\\src\\Illuminate\\View\\Middleware\\ShareErrorsFromSession.php(49): Illuminate\\Pipeline\\Pipeline->Illuminate\\Pipeline\\{closure}(Object(Illuminate\\Http\\Request))
#25 C:\\xampp\\htdocs\\grupocorein\\core\\vendor\\laravel\\framework\\src\\Illuminate\\Pipeline\\Pipeline.php(167): Illuminate\\View\\Middleware\\ShareErrorsFromSession->handle(Object(Illuminate\\Http\\Request), Object(Closure))
#26 C:\\xampp\\htdocs\\grupocorein\\core\\vendor\\laravel\\framework\\src\\Illuminate\\Session\\Middleware\\StartSession.php(116): Illuminate\\Pipeline\\Pipeline->Illuminate\\Pipeline\\{closure}(Object(Illuminate\\Http\\Request))
#27 C:\\xampp\\htdocs\\grupocorein\\core\\vendor\\laravel\\framework\\src\\Illuminate\\Session\\Middleware\\StartSession.php(62): Illuminate\\Session\\Middleware\\StartSession->handleStatefulRequest(Object(Illuminate\\Http\\Request), Object(Illuminate\\Session\\Store), Object(Closure))
#28 C:\\xampp\\htdocs\\grupocorein\\core\\vendor\\laravel\\framework\\src\\Illuminate\\Pipeline\\Pipeline.php(167): Illuminate\\Session\\Middleware\\StartSession->handle(Object(Illuminate\\Http\\Request), Object(Closure))
#29 C:\\xampp\\htdocs\\grupocorein\\core\\vendor\\laravel\\framework\\src\\Illuminate\\Cookie\\Middleware\\AddQueuedCookiesToResponse.php(37): Illuminate\\Pipeline\\Pipeline->Illuminate\\Pipeline\\{closure}(Object(Illuminate\\Http\\Request))
#30 C:\\xampp\\htdocs\\grupocorein\\core\\vendor\\laravel\\framework\\src\\Illuminate\\Pipeline\\Pipeline.php(167): Illuminate\\Cookie\\Middleware\\AddQueuedCookiesToResponse->handle(Object(Illuminate\\Http\\Request), Object(Closure))
#31 C:\\xampp\\htdocs\\grupocorein\\core\\vendor\\laravel\\framework\\src\\Illuminate\\Cookie\\Middleware\\EncryptCookies.php(67): Illuminate\\Pipeline\\Pipeline->Illuminate\\Pipeline\\{closure}(Object(Illuminate\\Http\\Request))
#32 C:\\xampp\\htdocs\\grupocorein\\core\\vendor\\laravel\\framework\\src\\Illuminate\\Pipeline\\Pipeline.php(167): Illuminate\\Cookie\\Middleware\\EncryptCookies->handle(Object(Illuminate\\Http\\Request), Object(Closure))
#33 C:\\xampp\\htdocs\\grupocorein\\core\\vendor\\laravel\\framework\\src\\Illuminate\\Pipeline\\Pipeline.php(103): Illuminate\\Pipeline\\Pipeline->Illuminate\\Pipeline\\{closure}(Object(Illuminate\\Http\\Request))
#34 C:\\xampp\\htdocs\\grupocorein\\core\\vendor\\laravel\\framework\\src\\Illuminate\\Routing\\Router.php(687): Illuminate\\Pipeline\\Pipeline->then(Object(Closure))
#35 C:\\xampp\\htdocs\\grupocorein\\core\\vendor\\laravel\\framework\\src\\Illuminate\\Routing\\Router.php(662): Illuminate\\Routing\\Router->runRouteWithinStack(Object(Illuminate\\Routing\\Route), Object(Illuminate\\Http\\Request))
#36 C:\\xampp\\htdocs\\grupocorein\\core\\vendor\\laravel\\framework\\src\\Illuminate\\Routing\\Router.php(628): Illuminate\\Routing\\Router->runRoute(Object(Illuminate\\Http\\Request), Object(Illuminate\\Routing\\Route))
#37 C:\\xampp\\htdocs\\grupocorein\\core\\vendor\\laravel\\framework\\src\\Illuminate\\Routing\\Router.php(617): Illuminate\\Routing\\Router->dispatchToRoute(Object(Illuminate\\Http\\Request))
#38 C:\\xampp\\htdocs\\grupocorein\\core\\vendor\\laravel\\framework\\src\\Illuminate\\Foundation\\Http\\Kernel.php(165): Illuminate\\Routing\\Router->dispatch(Object(Illuminate\\Http\\Request))
#39 C:\\xampp\\htdocs\\grupocorein\\core\\vendor\\laravel\\framework\\src\\Illuminate\\Pipeline\\Pipeline.php(128): Illuminate\\Foundation\\Http\\Kernel->Illuminate\\Foundation\\Http\\{closure}(Object(Illuminate\\Http\\Request))
#40 C:\\xampp\\htdocs\\grupocorein\\core\\vendor\\barryvdh\\laravel-debugbar\\src\\Middleware\\InjectDebugbar.php(66): Illuminate\\Pipeline\\Pipeline->Illuminate\\Pipeline\\{closure}(Object(Illuminate\\Http\\Request))
#41 C:\\xampp\\htdocs\\grupocorein\\core\\vendor\\laravel\\framework\\src\\Illuminate\\Pipeline\\Pipeline.php(167): Barryvdh\\Debugbar\\Middleware\\InjectDebugbar->handle(Object(Illuminate\\Http\\Request), Object(Closure))
#42 C:\\xampp\\htdocs\\grupocorein\\core\\vendor\\fideloper\\proxy\\src\\TrustProxies.php(57): Illuminate\\Pipeline\\Pipeline->Illuminate\\Pipeline\\{closure}(Object(Illuminate\\Http\\Request))
#43 C:\\xampp\\htdocs\\grupocorein\\core\\vendor\\laravel\\framework\\src\\Illuminate\\Pipeline\\Pipeline.php(167): Fideloper\\Proxy\\TrustProxies->handle(Object(Illuminate\\Http\\Request), Object(Closure))
#44 C:\\xampp\\htdocs\\grupocorein\\core\\vendor\\laravel\\framework\\src\\Illuminate\\Foundation\\Http\\Middleware\\TransformsRequest.php(21): Illuminate\\Pipeline\\Pipeline->Illuminate\\Pipeline\\{closure}(Object(Illuminate\\Http\\Request))
#45 C:\\xampp\\htdocs\\grupocorein\\core\\vendor\\laravel\\framework\\src\\Illuminate\\Pipeline\\Pipeline.php(167): Illuminate\\Foundation\\Http\\Middleware\\TransformsRequest->handle(Object(Illuminate\\Http\\Request), Object(Closure))
#46 C:\\xampp\\htdocs\\grupocorein\\core\\vendor\\laravel\\framework\\src\\Illuminate\\Foundation\\Http\\Middleware\\TransformsRequest.php(21): Illuminate\\Pipeline\\Pipeline->Illuminate\\Pipeline\\{closure}(Object(Illuminate\\Http\\Request))
#47 C:\\xampp\\htdocs\\grupocorein\\core\\vendor\\laravel\\framework\\src\\Illuminate\\Pipeline\\Pipeline.php(167): Illuminate\\Foundation\\Http\\Middleware\\TransformsRequest->handle(Object(Illuminate\\Http\\Request), Object(Closure))
#48 C:\\xampp\\htdocs\\grupocorein\\core\\vendor\\laravel\\framework\\src\\Illuminate\\Foundation\\Http\\Middleware\\ValidatePostSize.php(27): Illuminate\\Pipeline\\Pipeline->Illuminate\\Pipeline\\{closure}(Object(Illuminate\\Http\\Request))
#49 C:\\xampp\\htdocs\\grupocorein\\core\\vendor\\laravel\\framework\\src\\Illuminate\\Pipeline\\Pipeline.php(167): Illuminate\\Foundation\\Http\\Middleware\\ValidatePostSize->handle(Object(Illuminate\\Http\\Request), Object(Closure))
#50 C:\\xampp\\htdocs\\grupocorein\\core\\vendor\\laravel\\framework\\src\\Illuminate\\Foundation\\Http\\Middleware\\CheckForMaintenanceMode.php(63): Illuminate\\Pipeline\\Pipeline->Illuminate\\Pipeline\\{closure}(Object(Illuminate\\Http\\Request))
#51 C:\\xampp\\htdocs\\grupocorein\\core\\vendor\\laravel\\framework\\src\\Illuminate\\Pipeline\\Pipeline.php(167): Illuminate\\Foundation\\Http\\Middleware\\CheckForMaintenanceMode->handle(Object(Illuminate\\Http\\Request), Object(Closure))
#52 C:\\xampp\\htdocs\\grupocorein\\core\\vendor\\laravel\\framework\\src\\Illuminate\\Pipeline\\Pipeline.php(103): Illuminate\\Pipeline\\Pipeline->Illuminate\\Pipeline\\{closure}(Object(Illuminate\\Http\\Request))
#53 C:\\xampp\\htdocs\\grupocorein\\core\\vendor\\laravel\\framework\\src\\Illuminate\\Foundation\\Http\\Kernel.php(140): Illuminate\\Pipeline\\Pipeline->then(Object(Closure))
#54 C:\\xampp\\htdocs\\grupocorein\\core\\vendor\\laravel\\framework\\src\\Illuminate\\Foundation\\Http\\Kernel.php(109): Illuminate\\Foundation\\Http\\Kernel->sendRequestThroughRouter(Object(Illuminate\\Http\\Request))
#55 C:\\xampp\\htdocs\\grupocorein\\index.php(55): Illuminate\\Foundation\\Http\\Kernel->handle(Object(Illuminate\\Http\\Request))
#56 {main}

[previous exception] [object] (ErrorException(code: 0): Illegal string offset 'ship_amountaddress' at C:\\xampp\\htdocs\\grupocorein\\core\\app\\Helpers\\PriceHelper.php:305)
[stacktrace]
#0 C:\\xampp\\htdocs\\grupocorein\\core\\app\\Helpers\\PriceHelper.php(305): Illuminate\\Foundation\\Bootstrap\\HandleExceptions->handleError(2, 'Illegal string ...', 'C:\\\\xampp\\\\htdocs...', 305, Array)
#1 C:\\xampp\\htdocs\\grupocorein\\core\\storage\\framework\\views\\0fd5ac2ad8b116fbcee6a5ab75b98325733b7ada.php(43): App\\Helpers\\PriceHelper::OrderTotal(Object(App\\Models\\Order))
#2 C:\\xampp\\htdocs\\grupocorein\\core\\vendor\\laravel\\framework\\src\\Illuminate\\View\\Engines\\PhpEngine.php(41): include('C:\\\\xampp\\\\htdocs...')
#3 C:\\xampp\\htdocs\\grupocorein\\core\\vendor\\laravel\\framework\\src\\Illuminate\\View\\Engines\\CompilerEngine.php(57): Illuminate\\View\\Engines\\PhpEngine->evaluatePath('C:\\\\xampp\\\\htdocs...', Array)
#4 C:\\xampp\\htdocs\\grupocorein\\core\\vendor\\facade\\ignition\\src\\Views\\Engines\\CompilerEngine.php(37): Illuminate\\View\\Engines\\CompilerEngine->get('C:\\\\xampp\\\\htdocs...', Array)
#5 C:\\xampp\\htdocs\\grupocorein\\core\\vendor\\laravel\\framework\\src\\Illuminate\\View\\View.php(139): Facade\\Ignition\\Views\\Engines\\CompilerEngine->get('C:\\\\xampp\\\\htdocs...', Array)
#6 C:\\xampp\\htdocs\\grupocorein\\core\\vendor\\laravel\\framework\\src\\Illuminate\\View\\View.php(122): Illuminate\\View\\View->getContents()
#7 C:\\xampp\\htdocs\\grupocorein\\core\\vendor\\laravel\\framework\\src\\Illuminate\\View\\View.php(91): Illuminate\\View\\View->renderContents()
#8 C:\\xampp\\htdocs\\grupocorein\\core\\vendor\\laravel\\framework\\src\\Illuminate\\Http\\Response.php(62): Illuminate\\View\\View->render()
#9 C:\\xampp\\htdocs\\grupocorein\\core\\vendor\\laravel\\framework\\src\\Illuminate\\Http\\Response.php(34): Illuminate\\Http\\Response->setContent(Object(Illuminate\\View\\View))
#10 C:\\xampp\\htdocs\\grupocorein\\core\\vendor\\laravel\\framework\\src\\Illuminate\\Routing\\Router.php(759): Illuminate\\Http\\Response->__construct(Object(Illuminate\\View\\View), 200, Array)
#11 C:\\xampp\\htdocs\\grupocorein\\core\\vendor\\laravel\\framework\\src\\Illuminate\\Routing\\Router.php(731): Illuminate\\Routing\\Router::toResponse(Object(Illuminate\\Http\\Request), Object(Illuminate\\View\\View))
#12 C:\\xampp\\htdocs\\grupocorein\\core\\vendor\\laravel\\framework\\src\\Illuminate\\Routing\\Router.php(685): Illuminate\\Routing\\Router->prepareResponse(Object(Illuminate\\Http\\Request), Object(Illuminate\\View\\View))
#13 C:\\xampp\\htdocs\\grupocorein\\core\\vendor\\laravel\\framework\\src\\Illuminate\\Pipeline\\Pipeline.php(128): Illuminate\\Routing\\Router->Illuminate\\Routing\\{closure}(Object(Illuminate\\Http\\Request))
#14 C:\\xampp\\htdocs\\grupocorein\\core\\app\\Http\\Middleware\\Localization.php(30): Illuminate\\Pipeline\\Pipeline->Illuminate\\Pipeline\\{closure}(Object(Illuminate\\Http\\Request))
#15 C:\\xampp\\htdocs\\grupocorein\\core\\vendor\\laravel\\framework\\src\\Illuminate\\Pipeline\\Pipeline.php(167): App\\Http\\Middleware\\Localization->handle(Object(Illuminate\\Http\\Request), Object(Closure))
#16 C:\\xampp\\htdocs\\grupocorein\\core\\app\\Http\\Middleware\\Maintainance.php(13): Illuminate\\Pipeline\\Pipeline->Illuminate\\Pipeline\\{closure}(Object(Illuminate\\Http\\Request))
#17 C:\\xampp\\htdocs\\grupocorein\\core\\vendor\\laravel\\framework\\src\\Illuminate\\Pipeline\\Pipeline.php(167): App\\Http\\Middleware\\Maintainance->handle(Object(Illuminate\\Http\\Request), Object(Closure))
#18 C:\\xampp\\htdocs\\grupocorein\\core\\vendor\\laravel\\framework\\src\\Illuminate\\Routing\\Middleware\\SubstituteBindings.php(41): Illuminate\\Pipeline\\Pipeline->Illuminate\\Pipeline\\{closure}(Object(Illuminate\\Http\\Request))
#19 C:\\xampp\\htdocs\\grupocorein\\core\\vendor\\laravel\\framework\\src\\Illuminate\\Pipeline\\Pipeline.php(167): Illuminate\\Routing\\Middleware\\SubstituteBindings->handle(Object(Illuminate\\Http\\Request), Object(Closure))
#20 C:\\xampp\\htdocs\\grupocorein\\core\\vendor\\laravel\\framework\\src\\Illuminate\\Auth\\Middleware\\Authenticate.php(44): Illuminate\\Pipeline\\Pipeline->Illuminate\\Pipeline\\{closure}(Object(Illuminate\\Http\\Request))
#21 C:\\xampp\\htdocs\\grupocorein\\core\\vendor\\laravel\\framework\\src\\Illuminate\\Pipeline\\Pipeline.php(167): Illuminate\\Auth\\Middleware\\Authenticate->handle(Object(Illuminate\\Http\\Request), Object(Closure))
#22 C:\\xampp\\htdocs\\grupocorein\\core\\vendor\\laravel\\framework\\src\\Illuminate\\Foundation\\Http\\Middleware\\VerifyCsrfToken.php(78): Illuminate\\Pipeline\\Pipeline->Illuminate\\Pipeline\\{closure}(Object(Illuminate\\Http\\Request))
#23 C:\\xampp\\htdocs\\grupocorein\\core\\vendor\\laravel\\framework\\src\\Illuminate\\Pipeline\\Pipeline.php(167): Illuminate\\Foundation\\Http\\Middleware\\VerifyCsrfToken->handle(Object(Illuminate\\Http\\Request), Object(Closure))
#24 C:\\xampp\\htdocs\\grupocorein\\core\\vendor\\laravel\\framework\\src\\Illuminate\\View\\Middleware\\ShareErrorsFromSession.php(49): Illuminate\\Pipeline\\Pipeline->Illuminate\\Pipeline\\{closure}(Object(Illuminate\\Http\\Request))
#25 C:\\xampp\\htdocs\\grupocorein\\core\\vendor\\laravel\\framework\\src\\Illuminate\\Pipeline\\Pipeline.php(167): Illuminate\\View\\Middleware\\ShareErrorsFromSession->handle(Object(Illuminate\\Http\\Request), Object(Closure))
#26 C:\\xampp\\htdocs\\grupocorein\\core\\vendor\\laravel\\framework\\src\\Illuminate\\Session\\Middleware\\StartSession.php(116): Illuminate\\Pipeline\\Pipeline->Illuminate\\Pipeline\\{closure}(Object(Illuminate\\Http\\Request))
#27 C:\\xampp\\htdocs\\grupocorein\\core\\vendor\\laravel\\framework\\src\\Illuminate\\Session\\Middleware\\StartSession.php(62): Illuminate\\Session\\Middleware\\StartSession->handleStatefulRequest(Object(Illuminate\\Http\\Request), Object(Illuminate\\Session\\Store), Object(Closure))
#28 C:\\xampp\\htdocs\\grupocorein\\core\\vendor\\laravel\\framework\\src\\Illuminate\\Pipeline\\Pipeline.php(167): Illuminate\\Session\\Middleware\\StartSession->handle(Object(Illuminate\\Http\\Request), Object(Closure))
#29 C:\\xampp\\htdocs\\grupocorein\\core\\vendor\\laravel\\framework\\src\\Illuminate\\Cookie\\Middleware\\AddQueuedCookiesToResponse.php(37): Illuminate\\Pipeline\\Pipeline->Illuminate\\Pipeline\\{closure}(Object(Illuminate\\Http\\Request))
#30 C:\\xampp\\htdocs\\grupocorein\\core\\vendor\\laravel\\framework\\src\\Illuminate\\Pipeline\\Pipeline.php(167): Illuminate\\Cookie\\Middleware\\AddQueuedCookiesToResponse->handle(Object(Illuminate\\Http\\Request), Object(Closure))
#31 C:\\xampp\\htdocs\\grupocorein\\core\\vendor\\laravel\\framework\\src\\Illuminate\\Cookie\\Middleware\\EncryptCookies.php(67): Illuminate\\Pipeline\\Pipeline->Illuminate\\Pipeline\\{closure}(Object(Illuminate\\Http\\Request))
#32 C:\\xampp\\htdocs\\grupocorein\\core\\vendor\\laravel\\framework\\src\\Illuminate\\Pipeline\\Pipeline.php(167): Illuminate\\Cookie\\Middleware\\EncryptCookies->handle(Object(Illuminate\\Http\\Request), Object(Closure))
#33 C:\\xampp\\htdocs\\grupocorein\\core\\vendor\\laravel\\framework\\src\\Illuminate\\Pipeline\\Pipeline.php(103): Illuminate\\Pipeline\\Pipeline->Illuminate\\Pipeline\\{closure}(Object(Illuminate\\Http\\Request))
#34 C:\\xampp\\htdocs\\grupocorein\\core\\vendor\\laravel\\framework\\src\\Illuminate\\Routing\\Router.php(687): Illuminate\\Pipeline\\Pipeline->then(Object(Closure))
#35 C:\\xampp\\htdocs\\grupocorein\\core\\vendor\\laravel\\framework\\src\\Illuminate\\Routing\\Router.php(662): Illuminate\\Routing\\Router->runRouteWithinStack(Object(Illuminate\\Routing\\Route), Object(Illuminate\\Http\\Request))
#36 C:\\xampp\\htdocs\\grupocorein\\core\\vendor\\laravel\\framework\\src\\Illuminate\\Routing\\Router.php(628): Illuminate\\Routing\\Router->runRoute(Object(Illuminate\\Http\\Request), Object(Illuminate\\Routing\\Route))
#37 C:\\xampp\\htdocs\\grupocorein\\core\\vendor\\laravel\\framework\\src\\Illuminate\\Routing\\Router.php(617): Illuminate\\Routing\\Router->dispatchToRoute(Object(Illuminate\\Http\\Request))
#38 C:\\xampp\\htdocs\\grupocorein\\core\\vendor\\laravel\\framework\\src\\Illuminate\\Foundation\\Http\\Kernel.php(165): Illuminate\\Routing\\Router->dispatch(Object(Illuminate\\Http\\Request))
#39 C:\\xampp\\htdocs\\grupocorein\\core\\vendor\\laravel\\framework\\src\\Illuminate\\Pipeline\\Pipeline.php(128): Illuminate\\Foundation\\Http\\Kernel->Illuminate\\Foundation\\Http\\{closure}(Object(Illuminate\\Http\\Request))
#40 C:\\xampp\\htdocs\\grupocorein\\core\\vendor\\barryvdh\\laravel-debugbar\\src\\Middleware\\InjectDebugbar.php(66): Illuminate\\Pipeline\\Pipeline->Illuminate\\Pipeline\\{closure}(Object(Illuminate\\Http\\Request))
#41 C:\\xampp\\htdocs\\grupocorein\\core\\vendor\\laravel\\framework\\src\\Illuminate\\Pipeline\\Pipeline.php(167): Barryvdh\\Debugbar\\Middleware\\InjectDebugbar->handle(Object(Illuminate\\Http\\Request), Object(Closure))
#42 C:\\xampp\\htdocs\\grupocorein\\core\\vendor\\fideloper\\proxy\\src\\TrustProxies.php(57): Illuminate\\Pipeline\\Pipeline->Illuminate\\Pipeline\\{closure}(Object(Illuminate\\Http\\Request))
#43 C:\\xampp\\htdocs\\grupocorein\\core\\vendor\\laravel\\framework\\src\\Illuminate\\Pipeline\\Pipeline.php(167): Fideloper\\Proxy\\TrustProxies->handle(Object(Illuminate\\Http\\Request), Object(Closure))
#44 C:\\xampp\\htdocs\\grupocorein\\core\\vendor\\laravel\\framework\\src\\Illuminate\\Foundation\\Http\\Middleware\\TransformsRequest.php(21): Illuminate\\Pipeline\\Pipeline->Illuminate\\Pipeline\\{closure}(Object(Illuminate\\Http\\Request))
#45 C:\\xampp\\htdocs\\grupocorein\\core\\vendor\\laravel\\framework\\src\\Illuminate\\Pipeline\\Pipeline.php(167): Illuminate\\Foundation\\Http\\Middleware\\TransformsRequest->handle(Object(Illuminate\\Http\\Request), Object(Closure))
#46 C:\\xampp\\htdocs\\grupocorein\\core\\vendor\\laravel\\framework\\src\\Illuminate\\Foundation\\Http\\Middleware\\TransformsRequest.php(21): Illuminate\\Pipeline\\Pipeline->Illuminate\\Pipeline\\{closure}(Object(Illuminate\\Http\\Request))
#47 C:\\xampp\\htdocs\\grupocorein\\core\\vendor\\laravel\\framework\\src\\Illuminate\\Pipeline\\Pipeline.php(167): Illuminate\\Foundation\\Http\\Middleware\\TransformsRequest->handle(Object(Illuminate\\Http\\Request), Object(Closure))
#48 C:\\xampp\\htdocs\\grupocorein\\core\\vendor\\laravel\\framework\\src\\Illuminate\\Foundation\\Http\\Middleware\\ValidatePostSize.php(27): Illuminate\\Pipeline\\Pipeline->Illuminate\\Pipeline\\{closure}(Object(Illuminate\\Http\\Request))
#49 C:\\xampp\\htdocs\\grupocorein\\core\\vendor\\laravel\\framework\\src\\Illuminate\\Pipeline\\Pipeline.php(167): Illuminate\\Foundation\\Http\\Middleware\\ValidatePostSize->handle(Object(Illuminate\\Http\\Request), Object(Closure))
#50 C:\\xampp\\htdocs\\grupocorein\\core\\vendor\\laravel\\framework\\src\\Illuminate\\Foundation\\Http\\Middleware\\CheckForMaintenanceMode.php(63): Illuminate\\Pipeline\\Pipeline->Illuminate\\Pipeline\\{closure}(Object(Illuminate\\Http\\Request))
#51 C:\\xampp\\htdocs\\grupocorein\\core\\vendor\\laravel\\framework\\src\\Illuminate\\Pipeline\\Pipeline.php(167): Illuminate\\Foundation\\Http\\Middleware\\CheckForMaintenanceMode->handle(Object(Illuminate\\Http\\Request), Object(Closure))
#52 C:\\xampp\\htdocs\\grupocorein\\core\\vendor\\laravel\\framework\\src\\Illuminate\\Pipeline\\Pipeline.php(103): Illuminate\\Pipeline\\Pipeline->Illuminate\\Pipeline\\{closure}(Object(Illuminate\\Http\\Request))
#53 C:\\xampp\\htdocs\\grupocorein\\core\\vendor\\laravel\\framework\\src\\Illuminate\\Foundation\\Http\\Kernel.php(140): Illuminate\\Pipeline\\Pipeline->then(Object(Closure))
#54 C:\\xampp\\htdocs\\grupocorein\\core\\vendor\\laravel\\framework\\src\\Illuminate\\Foundation\\Http\\Kernel.php(109): Illuminate\\Foundation\\Http\\Kernel->sendRequestThroughRouter(Object(Illuminate\\Http\\Request))
#55 C:\\xampp\\htdocs\\grupocorein\\index.php(55): Illuminate\\Foundation\\Http\\Kernel->handle(Object(Illuminate\\Http\\Request))
#56 {main}
"} 
[2024-04-23 17:36:36] local.ERROR: Illegal string offset 'ship_amountaddress' (View: C:\xampp\htdocs\grupocorein\core\resources\views\user\order\index.blade.php) {"userId":1,"exception":"[object] (Facade\\Ignition\\Exceptions\\ViewException(code: 0): Illegal string offset 'ship_amountaddress' (View: C:\\xampp\\htdocs\\grupocorein\\core\\resources\\views\\user\\order\\index.blade.php) at C:\\xampp\\htdocs\\grupocorein\\core\\app\\Helpers\\PriceHelper.php:305)
[stacktrace]
#0 C:\\xampp\\htdocs\\grupocorein\\core\\app\\Helpers\\PriceHelper.php(305): Illuminate\\Foundation\\Bootstrap\\HandleExceptions->handleError(2, 'Illegal string ...', 'C:\\\\xampp\\\\htdocs...', 305, Array)
#1 C:\\xampp\\htdocs\\grupocorein\\core\\resources\\views/user/order/index.blade.php(43): App\\Helpers\\PriceHelper::OrderTotal(Object(App\\Models\\Order))
#2 C:\\xampp\\htdocs\\grupocorein\\core\\vendor\\laravel\\framework\\src\\Illuminate\\View\\Engines\\PhpEngine.php(41): include('C:\\\\xampp\\\\htdocs...')
#3 C:\\xampp\\htdocs\\grupocorein\\core\\vendor\\laravel\\framework\\src\\Illuminate\\View\\Engines\\CompilerEngine.php(57): Illuminate\\View\\Engines\\PhpEngine->evaluatePath('C:\\\\xampp\\\\htdocs...', Array)
#4 C:\\xampp\\htdocs\\grupocorein\\core\\vendor\\facade\\ignition\\src\\Views\\Engines\\CompilerEngine.php(37): Illuminate\\View\\Engines\\CompilerEngine->get('C:\\\\xampp\\\\htdocs...', Array)
#5 C:\\xampp\\htdocs\\grupocorein\\core\\vendor\\laravel\\framework\\src\\Illuminate\\View\\View.php(139): Facade\\Ignition\\Views\\Engines\\CompilerEngine->get('C:\\\\xampp\\\\htdocs...', Array)
#6 C:\\xampp\\htdocs\\grupocorein\\core\\vendor\\laravel\\framework\\src\\Illuminate\\View\\View.php(122): Illuminate\\View\\View->getContents()
#7 C:\\xampp\\htdocs\\grupocorein\\core\\vendor\\laravel\\framework\\src\\Illuminate\\View\\View.php(91): Illuminate\\View\\View->renderContents()
#8 C:\\xampp\\htdocs\\grupocorein\\core\\vendor\\laravel\\framework\\src\\Illuminate\\Http\\Response.php(62): Illuminate\\View\\View->render()
#9 C:\\xampp\\htdocs\\grupocorein\\core\\vendor\\laravel\\framework\\src\\Illuminate\\Http\\Response.php(34): Illuminate\\Http\\Response->setContent(Object(Illuminate\\View\\View))
#10 C:\\xampp\\htdocs\\grupocorein\\core\\vendor\\laravel\\framework\\src\\Illuminate\\Routing\\Router.php(759): Illuminate\\Http\\Response->__construct(Object(Illuminate\\View\\View), 200, Array)
#11 C:\\xampp\\htdocs\\grupocorein\\core\\vendor\\laravel\\framework\\src\\Illuminate\\Routing\\Router.php(731): Illuminate\\Routing\\Router::toResponse(Object(Illuminate\\Http\\Request), Object(Illuminate\\View\\View))
#12 C:\\xampp\\htdocs\\grupocorein\\core\\vendor\\laravel\\framework\\src\\Illuminate\\Routing\\Router.php(685): Illuminate\\Routing\\Router->prepareResponse(Object(Illuminate\\Http\\Request), Object(Illuminate\\View\\View))
#13 C:\\xampp\\htdocs\\grupocorein\\core\\vendor\\laravel\\framework\\src\\Illuminate\\Pipeline\\Pipeline.php(128): Illuminate\\Routing\\Router->Illuminate\\Routing\\{closure}(Object(Illuminate\\Http\\Request))
#14 C:\\xampp\\htdocs\\grupocorein\\core\\app\\Http\\Middleware\\Localization.php(30): Illuminate\\Pipeline\\Pipeline->Illuminate\\Pipeline\\{closure}(Object(Illuminate\\Http\\Request))
#15 C:\\xampp\\htdocs\\grupocorein\\core\\vendor\\laravel\\framework\\src\\Illuminate\\Pipeline\\Pipeline.php(167): App\\Http\\Middleware\\Localization->handle(Object(Illuminate\\Http\\Request), Object(Closure))
#16 C:\\xampp\\htdocs\\grupocorein\\core\\app\\Http\\Middleware\\Maintainance.php(13): Illuminate\\Pipeline\\Pipeline->Illuminate\\Pipeline\\{closure}(Object(Illuminate\\Http\\Request))
#17 C:\\xampp\\htdocs\\grupocorein\\core\\vendor\\laravel\\framework\\src\\Illuminate\\Pipeline\\Pipeline.php(167): App\\Http\\Middleware\\Maintainance->handle(Object(Illuminate\\Http\\Request), Object(Closure))
#18 C:\\xampp\\htdocs\\grupocorein\\core\\vendor\\laravel\\framework\\src\\Illuminate\\Routing\\Middleware\\SubstituteBindings.php(41): Illuminate\\Pipeline\\Pipeline->Illuminate\\Pipeline\\{closure}(Object(Illuminate\\Http\\Request))
#19 C:\\xampp\\htdocs\\grupocorein\\core\\vendor\\laravel\\framework\\src\\Illuminate\\Pipeline\\Pipeline.php(167): Illuminate\\Routing\\Middleware\\SubstituteBindings->handle(Object(Illuminate\\Http\\Request), Object(Closure))
#20 C:\\xampp\\htdocs\\grupocorein\\core\\vendor\\laravel\\framework\\src\\Illuminate\\Auth\\Middleware\\Authenticate.php(44): Illuminate\\Pipeline\\Pipeline->Illuminate\\Pipeline\\{closure}(Object(Illuminate\\Http\\Request))
#21 C:\\xampp\\htdocs\\grupocorein\\core\\vendor\\laravel\\framework\\src\\Illuminate\\Pipeline\\Pipeline.php(167): Illuminate\\Auth\\Middleware\\Authenticate->handle(Object(Illuminate\\Http\\Request), Object(Closure))
#22 C:\\xampp\\htdocs\\grupocorein\\core\\vendor\\laravel\\framework\\src\\Illuminate\\Foundation\\Http\\Middleware\\VerifyCsrfToken.php(78): Illuminate\\Pipeline\\Pipeline->Illuminate\\Pipeline\\{closure}(Object(Illuminate\\Http\\Request))
#23 C:\\xampp\\htdocs\\grupocorein\\core\\vendor\\laravel\\framework\\src\\Illuminate\\Pipeline\\Pipeline.php(167): Illuminate\\Foundation\\Http\\Middleware\\VerifyCsrfToken->handle(Object(Illuminate\\Http\\Request), Object(Closure))
#24 C:\\xampp\\htdocs\\grupocorein\\core\\vendor\\laravel\\framework\\src\\Illuminate\\View\\Middleware\\ShareErrorsFromSession.php(49): Illuminate\\Pipeline\\Pipeline->Illuminate\\Pipeline\\{closure}(Object(Illuminate\\Http\\Request))
#25 C:\\xampp\\htdocs\\grupocorein\\core\\vendor\\laravel\\framework\\src\\Illuminate\\Pipeline\\Pipeline.php(167): Illuminate\\View\\Middleware\\ShareErrorsFromSession->handle(Object(Illuminate\\Http\\Request), Object(Closure))
#26 C:\\xampp\\htdocs\\grupocorein\\core\\vendor\\laravel\\framework\\src\\Illuminate\\Session\\Middleware\\StartSession.php(116): Illuminate\\Pipeline\\Pipeline->Illuminate\\Pipeline\\{closure}(Object(Illuminate\\Http\\Request))
#27 C:\\xampp\\htdocs\\grupocorein\\core\\vendor\\laravel\\framework\\src\\Illuminate\\Session\\Middleware\\StartSession.php(62): Illuminate\\Session\\Middleware\\StartSession->handleStatefulRequest(Object(Illuminate\\Http\\Request), Object(Illuminate\\Session\\Store), Object(Closure))
#28 C:\\xampp\\htdocs\\grupocorein\\core\\vendor\\laravel\\framework\\src\\Illuminate\\Pipeline\\Pipeline.php(167): Illuminate\\Session\\Middleware\\StartSession->handle(Object(Illuminate\\Http\\Request), Object(Closure))
#29 C:\\xampp\\htdocs\\grupocorein\\core\\vendor\\laravel\\framework\\src\\Illuminate\\Cookie\\Middleware\\AddQueuedCookiesToResponse.php(37): Illuminate\\Pipeline\\Pipeline->Illuminate\\Pipeline\\{closure}(Object(Illuminate\\Http\\Request))
#30 C:\\xampp\\htdocs\\grupocorein\\core\\vendor\\laravel\\framework\\src\\Illuminate\\Pipeline\\Pipeline.php(167): Illuminate\\Cookie\\Middleware\\AddQueuedCookiesToResponse->handle(Object(Illuminate\\Http\\Request), Object(Closure))
#31 C:\\xampp\\htdocs\\grupocorein\\core\\vendor\\laravel\\framework\\src\\Illuminate\\Cookie\\Middleware\\EncryptCookies.php(67): Illuminate\\Pipeline\\Pipeline->Illuminate\\Pipeline\\{closure}(Object(Illuminate\\Http\\Request))
#32 C:\\xampp\\htdocs\\grupocorein\\core\\vendor\\laravel\\framework\\src\\Illuminate\\Pipeline\\Pipeline.php(167): Illuminate\\Cookie\\Middleware\\EncryptCookies->handle(Object(Illuminate\\Http\\Request), Object(Closure))
#33 C:\\xampp\\htdocs\\grupocorein\\core\\vendor\\laravel\\framework\\src\\Illuminate\\Pipeline\\Pipeline.php(103): Illuminate\\Pipeline\\Pipeline->Illuminate\\Pipeline\\{closure}(Object(Illuminate\\Http\\Request))
#34 C:\\xampp\\htdocs\\grupocorein\\core\\vendor\\laravel\\framework\\src\\Illuminate\\Routing\\Router.php(687): Illuminate\\Pipeline\\Pipeline->then(Object(Closure))
#35 C:\\xampp\\htdocs\\grupocorein\\core\\vendor\\laravel\\framework\\src\\Illuminate\\Routing\\Router.php(662): Illuminate\\Routing\\Router->runRouteWithinStack(Object(Illuminate\\Routing\\Route), Object(Illuminate\\Http\\Request))
#36 C:\\xampp\\htdocs\\grupocorein\\core\\vendor\\laravel\\framework\\src\\Illuminate\\Routing\\Router.php(628): Illuminate\\Routing\\Router->runRoute(Object(Illuminate\\Http\\Request), Object(Illuminate\\Routing\\Route))
#37 C:\\xampp\\htdocs\\grupocorein\\core\\vendor\\laravel\\framework\\src\\Illuminate\\Routing\\Router.php(617): Illuminate\\Routing\\Router->dispatchToRoute(Object(Illuminate\\Http\\Request))
#38 C:\\xampp\\htdocs\\grupocorein\\core\\vendor\\laravel\\framework\\src\\Illuminate\\Foundation\\Http\\Kernel.php(165): Illuminate\\Routing\\Router->dispatch(Object(Illuminate\\Http\\Request))
#39 C:\\xampp\\htdocs\\grupocorein\\core\\vendor\\laravel\\framework\\src\\Illuminate\\Pipeline\\Pipeline.php(128): Illuminate\\Foundation\\Http\\Kernel->Illuminate\\Foundation\\Http\\{closure}(Object(Illuminate\\Http\\Request))
#40 C:\\xampp\\htdocs\\grupocorein\\core\\vendor\\barryvdh\\laravel-debugbar\\src\\Middleware\\InjectDebugbar.php(66): Illuminate\\Pipeline\\Pipeline->Illuminate\\Pipeline\\{closure}(Object(Illuminate\\Http\\Request))
#41 C:\\xampp\\htdocs\\grupocorein\\core\\vendor\\laravel\\framework\\src\\Illuminate\\Pipeline\\Pipeline.php(167): Barryvdh\\Debugbar\\Middleware\\InjectDebugbar->handle(Object(Illuminate\\Http\\Request), Object(Closure))
#42 C:\\xampp\\htdocs\\grupocorein\\core\\vendor\\fideloper\\proxy\\src\\TrustProxies.php(57): Illuminate\\Pipeline\\Pipeline->Illuminate\\Pipeline\\{closure}(Object(Illuminate\\Http\\Request))
#43 C:\\xampp\\htdocs\\grupocorein\\core\\vendor\\laravel\\framework\\src\\Illuminate\\Pipeline\\Pipeline.php(167): Fideloper\\Proxy\\TrustProxies->handle(Object(Illuminate\\Http\\Request), Object(Closure))
#44 C:\\xampp\\htdocs\\grupocorein\\core\\vendor\\laravel\\framework\\src\\Illuminate\\Foundation\\Http\\Middleware\\TransformsRequest.php(21): Illuminate\\Pipeline\\Pipeline->Illuminate\\Pipeline\\{closure}(Object(Illuminate\\Http\\Request))
#45 C:\\xampp\\htdocs\\grupocorein\\core\\vendor\\laravel\\framework\\src\\Illuminate\\Pipeline\\Pipeline.php(167): Illuminate\\Foundation\\Http\\Middleware\\TransformsRequest->handle(Object(Illuminate\\Http\\Request), Object(Closure))
#46 C:\\xampp\\htdocs\\grupocorein\\core\\vendor\\laravel\\framework\\src\\Illuminate\\Foundation\\Http\\Middleware\\TransformsRequest.php(21): Illuminate\\Pipeline\\Pipeline->Illuminate\\Pipeline\\{closure}(Object(Illuminate\\Http\\Request))
#47 C:\\xampp\\htdocs\\grupocorein\\core\\vendor\\laravel\\framework\\src\\Illuminate\\Pipeline\\Pipeline.php(167): Illuminate\\Foundation\\Http\\Middleware\\TransformsRequest->handle(Object(Illuminate\\Http\\Request), Object(Closure))
#48 C:\\xampp\\htdocs\\grupocorein\\core\\vendor\\laravel\\framework\\src\\Illuminate\\Foundation\\Http\\Middleware\\ValidatePostSize.php(27): Illuminate\\Pipeline\\Pipeline->Illuminate\\Pipeline\\{closure}(Object(Illuminate\\Http\\Request))
#49 C:\\xampp\\htdocs\\grupocorein\\core\\vendor\\laravel\\framework\\src\\Illuminate\\Pipeline\\Pipeline.php(167): Illuminate\\Foundation\\Http\\Middleware\\ValidatePostSize->handle(Object(Illuminate\\Http\\Request), Object(Closure))
#50 C:\\xampp\\htdocs\\grupocorein\\core\\vendor\\laravel\\framework\\src\\Illuminate\\Foundation\\Http\\Middleware\\CheckForMaintenanceMode.php(63): Illuminate\\Pipeline\\Pipeline->Illuminate\\Pipeline\\{closure}(Object(Illuminate\\Http\\Request))
#51 C:\\xampp\\htdocs\\grupocorein\\core\\vendor\\laravel\\framework\\src\\Illuminate\\Pipeline\\Pipeline.php(167): Illuminate\\Foundation\\Http\\Middleware\\CheckForMaintenanceMode->handle(Object(Illuminate\\Http\\Request), Object(Closure))
#52 C:\\xampp\\htdocs\\grupocorein\\core\\vendor\\laravel\\framework\\src\\Illuminate\\Pipeline\\Pipeline.php(103): Illuminate\\Pipeline\\Pipeline->Illuminate\\Pipeline\\{closure}(Object(Illuminate\\Http\\Request))
#53 C:\\xampp\\htdocs\\grupocorein\\core\\vendor\\laravel\\framework\\src\\Illuminate\\Foundation\\Http\\Kernel.php(140): Illuminate\\Pipeline\\Pipeline->then(Object(Closure))
#54 C:\\xampp\\htdocs\\grupocorein\\core\\vendor\\laravel\\framework\\src\\Illuminate\\Foundation\\Http\\Kernel.php(109): Illuminate\\Foundation\\Http\\Kernel->sendRequestThroughRouter(Object(Illuminate\\Http\\Request))
#55 C:\\xampp\\htdocs\\grupocorein\\index.php(55): Illuminate\\Foundation\\Http\\Kernel->handle(Object(Illuminate\\Http\\Request))
#56 {main}

[previous exception] [object] (ErrorException(code: 0): Illegal string offset 'ship_amountaddress' at C:\\xampp\\htdocs\\grupocorein\\core\\app\\Helpers\\PriceHelper.php:305)
[stacktrace]
#0 C:\\xampp\\htdocs\\grupocorein\\core\\app\\Helpers\\PriceHelper.php(305): Illuminate\\Foundation\\Bootstrap\\HandleExceptions->handleError(2, 'Illegal string ...', 'C:\\\\xampp\\\\htdocs...', 305, Array)
#1 C:\\xampp\\htdocs\\grupocorein\\core\\storage\\framework\\views\\0fd5ac2ad8b116fbcee6a5ab75b98325733b7ada.php(43): App\\Helpers\\PriceHelper::OrderTotal(Object(App\\Models\\Order))
#2 C:\\xampp\\htdocs\\grupocorein\\core\\vendor\\laravel\\framework\\src\\Illuminate\\View\\Engines\\PhpEngine.php(41): include('C:\\\\xampp\\\\htdocs...')
#3 C:\\xampp\\htdocs\\grupocorein\\core\\vendor\\laravel\\framework\\src\\Illuminate\\View\\Engines\\CompilerEngine.php(57): Illuminate\\View\\Engines\\PhpEngine->evaluatePath('C:\\\\xampp\\\\htdocs...', Array)
#4 C:\\xampp\\htdocs\\grupocorein\\core\\vendor\\facade\\ignition\\src\\Views\\Engines\\CompilerEngine.php(37): Illuminate\\View\\Engines\\CompilerEngine->get('C:\\\\xampp\\\\htdocs...', Array)
#5 C:\\xampp\\htdocs\\grupocorein\\core\\vendor\\laravel\\framework\\src\\Illuminate\\View\\View.php(139): Facade\\Ignition\\Views\\Engines\\CompilerEngine->get('C:\\\\xampp\\\\htdocs...', Array)
#6 C:\\xampp\\htdocs\\grupocorein\\core\\vendor\\laravel\\framework\\src\\Illuminate\\View\\View.php(122): Illuminate\\View\\View->getContents()
#7 C:\\xampp\\htdocs\\grupocorein\\core\\vendor\\laravel\\framework\\src\\Illuminate\\View\\View.php(91): Illuminate\\View\\View->renderContents()
#8 C:\\xampp\\htdocs\\grupocorein\\core\\vendor\\laravel\\framework\\src\\Illuminate\\Http\\Response.php(62): Illuminate\\View\\View->render()
#9 C:\\xampp\\htdocs\\grupocorein\\core\\vendor\\laravel\\framework\\src\\Illuminate\\Http\\Response.php(34): Illuminate\\Http\\Response->setContent(Object(Illuminate\\View\\View))
#10 C:\\xampp\\htdocs\\grupocorein\\core\\vendor\\laravel\\framework\\src\\Illuminate\\Routing\\Router.php(759): Illuminate\\Http\\Response->__construct(Object(Illuminate\\View\\View), 200, Array)
#11 C:\\xampp\\htdocs\\grupocorein\\core\\vendor\\laravel\\framework\\src\\Illuminate\\Routing\\Router.php(731): Illuminate\\Routing\\Router::toResponse(Object(Illuminate\\Http\\Request), Object(Illuminate\\View\\View))
#12 C:\\xampp\\htdocs\\grupocorein\\core\\vendor\\laravel\\framework\\src\\Illuminate\\Routing\\Router.php(685): Illuminate\\Routing\\Router->prepareResponse(Object(Illuminate\\Http\\Request), Object(Illuminate\\View\\View))
#13 C:\\xampp\\htdocs\\grupocorein\\core\\vendor\\laravel\\framework\\src\\Illuminate\\Pipeline\\Pipeline.php(128): Illuminate\\Routing\\Router->Illuminate\\Routing\\{closure}(Object(Illuminate\\Http\\Request))
#14 C:\\xampp\\htdocs\\grupocorein\\core\\app\\Http\\Middleware\\Localization.php(30): Illuminate\\Pipeline\\Pipeline->Illuminate\\Pipeline\\{closure}(Object(Illuminate\\Http\\Request))
#15 C:\\xampp\\htdocs\\grupocorein\\core\\vendor\\laravel\\framework\\src\\Illuminate\\Pipeline\\Pipeline.php(167): App\\Http\\Middleware\\Localization->handle(Object(Illuminate\\Http\\Request), Object(Closure))
#16 C:\\xampp\\htdocs\\grupocorein\\core\\app\\Http\\Middleware\\Maintainance.php(13): Illuminate\\Pipeline\\Pipeline->Illuminate\\Pipeline\\{closure}(Object(Illuminate\\Http\\Request))
#17 C:\\xampp\\htdocs\\grupocorein\\core\\vendor\\laravel\\framework\\src\\Illuminate\\Pipeline\\Pipeline.php(167): App\\Http\\Middleware\\Maintainance->handle(Object(Illuminate\\Http\\Request), Object(Closure))
#18 C:\\xampp\\htdocs\\grupocorein\\core\\vendor\\laravel\\framework\\src\\Illuminate\\Routing\\Middleware\\SubstituteBindings.php(41): Illuminate\\Pipeline\\Pipeline->Illuminate\\Pipeline\\{closure}(Object(Illuminate\\Http\\Request))
#19 C:\\xampp\\htdocs\\grupocorein\\core\\vendor\\laravel\\framework\\src\\Illuminate\\Pipeline\\Pipeline.php(167): Illuminate\\Routing\\Middleware\\SubstituteBindings->handle(Object(Illuminate\\Http\\Request), Object(Closure))
#20 C:\\xampp\\htdocs\\grupocorein\\core\\vendor\\laravel\\framework\\src\\Illuminate\\Auth\\Middleware\\Authenticate.php(44): Illuminate\\Pipeline\\Pipeline->Illuminate\\Pipeline\\{closure}(Object(Illuminate\\Http\\Request))
#21 C:\\xampp\\htdocs\\grupocorein\\core\\vendor\\laravel\\framework\\src\\Illuminate\\Pipeline\\Pipeline.php(167): Illuminate\\Auth\\Middleware\\Authenticate->handle(Object(Illuminate\\Http\\Request), Object(Closure))
#22 C:\\xampp\\htdocs\\grupocorein\\core\\vendor\\laravel\\framework\\src\\Illuminate\\Foundation\\Http\\Middleware\\VerifyCsrfToken.php(78): Illuminate\\Pipeline\\Pipeline->Illuminate\\Pipeline\\{closure}(Object(Illuminate\\Http\\Request))
#23 C:\\xampp\\htdocs\\grupocorein\\core\\vendor\\laravel\\framework\\src\\Illuminate\\Pipeline\\Pipeline.php(167): Illuminate\\Foundation\\Http\\Middleware\\VerifyCsrfToken->handle(Object(Illuminate\\Http\\Request), Object(Closure))
#24 C:\\xampp\\htdocs\\grupocorein\\core\\vendor\\laravel\\framework\\src\\Illuminate\\View\\Middleware\\ShareErrorsFromSession.php(49): Illuminate\\Pipeline\\Pipeline->Illuminate\\Pipeline\\{closure}(Object(Illuminate\\Http\\Request))
#25 C:\\xampp\\htdocs\\grupocorein\\core\\vendor\\laravel\\framework\\src\\Illuminate\\Pipeline\\Pipeline.php(167): Illuminate\\View\\Middleware\\ShareErrorsFromSession->handle(Object(Illuminate\\Http\\Request), Object(Closure))
#26 C:\\xampp\\htdocs\\grupocorein\\core\\vendor\\laravel\\framework\\src\\Illuminate\\Session\\Middleware\\StartSession.php(116): Illuminate\\Pipeline\\Pipeline->Illuminate\\Pipeline\\{closure}(Object(Illuminate\\Http\\Request))
#27 C:\\xampp\\htdocs\\grupocorein\\core\\vendor\\laravel\\framework\\src\\Illuminate\\Session\\Middleware\\StartSession.php(62): Illuminate\\Session\\Middleware\\StartSession->handleStatefulRequest(Object(Illuminate\\Http\\Request), Object(Illuminate\\Session\\Store), Object(Closure))
#28 C:\\xampp\\htdocs\\grupocorein\\core\\vendor\\laravel\\framework\\src\\Illuminate\\Pipeline\\Pipeline.php(167): Illuminate\\Session\\Middleware\\StartSession->handle(Object(Illuminate\\Http\\Request), Object(Closure))
#29 C:\\xampp\\htdocs\\grupocorein\\core\\vendor\\laravel\\framework\\src\\Illuminate\\Cookie\\Middleware\\AddQueuedCookiesToResponse.php(37): Illuminate\\Pipeline\\Pipeline->Illuminate\\Pipeline\\{closure}(Object(Illuminate\\Http\\Request))
#30 C:\\xampp\\htdocs\\grupocorein\\core\\vendor\\laravel\\framework\\src\\Illuminate\\Pipeline\\Pipeline.php(167): Illuminate\\Cookie\\Middleware\\AddQueuedCookiesToResponse->handle(Object(Illuminate\\Http\\Request), Object(Closure))
#31 C:\\xampp\\htdocs\\grupocorein\\core\\vendor\\laravel\\framework\\src\\Illuminate\\Cookie\\Middleware\\EncryptCookies.php(67): Illuminate\\Pipeline\\Pipeline->Illuminate\\Pipeline\\{closure}(Object(Illuminate\\Http\\Request))
#32 C:\\xampp\\htdocs\\grupocorein\\core\\vendor\\laravel\\framework\\src\\Illuminate\\Pipeline\\Pipeline.php(167): Illuminate\\Cookie\\Middleware\\EncryptCookies->handle(Object(Illuminate\\Http\\Request), Object(Closure))
#33 C:\\xampp\\htdocs\\grupocorein\\core\\vendor\\laravel\\framework\\src\\Illuminate\\Pipeline\\Pipeline.php(103): Illuminate\\Pipeline\\Pipeline->Illuminate\\Pipeline\\{closure}(Object(Illuminate\\Http\\Request))
#34 C:\\xampp\\htdocs\\grupocorein\\core\\vendor\\laravel\\framework\\src\\Illuminate\\Routing\\Router.php(687): Illuminate\\Pipeline\\Pipeline->then(Object(Closure))
#35 C:\\xampp\\htdocs\\grupocorein\\core\\vendor\\laravel\\framework\\src\\Illuminate\\Routing\\Router.php(662): Illuminate\\Routing\\Router->runRouteWithinStack(Object(Illuminate\\Routing\\Route), Object(Illuminate\\Http\\Request))
#36 C:\\xampp\\htdocs\\grupocorein\\core\\vendor\\laravel\\framework\\src\\Illuminate\\Routing\\Router.php(628): Illuminate\\Routing\\Router->runRoute(Object(Illuminate\\Http\\Request), Object(Illuminate\\Routing\\Route))
#37 C:\\xampp\\htdocs\\grupocorein\\core\\vendor\\laravel\\framework\\src\\Illuminate\\Routing\\Router.php(617): Illuminate\\Routing\\Router->dispatchToRoute(Object(Illuminate\\Http\\Request))
#38 C:\\xampp\\htdocs\\grupocorein\\core\\vendor\\laravel\\framework\\src\\Illuminate\\Foundation\\Http\\Kernel.php(165): Illuminate\\Routing\\Router->dispatch(Object(Illuminate\\Http\\Request))
#39 C:\\xampp\\htdocs\\grupocorein\\core\\vendor\\laravel\\framework\\src\\Illuminate\\Pipeline\\Pipeline.php(128): Illuminate\\Foundation\\Http\\Kernel->Illuminate\\Foundation\\Http\\{closure}(Object(Illuminate\\Http\\Request))
#40 C:\\xampp\\htdocs\\grupocorein\\core\\vendor\\barryvdh\\laravel-debugbar\\src\\Middleware\\InjectDebugbar.php(66): Illuminate\\Pipeline\\Pipeline->Illuminate\\Pipeline\\{closure}(Object(Illuminate\\Http\\Request))
#41 C:\\xampp\\htdocs\\grupocorein\\core\\vendor\\laravel\\framework\\src\\Illuminate\\Pipeline\\Pipeline.php(167): Barryvdh\\Debugbar\\Middleware\\InjectDebugbar->handle(Object(Illuminate\\Http\\Request), Object(Closure))
#42 C:\\xampp\\htdocs\\grupocorein\\core\\vendor\\fideloper\\proxy\\src\\TrustProxies.php(57): Illuminate\\Pipeline\\Pipeline->Illuminate\\Pipeline\\{closure}(Object(Illuminate\\Http\\Request))
#43 C:\\xampp\\htdocs\\grupocorein\\core\\vendor\\laravel\\framework\\src\\Illuminate\\Pipeline\\Pipeline.php(167): Fideloper\\Proxy\\TrustProxies->handle(Object(Illuminate\\Http\\Request), Object(Closure))
#44 C:\\xampp\\htdocs\\grupocorein\\core\\vendor\\laravel\\framework\\src\\Illuminate\\Foundation\\Http\\Middleware\\TransformsRequest.php(21): Illuminate\\Pipeline\\Pipeline->Illuminate\\Pipeline\\{closure}(Object(Illuminate\\Http\\Request))
#45 C:\\xampp\\htdocs\\grupocorein\\core\\vendor\\laravel\\framework\\src\\Illuminate\\Pipeline\\Pipeline.php(167): Illuminate\\Foundation\\Http\\Middleware\\TransformsRequest->handle(Object(Illuminate\\Http\\Request), Object(Closure))
#46 C:\\xampp\\htdocs\\grupocorein\\core\\vendor\\laravel\\framework\\src\\Illuminate\\Foundation\\Http\\Middleware\\TransformsRequest.php(21): Illuminate\\Pipeline\\Pipeline->Illuminate\\Pipeline\\{closure}(Object(Illuminate\\Http\\Request))
#47 C:\\xampp\\htdocs\\grupocorein\\core\\vendor\\laravel\\framework\\src\\Illuminate\\Pipeline\\Pipeline.php(167): Illuminate\\Foundation\\Http\\Middleware\\TransformsRequest->handle(Object(Illuminate\\Http\\Request), Object(Closure))
#48 C:\\xampp\\htdocs\\grupocorein\\core\\vendor\\laravel\\framework\\src\\Illuminate\\Foundation\\Http\\Middleware\\ValidatePostSize.php(27): Illuminate\\Pipeline\\Pipeline->Illuminate\\Pipeline\\{closure}(Object(Illuminate\\Http\\Request))
#49 C:\\xampp\\htdocs\\grupocorein\\core\\vendor\\laravel\\framework\\src\\Illuminate\\Pipeline\\Pipeline.php(167): Illuminate\\Foundation\\Http\\Middleware\\ValidatePostSize->handle(Object(Illuminate\\Http\\Request), Object(Closure))
#50 C:\\xampp\\htdocs\\grupocorein\\core\\vendor\\laravel\\framework\\src\\Illuminate\\Foundation\\Http\\Middleware\\CheckForMaintenanceMode.php(63): Illuminate\\Pipeline\\Pipeline->Illuminate\\Pipeline\\{closure}(Object(Illuminate\\Http\\Request))
#51 C:\\xampp\\htdocs\\grupocorein\\core\\vendor\\laravel\\framework\\src\\Illuminate\\Pipeline\\Pipeline.php(167): Illuminate\\Foundation\\Http\\Middleware\\CheckForMaintenanceMode->handle(Object(Illuminate\\Http\\Request), Object(Closure))
#52 C:\\xampp\\htdocs\\grupocorein\\core\\vendor\\laravel\\framework\\src\\Illuminate\\Pipeline\\Pipeline.php(103): Illuminate\\Pipeline\\Pipeline->Illuminate\\Pipeline\\{closure}(Object(Illuminate\\Http\\Request))
#53 C:\\xampp\\htdocs\\grupocorein\\core\\vendor\\laravel\\framework\\src\\Illuminate\\Foundation\\Http\\Kernel.php(140): Illuminate\\Pipeline\\Pipeline->then(Object(Closure))
#54 C:\\xampp\\htdocs\\grupocorein\\core\\vendor\\laravel\\framework\\src\\Illuminate\\Foundation\\Http\\Kernel.php(109): Illuminate\\Foundation\\Http\\Kernel->sendRequestThroughRouter(Object(Illuminate\\Http\\Request))
#55 C:\\xampp\\htdocs\\grupocorein\\index.php(55): Illuminate\\Foundation\\Http\\Kernel->handle(Object(Illuminate\\Http\\Request))
#56 {main}
"} 
[2024-04-24 14:49:38] local.ERROR: Route [front.checkout.updatesesscart] not defined. (View: C:\xampp\htdocs\grupocorein\core\resources\views\front\checkout\payment.blade.php) {"userId":1,"exception":"[object] (Facade\\Ignition\\Exceptions\\ViewException(code: 0): Route [front.checkout.updatesesscart] not defined. (View: C:\\xampp\\htdocs\\grupocorein\\core\\resources\\views\\front\\checkout\\payment.blade.php) at C:\\xampp\\htdocs\\grupocorein\\core\\vendor\\laravel\\framework\\src\\Illuminate\\Routing\\UrlGenerator.php:420)
[stacktrace]
#0 C:\\xampp\\htdocs\\grupocorein\\core\\vendor\\laravel\\framework\\src\\Illuminate\\Foundation\\helpers.php(768): Illuminate\\Routing\\UrlGenerator->route('front.checkout....', Array, true)
#1 C:\\xampp\\htdocs\\grupocorein\\core\\resources\\views/front/checkout/payment.blade.php(290): route('front.checkout....')
#2 C:\\xampp\\htdocs\\grupocorein\\core\\vendor\\laravel\\framework\\src\\Illuminate\\View\\Engines\\PhpEngine.php(41): include('C:\\\\xampp\\\\htdocs...')
#3 C:\\xampp\\htdocs\\grupocorein\\core\\vendor\\laravel\\framework\\src\\Illuminate\\View\\Engines\\CompilerEngine.php(57): Illuminate\\View\\Engines\\PhpEngine->evaluatePath('C:\\\\xampp\\\\htdocs...', Array)
#4 C:\\xampp\\htdocs\\grupocorein\\core\\vendor\\facade\\ignition\\src\\Views\\Engines\\CompilerEngine.php(37): Illuminate\\View\\Engines\\CompilerEngine->get('C:\\\\xampp\\\\htdocs...', Array)
#5 C:\\xampp\\htdocs\\grupocorein\\core\\vendor\\laravel\\framework\\src\\Illuminate\\View\\View.php(139): Facade\\Ignition\\Views\\Engines\\CompilerEngine->get('C:\\\\xampp\\\\htdocs...', Array)
#6 C:\\xampp\\htdocs\\grupocorein\\core\\vendor\\laravel\\framework\\src\\Illuminate\\View\\View.php(122): Illuminate\\View\\View->getContents()
#7 C:\\xampp\\htdocs\\grupocorein\\core\\vendor\\laravel\\framework\\src\\Illuminate\\View\\View.php(91): Illuminate\\View\\View->renderContents()
#8 C:\\xampp\\htdocs\\grupocorein\\core\\vendor\\laravel\\framework\\src\\Illuminate\\Http\\Response.php(62): Illuminate\\View\\View->render()
#9 C:\\xampp\\htdocs\\grupocorein\\core\\vendor\\laravel\\framework\\src\\Illuminate\\Http\\Response.php(34): Illuminate\\Http\\Response->setContent(Object(Illuminate\\View\\View))
#10 C:\\xampp\\htdocs\\grupocorein\\core\\vendor\\laravel\\framework\\src\\Illuminate\\Routing\\Router.php(759): Illuminate\\Http\\Response->__construct(Object(Illuminate\\View\\View), 200, Array)
#11 C:\\xampp\\htdocs\\grupocorein\\core\\vendor\\laravel\\framework\\src\\Illuminate\\Routing\\Router.php(731): Illuminate\\Routing\\Router::toResponse(Object(Illuminate\\Http\\Request), Object(Illuminate\\View\\View))
#12 C:\\xampp\\htdocs\\grupocorein\\core\\vendor\\laravel\\framework\\src\\Illuminate\\Routing\\Router.php(685): Illuminate\\Routing\\Router->prepareResponse(Object(Illuminate\\Http\\Request), Object(Illuminate\\View\\View))
#13 C:\\xampp\\htdocs\\grupocorein\\core\\vendor\\laravel\\framework\\src\\Illuminate\\Pipeline\\Pipeline.php(128): Illuminate\\Routing\\Router->Illuminate\\Routing\\{closure}(Object(Illuminate\\Http\\Request))
#14 C:\\xampp\\htdocs\\grupocorein\\core\\app\\Http\\Middleware\\Localization.php(30): Illuminate\\Pipeline\\Pipeline->Illuminate\\Pipeline\\{closure}(Object(Illuminate\\Http\\Request))
#15 C:\\xampp\\htdocs\\grupocorein\\core\\vendor\\laravel\\framework\\src\\Illuminate\\Pipeline\\Pipeline.php(167): App\\Http\\Middleware\\Localization->handle(Object(Illuminate\\Http\\Request), Object(Closure))
#16 C:\\xampp\\htdocs\\grupocorein\\core\\app\\Http\\Middleware\\Maintainance.php(13): Illuminate\\Pipeline\\Pipeline->Illuminate\\Pipeline\\{closure}(Object(Illuminate\\Http\\Request))
#17 C:\\xampp\\htdocs\\grupocorein\\core\\vendor\\laravel\\framework\\src\\Illuminate\\Pipeline\\Pipeline.php(167): App\\Http\\Middleware\\Maintainance->handle(Object(Illuminate\\Http\\Request), Object(Closure))
#18 C:\\xampp\\htdocs\\grupocorein\\core\\vendor\\laravel\\framework\\src\\Illuminate\\Routing\\Middleware\\SubstituteBindings.php(41): Illuminate\\Pipeline\\Pipeline->Illuminate\\Pipeline\\{closure}(Object(Illuminate\\Http\\Request))
#19 C:\\xampp\\htdocs\\grupocorein\\core\\vendor\\laravel\\framework\\src\\Illuminate\\Pipeline\\Pipeline.php(167): Illuminate\\Routing\\Middleware\\SubstituteBindings->handle(Object(Illuminate\\Http\\Request), Object(Closure))
#20 C:\\xampp\\htdocs\\grupocorein\\core\\vendor\\laravel\\framework\\src\\Illuminate\\Auth\\Middleware\\Authenticate.php(44): Illuminate\\Pipeline\\Pipeline->Illuminate\\Pipeline\\{closure}(Object(Illuminate\\Http\\Request))
#21 C:\\xampp\\htdocs\\grupocorein\\core\\vendor\\laravel\\framework\\src\\Illuminate\\Pipeline\\Pipeline.php(167): Illuminate\\Auth\\Middleware\\Authenticate->handle(Object(Illuminate\\Http\\Request), Object(Closure))
#22 C:\\xampp\\htdocs\\grupocorein\\core\\vendor\\laravel\\framework\\src\\Illuminate\\Foundation\\Http\\Middleware\\VerifyCsrfToken.php(78): Illuminate\\Pipeline\\Pipeline->Illuminate\\Pipeline\\{closure}(Object(Illuminate\\Http\\Request))
#23 C:\\xampp\\htdocs\\grupocorein\\core\\vendor\\laravel\\framework\\src\\Illuminate\\Pipeline\\Pipeline.php(167): Illuminate\\Foundation\\Http\\Middleware\\VerifyCsrfToken->handle(Object(Illuminate\\Http\\Request), Object(Closure))
#24 C:\\xampp\\htdocs\\grupocorein\\core\\vendor\\laravel\\framework\\src\\Illuminate\\View\\Middleware\\ShareErrorsFromSession.php(49): Illuminate\\Pipeline\\Pipeline->Illuminate\\Pipeline\\{closure}(Object(Illuminate\\Http\\Request))
#25 C:\\xampp\\htdocs\\grupocorein\\core\\vendor\\laravel\\framework\\src\\Illuminate\\Pipeline\\Pipeline.php(167): Illuminate\\View\\Middleware\\ShareErrorsFromSession->handle(Object(Illuminate\\Http\\Request), Object(Closure))
#26 C:\\xampp\\htdocs\\grupocorein\\core\\vendor\\laravel\\framework\\src\\Illuminate\\Session\\Middleware\\StartSession.php(116): Illuminate\\Pipeline\\Pipeline->Illuminate\\Pipeline\\{closure}(Object(Illuminate\\Http\\Request))
#27 C:\\xampp\\htdocs\\grupocorein\\core\\vendor\\laravel\\framework\\src\\Illuminate\\Session\\Middleware\\StartSession.php(62): Illuminate\\Session\\Middleware\\StartSession->handleStatefulRequest(Object(Illuminate\\Http\\Request), Object(Illuminate\\Session\\Store), Object(Closure))
#28 C:\\xampp\\htdocs\\grupocorein\\core\\vendor\\laravel\\framework\\src\\Illuminate\\Pipeline\\Pipeline.php(167): Illuminate\\Session\\Middleware\\StartSession->handle(Object(Illuminate\\Http\\Request), Object(Closure))
#29 C:\\xampp\\htdocs\\grupocorein\\core\\vendor\\laravel\\framework\\src\\Illuminate\\Cookie\\Middleware\\AddQueuedCookiesToResponse.php(37): Illuminate\\Pipeline\\Pipeline->Illuminate\\Pipeline\\{closure}(Object(Illuminate\\Http\\Request))
#30 C:\\xampp\\htdocs\\grupocorein\\core\\vendor\\laravel\\framework\\src\\Illuminate\\Pipeline\\Pipeline.php(167): Illuminate\\Cookie\\Middleware\\AddQueuedCookiesToResponse->handle(Object(Illuminate\\Http\\Request), Object(Closure))
#31 C:\\xampp\\htdocs\\grupocorein\\core\\vendor\\laravel\\framework\\src\\Illuminate\\Cookie\\Middleware\\EncryptCookies.php(67): Illuminate\\Pipeline\\Pipeline->Illuminate\\Pipeline\\{closure}(Object(Illuminate\\Http\\Request))
#32 C:\\xampp\\htdocs\\grupocorein\\core\\vendor\\laravel\\framework\\src\\Illuminate\\Pipeline\\Pipeline.php(167): Illuminate\\Cookie\\Middleware\\EncryptCookies->handle(Object(Illuminate\\Http\\Request), Object(Closure))
#33 C:\\xampp\\htdocs\\grupocorein\\core\\vendor\\laravel\\framework\\src\\Illuminate\\Pipeline\\Pipeline.php(103): Illuminate\\Pipeline\\Pipeline->Illuminate\\Pipeline\\{closure}(Object(Illuminate\\Http\\Request))
#34 C:\\xampp\\htdocs\\grupocorein\\core\\vendor\\laravel\\framework\\src\\Illuminate\\Routing\\Router.php(687): Illuminate\\Pipeline\\Pipeline->then(Object(Closure))
#35 C:\\xampp\\htdocs\\grupocorein\\core\\vendor\\laravel\\framework\\src\\Illuminate\\Routing\\Router.php(662): Illuminate\\Routing\\Router->runRouteWithinStack(Object(Illuminate\\Routing\\Route), Object(Illuminate\\Http\\Request))
#36 C:\\xampp\\htdocs\\grupocorein\\core\\vendor\\laravel\\framework\\src\\Illuminate\\Routing\\Router.php(628): Illuminate\\Routing\\Router->runRoute(Object(Illuminate\\Http\\Request), Object(Illuminate\\Routing\\Route))
#37 C:\\xampp\\htdocs\\grupocorein\\core\\vendor\\laravel\\framework\\src\\Illuminate\\Routing\\Router.php(617): Illuminate\\Routing\\Router->dispatchToRoute(Object(Illuminate\\Http\\Request))
#38 C:\\xampp\\htdocs\\grupocorein\\core\\vendor\\laravel\\framework\\src\\Illuminate\\Foundation\\Http\\Kernel.php(165): Illuminate\\Routing\\Router->dispatch(Object(Illuminate\\Http\\Request))
#39 C:\\xampp\\htdocs\\grupocorein\\core\\vendor\\laravel\\framework\\src\\Illuminate\\Pipeline\\Pipeline.php(128): Illuminate\\Foundation\\Http\\Kernel->Illuminate\\Foundation\\Http\\{closure}(Object(Illuminate\\Http\\Request))
#40 C:\\xampp\\htdocs\\grupocorein\\core\\vendor\\barryvdh\\laravel-debugbar\\src\\Middleware\\InjectDebugbar.php(66): Illuminate\\Pipeline\\Pipeline->Illuminate\\Pipeline\\{closure}(Object(Illuminate\\Http\\Request))
#41 C:\\xampp\\htdocs\\grupocorein\\core\\vendor\\laravel\\framework\\src\\Illuminate\\Pipeline\\Pipeline.php(167): Barryvdh\\Debugbar\\Middleware\\InjectDebugbar->handle(Object(Illuminate\\Http\\Request), Object(Closure))
#42 C:\\xampp\\htdocs\\grupocorein\\core\\vendor\\fideloper\\proxy\\src\\TrustProxies.php(57): Illuminate\\Pipeline\\Pipeline->Illuminate\\Pipeline\\{closure}(Object(Illuminate\\Http\\Request))
#43 C:\\xampp\\htdocs\\grupocorein\\core\\vendor\\laravel\\framework\\src\\Illuminate\\Pipeline\\Pipeline.php(167): Fideloper\\Proxy\\TrustProxies->handle(Object(Illuminate\\Http\\Request), Object(Closure))
#44 C:\\xampp\\htdocs\\grupocorein\\core\\vendor\\laravel\\framework\\src\\Illuminate\\Foundation\\Http\\Middleware\\TransformsRequest.php(21): Illuminate\\Pipeline\\Pipeline->Illuminate\\Pipeline\\{closure}(Object(Illuminate\\Http\\Request))
#45 C:\\xampp\\htdocs\\grupocorein\\core\\vendor\\laravel\\framework\\src\\Illuminate\\Pipeline\\Pipeline.php(167): Illuminate\\Foundation\\Http\\Middleware\\TransformsRequest->handle(Object(Illuminate\\Http\\Request), Object(Closure))
#46 C:\\xampp\\htdocs\\grupocorein\\core\\vendor\\laravel\\framework\\src\\Illuminate\\Foundation\\Http\\Middleware\\TransformsRequest.php(21): Illuminate\\Pipeline\\Pipeline->Illuminate\\Pipeline\\{closure}(Object(Illuminate\\Http\\Request))
#47 C:\\xampp\\htdocs\\grupocorein\\core\\vendor\\laravel\\framework\\src\\Illuminate\\Pipeline\\Pipeline.php(167): Illuminate\\Foundation\\Http\\Middleware\\TransformsRequest->handle(Object(Illuminate\\Http\\Request), Object(Closure))
#48 C:\\xampp\\htdocs\\grupocorein\\core\\vendor\\laravel\\framework\\src\\Illuminate\\Foundation\\Http\\Middleware\\ValidatePostSize.php(27): Illuminate\\Pipeline\\Pipeline->Illuminate\\Pipeline\\{closure}(Object(Illuminate\\Http\\Request))
#49 C:\\xampp\\htdocs\\grupocorein\\core\\vendor\\laravel\\framework\\src\\Illuminate\\Pipeline\\Pipeline.php(167): Illuminate\\Foundation\\Http\\Middleware\\ValidatePostSize->handle(Object(Illuminate\\Http\\Request), Object(Closure))
#50 C:\\xampp\\htdocs\\grupocorein\\core\\vendor\\laravel\\framework\\src\\Illuminate\\Foundation\\Http\\Middleware\\CheckForMaintenanceMode.php(63): Illuminate\\Pipeline\\Pipeline->Illuminate\\Pipeline\\{closure}(Object(Illuminate\\Http\\Request))
#51 C:\\xampp\\htdocs\\grupocorein\\core\\vendor\\laravel\\framework\\src\\Illuminate\\Pipeline\\Pipeline.php(167): Illuminate\\Foundation\\Http\\Middleware\\CheckForMaintenanceMode->handle(Object(Illuminate\\Http\\Request), Object(Closure))
#52 C:\\xampp\\htdocs\\grupocorein\\core\\vendor\\laravel\\framework\\src\\Illuminate\\Pipeline\\Pipeline.php(103): Illuminate\\Pipeline\\Pipeline->Illuminate\\Pipeline\\{closure}(Object(Illuminate\\Http\\Request))
#53 C:\\xampp\\htdocs\\grupocorein\\core\\vendor\\laravel\\framework\\src\\Illuminate\\Foundation\\Http\\Kernel.php(140): Illuminate\\Pipeline\\Pipeline->then(Object(Closure))
#54 C:\\xampp\\htdocs\\grupocorein\\core\\vendor\\laravel\\framework\\src\\Illuminate\\Foundation\\Http\\Kernel.php(109): Illuminate\\Foundation\\Http\\Kernel->sendRequestThroughRouter(Object(Illuminate\\Http\\Request))
#55 C:\\xampp\\htdocs\\grupocorein\\index.php(55): Illuminate\\Foundation\\Http\\Kernel->handle(Object(Illuminate\\Http\\Request))
#56 {main}

[previous exception] [object] (Symfony\\Component\\Routing\\Exception\\RouteNotFoundException(code: 0): Route [front.checkout.updatesesscart] not defined. at C:\\xampp\\htdocs\\grupocorein\\core\\vendor\\laravel\\framework\\src\\Illuminate\\Routing\\UrlGenerator.php:420)
[stacktrace]
#0 C:\\xampp\\htdocs\\grupocorein\\core\\vendor\\laravel\\framework\\src\\Illuminate\\Foundation\\helpers.php(768): Illuminate\\Routing\\UrlGenerator->route('front.checkout....', Array, true)
#1 C:\\xampp\\htdocs\\grupocorein\\core\\storage\\framework\\views\\360522841f60d1f575b1871bb4a3c62777422fca.php(286): route('front.checkout....')
#2 C:\\xampp\\htdocs\\grupocorein\\core\\vendor\\laravel\\framework\\src\\Illuminate\\View\\Engines\\PhpEngine.php(41): include('C:\\\\xampp\\\\htdocs...')
#3 C:\\xampp\\htdocs\\grupocorein\\core\\vendor\\laravel\\framework\\src\\Illuminate\\View\\Engines\\CompilerEngine.php(57): Illuminate\\View\\Engines\\PhpEngine->evaluatePath('C:\\\\xampp\\\\htdocs...', Array)
#4 C:\\xampp\\htdocs\\grupocorein\\core\\vendor\\facade\\ignition\\src\\Views\\Engines\\CompilerEngine.php(37): Illuminate\\View\\Engines\\CompilerEngine->get('C:\\\\xampp\\\\htdocs...', Array)
#5 C:\\xampp\\htdocs\\grupocorein\\core\\vendor\\laravel\\framework\\src\\Illuminate\\View\\View.php(139): Facade\\Ignition\\Views\\Engines\\CompilerEngine->get('C:\\\\xampp\\\\htdocs...', Array)
#6 C:\\xampp\\htdocs\\grupocorein\\core\\vendor\\laravel\\framework\\src\\Illuminate\\View\\View.php(122): Illuminate\\View\\View->getContents()
#7 C:\\xampp\\htdocs\\grupocorein\\core\\vendor\\laravel\\framework\\src\\Illuminate\\View\\View.php(91): Illuminate\\View\\View->renderContents()
#8 C:\\xampp\\htdocs\\grupocorein\\core\\vendor\\laravel\\framework\\src\\Illuminate\\Http\\Response.php(62): Illuminate\\View\\View->render()
#9 C:\\xampp\\htdocs\\grupocorein\\core\\vendor\\laravel\\framework\\src\\Illuminate\\Http\\Response.php(34): Illuminate\\Http\\Response->setContent(Object(Illuminate\\View\\View))
#10 C:\\xampp\\htdocs\\grupocorein\\core\\vendor\\laravel\\framework\\src\\Illuminate\\Routing\\Router.php(759): Illuminate\\Http\\Response->__construct(Object(Illuminate\\View\\View), 200, Array)
#11 C:\\xampp\\htdocs\\grupocorein\\core\\vendor\\laravel\\framework\\src\\Illuminate\\Routing\\Router.php(731): Illuminate\\Routing\\Router::toResponse(Object(Illuminate\\Http\\Request), Object(Illuminate\\View\\View))
#12 C:\\xampp\\htdocs\\grupocorein\\core\\vendor\\laravel\\framework\\src\\Illuminate\\Routing\\Router.php(685): Illuminate\\Routing\\Router->prepareResponse(Object(Illuminate\\Http\\Request), Object(Illuminate\\View\\View))
#13 C:\\xampp\\htdocs\\grupocorein\\core\\vendor\\laravel\\framework\\src\\Illuminate\\Pipeline\\Pipeline.php(128): Illuminate\\Routing\\Router->Illuminate\\Routing\\{closure}(Object(Illuminate\\Http\\Request))
#14 C:\\xampp\\htdocs\\grupocorein\\core\\app\\Http\\Middleware\\Localization.php(30): Illuminate\\Pipeline\\Pipeline->Illuminate\\Pipeline\\{closure}(Object(Illuminate\\Http\\Request))
#15 C:\\xampp\\htdocs\\grupocorein\\core\\vendor\\laravel\\framework\\src\\Illuminate\\Pipeline\\Pipeline.php(167): App\\Http\\Middleware\\Localization->handle(Object(Illuminate\\Http\\Request), Object(Closure))
#16 C:\\xampp\\htdocs\\grupocorein\\core\\app\\Http\\Middleware\\Maintainance.php(13): Illuminate\\Pipeline\\Pipeline->Illuminate\\Pipeline\\{closure}(Object(Illuminate\\Http\\Request))
#17 C:\\xampp\\htdocs\\grupocorein\\core\\vendor\\laravel\\framework\\src\\Illuminate\\Pipeline\\Pipeline.php(167): App\\Http\\Middleware\\Maintainance->handle(Object(Illuminate\\Http\\Request), Object(Closure))
#18 C:\\xampp\\htdocs\\grupocorein\\core\\vendor\\laravel\\framework\\src\\Illuminate\\Routing\\Middleware\\SubstituteBindings.php(41): Illuminate\\Pipeline\\Pipeline->Illuminate\\Pipeline\\{closure}(Object(Illuminate\\Http\\Request))
#19 C:\\xampp\\htdocs\\grupocorein\\core\\vendor\\laravel\\framework\\src\\Illuminate\\Pipeline\\Pipeline.php(167): Illuminate\\Routing\\Middleware\\SubstituteBindings->handle(Object(Illuminate\\Http\\Request), Object(Closure))
#20 C:\\xampp\\htdocs\\grupocorein\\core\\vendor\\laravel\\framework\\src\\Illuminate\\Auth\\Middleware\\Authenticate.php(44): Illuminate\\Pipeline\\Pipeline->Illuminate\\Pipeline\\{closure}(Object(Illuminate\\Http\\Request))
#21 C:\\xampp\\htdocs\\grupocorein\\core\\vendor\\laravel\\framework\\src\\Illuminate\\Pipeline\\Pipeline.php(167): Illuminate\\Auth\\Middleware\\Authenticate->handle(Object(Illuminate\\Http\\Request), Object(Closure))
#22 C:\\xampp\\htdocs\\grupocorein\\core\\vendor\\laravel\\framework\\src\\Illuminate\\Foundation\\Http\\Middleware\\VerifyCsrfToken.php(78): Illuminate\\Pipeline\\Pipeline->Illuminate\\Pipeline\\{closure}(Object(Illuminate\\Http\\Request))
#23 C:\\xampp\\htdocs\\grupocorein\\core\\vendor\\laravel\\framework\\src\\Illuminate\\Pipeline\\Pipeline.php(167): Illuminate\\Foundation\\Http\\Middleware\\VerifyCsrfToken->handle(Object(Illuminate\\Http\\Request), Object(Closure))
#24 C:\\xampp\\htdocs\\grupocorein\\core\\vendor\\laravel\\framework\\src\\Illuminate\\View\\Middleware\\ShareErrorsFromSession.php(49): Illuminate\\Pipeline\\Pipeline->Illuminate\\Pipeline\\{closure}(Object(Illuminate\\Http\\Request))
#25 C:\\xampp\\htdocs\\grupocorein\\core\\vendor\\laravel\\framework\\src\\Illuminate\\Pipeline\\Pipeline.php(167): Illuminate\\View\\Middleware\\ShareErrorsFromSession->handle(Object(Illuminate\\Http\\Request), Object(Closure))
#26 C:\\xampp\\htdocs\\grupocorein\\core\\vendor\\laravel\\framework\\src\\Illuminate\\Session\\Middleware\\StartSession.php(116): Illuminate\\Pipeline\\Pipeline->Illuminate\\Pipeline\\{closure}(Object(Illuminate\\Http\\Request))
#27 C:\\xampp\\htdocs\\grupocorein\\core\\vendor\\laravel\\framework\\src\\Illuminate\\Session\\Middleware\\StartSession.php(62): Illuminate\\Session\\Middleware\\StartSession->handleStatefulRequest(Object(Illuminate\\Http\\Request), Object(Illuminate\\Session\\Store), Object(Closure))
#28 C:\\xampp\\htdocs\\grupocorein\\core\\vendor\\laravel\\framework\\src\\Illuminate\\Pipeline\\Pipeline.php(167): Illuminate\\Session\\Middleware\\StartSession->handle(Object(Illuminate\\Http\\Request), Object(Closure))
#29 C:\\xampp\\htdocs\\grupocorein\\core\\vendor\\laravel\\framework\\src\\Illuminate\\Cookie\\Middleware\\AddQueuedCookiesToResponse.php(37): Illuminate\\Pipeline\\Pipeline->Illuminate\\Pipeline\\{closure}(Object(Illuminate\\Http\\Request))
#30 C:\\xampp\\htdocs\\grupocorein\\core\\vendor\\laravel\\framework\\src\\Illuminate\\Pipeline\\Pipeline.php(167): Illuminate\\Cookie\\Middleware\\AddQueuedCookiesToResponse->handle(Object(Illuminate\\Http\\Request), Object(Closure))
#31 C:\\xampp\\htdocs\\grupocorein\\core\\vendor\\laravel\\framework\\src\\Illuminate\\Cookie\\Middleware\\EncryptCookies.php(67): Illuminate\\Pipeline\\Pipeline->Illuminate\\Pipeline\\{closure}(Object(Illuminate\\Http\\Request))
#32 C:\\xampp\\htdocs\\grupocorein\\core\\vendor\\laravel\\framework\\src\\Illuminate\\Pipeline\\Pipeline.php(167): Illuminate\\Cookie\\Middleware\\EncryptCookies->handle(Object(Illuminate\\Http\\Request), Object(Closure))
#33 C:\\xampp\\htdocs\\grupocorein\\core\\vendor\\laravel\\framework\\src\\Illuminate\\Pipeline\\Pipeline.php(103): Illuminate\\Pipeline\\Pipeline->Illuminate\\Pipeline\\{closure}(Object(Illuminate\\Http\\Request))
#34 C:\\xampp\\htdocs\\grupocorein\\core\\vendor\\laravel\\framework\\src\\Illuminate\\Routing\\Router.php(687): Illuminate\\Pipeline\\Pipeline->then(Object(Closure))
#35 C:\\xampp\\htdocs\\grupocorein\\core\\vendor\\laravel\\framework\\src\\Illuminate\\Routing\\Router.php(662): Illuminate\\Routing\\Router->runRouteWithinStack(Object(Illuminate\\Routing\\Route), Object(Illuminate\\Http\\Request))
#36 C:\\xampp\\htdocs\\grupocorein\\core\\vendor\\laravel\\framework\\src\\Illuminate\\Routing\\Router.php(628): Illuminate\\Routing\\Router->runRoute(Object(Illuminate\\Http\\Request), Object(Illuminate\\Routing\\Route))
#37 C:\\xampp\\htdocs\\grupocorein\\core\\vendor\\laravel\\framework\\src\\Illuminate\\Routing\\Router.php(617): Illuminate\\Routing\\Router->dispatchToRoute(Object(Illuminate\\Http\\Request))
#38 C:\\xampp\\htdocs\\grupocorein\\core\\vendor\\laravel\\framework\\src\\Illuminate\\Foundation\\Http\\Kernel.php(165): Illuminate\\Routing\\Router->dispatch(Object(Illuminate\\Http\\Request))
#39 C:\\xampp\\htdocs\\grupocorein\\core\\vendor\\laravel\\framework\\src\\Illuminate\\Pipeline\\Pipeline.php(128): Illuminate\\Foundation\\Http\\Kernel->Illuminate\\Foundation\\Http\\{closure}(Object(Illuminate\\Http\\Request))
#40 C:\\xampp\\htdocs\\grupocorein\\core\\vendor\\barryvdh\\laravel-debugbar\\src\\Middleware\\InjectDebugbar.php(66): Illuminate\\Pipeline\\Pipeline->Illuminate\\Pipeline\\{closure}(Object(Illuminate\\Http\\Request))
#41 C:\\xampp\\htdocs\\grupocorein\\core\\vendor\\laravel\\framework\\src\\Illuminate\\Pipeline\\Pipeline.php(167): Barryvdh\\Debugbar\\Middleware\\InjectDebugbar->handle(Object(Illuminate\\Http\\Request), Object(Closure))
#42 C:\\xampp\\htdocs\\grupocorein\\core\\vendor\\fideloper\\proxy\\src\\TrustProxies.php(57): Illuminate\\Pipeline\\Pipeline->Illuminate\\Pipeline\\{closure}(Object(Illuminate\\Http\\Request))
#43 C:\\xampp\\htdocs\\grupocorein\\core\\vendor\\laravel\\framework\\src\\Illuminate\\Pipeline\\Pipeline.php(167): Fideloper\\Proxy\\TrustProxies->handle(Object(Illuminate\\Http\\Request), Object(Closure))
#44 C:\\xampp\\htdocs\\grupocorein\\core\\vendor\\laravel\\framework\\src\\Illuminate\\Foundation\\Http\\Middleware\\TransformsRequest.php(21): Illuminate\\Pipeline\\Pipeline->Illuminate\\Pipeline\\{closure}(Object(Illuminate\\Http\\Request))
#45 C:\\xampp\\htdocs\\grupocorein\\core\\vendor\\laravel\\framework\\src\\Illuminate\\Pipeline\\Pipeline.php(167): Illuminate\\Foundation\\Http\\Middleware\\TransformsRequest->handle(Object(Illuminate\\Http\\Request), Object(Closure))
#46 C:\\xampp\\htdocs\\grupocorein\\core\\vendor\\laravel\\framework\\src\\Illuminate\\Foundation\\Http\\Middleware\\TransformsRequest.php(21): Illuminate\\Pipeline\\Pipeline->Illuminate\\Pipeline\\{closure}(Object(Illuminate\\Http\\Request))
#47 C:\\xampp\\htdocs\\grupocorein\\core\\vendor\\laravel\\framework\\src\\Illuminate\\Pipeline\\Pipeline.php(167): Illuminate\\Foundation\\Http\\Middleware\\TransformsRequest->handle(Object(Illuminate\\Http\\Request), Object(Closure))
#48 C:\\xampp\\htdocs\\grupocorein\\core\\vendor\\laravel\\framework\\src\\Illuminate\\Foundation\\Http\\Middleware\\ValidatePostSize.php(27): Illuminate\\Pipeline\\Pipeline->Illuminate\\Pipeline\\{closure}(Object(Illuminate\\Http\\Request))
#49 C:\\xampp\\htdocs\\grupocorein\\core\\vendor\\laravel\\framework\\src\\Illuminate\\Pipeline\\Pipeline.php(167): Illuminate\\Foundation\\Http\\Middleware\\ValidatePostSize->handle(Object(Illuminate\\Http\\Request), Object(Closure))
#50 C:\\xampp\\htdocs\\grupocorein\\core\\vendor\\laravel\\framework\\src\\Illuminate\\Foundation\\Http\\Middleware\\CheckForMaintenanceMode.php(63): Illuminate\\Pipeline\\Pipeline->Illuminate\\Pipeline\\{closure}(Object(Illuminate\\Http\\Request))
#51 C:\\xampp\\htdocs\\grupocorein\\core\\vendor\\laravel\\framework\\src\\Illuminate\\Pipeline\\Pipeline.php(167): Illuminate\\Foundation\\Http\\Middleware\\CheckForMaintenanceMode->handle(Object(Illuminate\\Http\\Request), Object(Closure))
#52 C:\\xampp\\htdocs\\grupocorein\\core\\vendor\\laravel\\framework\\src\\Illuminate\\Pipeline\\Pipeline.php(103): Illuminate\\Pipeline\\Pipeline->Illuminate\\Pipeline\\{closure}(Object(Illuminate\\Http\\Request))
#53 C:\\xampp\\htdocs\\grupocorein\\core\\vendor\\laravel\\framework\\src\\Illuminate\\Foundation\\Http\\Kernel.php(140): Illuminate\\Pipeline\\Pipeline->then(Object(Closure))
#54 C:\\xampp\\htdocs\\grupocorein\\core\\vendor\\laravel\\framework\\src\\Illuminate\\Foundation\\Http\\Kernel.php(109): Illuminate\\Foundation\\Http\\Kernel->sendRequestThroughRouter(Object(Illuminate\\Http\\Request))
#55 C:\\xampp\\htdocs\\grupocorein\\index.php(55): Illuminate\\Foundation\\Http\\Kernel->handle(Object(Illuminate\\Http\\Request))
#56 {main}
"} 
[2024-04-24 14:52:55] local.ERROR: Route [front.checkout.updatesesscart] not defined. (View: C:\xampp\htdocs\grupocorein\core\resources\views\front\checkout\payment.blade.php) {"userId":1,"exception":"[object] (Facade\\Ignition\\Exceptions\\ViewException(code: 0): Route [front.checkout.updatesesscart] not defined. (View: C:\\xampp\\htdocs\\grupocorein\\core\\resources\\views\\front\\checkout\\payment.blade.php) at C:\\xampp\\htdocs\\grupocorein\\core\\vendor\\laravel\\framework\\src\\Illuminate\\Routing\\UrlGenerator.php:420)
[stacktrace]
#0 C:\\xampp\\htdocs\\grupocorein\\core\\vendor\\laravel\\framework\\src\\Illuminate\\Foundation\\helpers.php(768): Illuminate\\Routing\\UrlGenerator->route('front.checkout....', Array, true)
#1 C:\\xampp\\htdocs\\grupocorein\\core\\resources\\views/front/checkout/payment.blade.php(290): route('front.checkout....')
#2 C:\\xampp\\htdocs\\grupocorein\\core\\vendor\\laravel\\framework\\src\\Illuminate\\View\\Engines\\PhpEngine.php(41): include('C:\\\\xampp\\\\htdocs...')
#3 C:\\xampp\\htdocs\\grupocorein\\core\\vendor\\laravel\\framework\\src\\Illuminate\\View\\Engines\\CompilerEngine.php(57): Illuminate\\View\\Engines\\PhpEngine->evaluatePath('C:\\\\xampp\\\\htdocs...', Array)
#4 C:\\xampp\\htdocs\\grupocorein\\core\\vendor\\facade\\ignition\\src\\Views\\Engines\\CompilerEngine.php(37): Illuminate\\View\\Engines\\CompilerEngine->get('C:\\\\xampp\\\\htdocs...', Array)
#5 C:\\xampp\\htdocs\\grupocorein\\core\\vendor\\laravel\\framework\\src\\Illuminate\\View\\View.php(139): Facade\\Ignition\\Views\\Engines\\CompilerEngine->get('C:\\\\xampp\\\\htdocs...', Array)
#6 C:\\xampp\\htdocs\\grupocorein\\core\\vendor\\laravel\\framework\\src\\Illuminate\\View\\View.php(122): Illuminate\\View\\View->getContents()
#7 C:\\xampp\\htdocs\\grupocorein\\core\\vendor\\laravel\\framework\\src\\Illuminate\\View\\View.php(91): Illuminate\\View\\View->renderContents()
#8 C:\\xampp\\htdocs\\grupocorein\\core\\vendor\\laravel\\framework\\src\\Illuminate\\Http\\Response.php(62): Illuminate\\View\\View->render()
#9 C:\\xampp\\htdocs\\grupocorein\\core\\vendor\\laravel\\framework\\src\\Illuminate\\Http\\Response.php(34): Illuminate\\Http\\Response->setContent(Object(Illuminate\\View\\View))
#10 C:\\xampp\\htdocs\\grupocorein\\core\\vendor\\laravel\\framework\\src\\Illuminate\\Routing\\Router.php(759): Illuminate\\Http\\Response->__construct(Object(Illuminate\\View\\View), 200, Array)
#11 C:\\xampp\\htdocs\\grupocorein\\core\\vendor\\laravel\\framework\\src\\Illuminate\\Routing\\Router.php(731): Illuminate\\Routing\\Router::toResponse(Object(Illuminate\\Http\\Request), Object(Illuminate\\View\\View))
#12 C:\\xampp\\htdocs\\grupocorein\\core\\vendor\\laravel\\framework\\src\\Illuminate\\Routing\\Router.php(685): Illuminate\\Routing\\Router->prepareResponse(Object(Illuminate\\Http\\Request), Object(Illuminate\\View\\View))
#13 C:\\xampp\\htdocs\\grupocorein\\core\\vendor\\laravel\\framework\\src\\Illuminate\\Pipeline\\Pipeline.php(128): Illuminate\\Routing\\Router->Illuminate\\Routing\\{closure}(Object(Illuminate\\Http\\Request))
#14 C:\\xampp\\htdocs\\grupocorein\\core\\app\\Http\\Middleware\\Localization.php(30): Illuminate\\Pipeline\\Pipeline->Illuminate\\Pipeline\\{closure}(Object(Illuminate\\Http\\Request))
#15 C:\\xampp\\htdocs\\grupocorein\\core\\vendor\\laravel\\framework\\src\\Illuminate\\Pipeline\\Pipeline.php(167): App\\Http\\Middleware\\Localization->handle(Object(Illuminate\\Http\\Request), Object(Closure))
#16 C:\\xampp\\htdocs\\grupocorein\\core\\app\\Http\\Middleware\\Maintainance.php(13): Illuminate\\Pipeline\\Pipeline->Illuminate\\Pipeline\\{closure}(Object(Illuminate\\Http\\Request))
#17 C:\\xampp\\htdocs\\grupocorein\\core\\vendor\\laravel\\framework\\src\\Illuminate\\Pipeline\\Pipeline.php(167): App\\Http\\Middleware\\Maintainance->handle(Object(Illuminate\\Http\\Request), Object(Closure))
#18 C:\\xampp\\htdocs\\grupocorein\\core\\vendor\\laravel\\framework\\src\\Illuminate\\Routing\\Middleware\\SubstituteBindings.php(41): Illuminate\\Pipeline\\Pipeline->Illuminate\\Pipeline\\{closure}(Object(Illuminate\\Http\\Request))
#19 C:\\xampp\\htdocs\\grupocorein\\core\\vendor\\laravel\\framework\\src\\Illuminate\\Pipeline\\Pipeline.php(167): Illuminate\\Routing\\Middleware\\SubstituteBindings->handle(Object(Illuminate\\Http\\Request), Object(Closure))
#20 C:\\xampp\\htdocs\\grupocorein\\core\\vendor\\laravel\\framework\\src\\Illuminate\\Auth\\Middleware\\Authenticate.php(44): Illuminate\\Pipeline\\Pipeline->Illuminate\\Pipeline\\{closure}(Object(Illuminate\\Http\\Request))
#21 C:\\xampp\\htdocs\\grupocorein\\core\\vendor\\laravel\\framework\\src\\Illuminate\\Pipeline\\Pipeline.php(167): Illuminate\\Auth\\Middleware\\Authenticate->handle(Object(Illuminate\\Http\\Request), Object(Closure))
#22 C:\\xampp\\htdocs\\grupocorein\\core\\vendor\\laravel\\framework\\src\\Illuminate\\Foundation\\Http\\Middleware\\VerifyCsrfToken.php(78): Illuminate\\Pipeline\\Pipeline->Illuminate\\Pipeline\\{closure}(Object(Illuminate\\Http\\Request))
#23 C:\\xampp\\htdocs\\grupocorein\\core\\vendor\\laravel\\framework\\src\\Illuminate\\Pipeline\\Pipeline.php(167): Illuminate\\Foundation\\Http\\Middleware\\VerifyCsrfToken->handle(Object(Illuminate\\Http\\Request), Object(Closure))
#24 C:\\xampp\\htdocs\\grupocorein\\core\\vendor\\laravel\\framework\\src\\Illuminate\\View\\Middleware\\ShareErrorsFromSession.php(49): Illuminate\\Pipeline\\Pipeline->Illuminate\\Pipeline\\{closure}(Object(Illuminate\\Http\\Request))
#25 C:\\xampp\\htdocs\\grupocorein\\core\\vendor\\laravel\\framework\\src\\Illuminate\\Pipeline\\Pipeline.php(167): Illuminate\\View\\Middleware\\ShareErrorsFromSession->handle(Object(Illuminate\\Http\\Request), Object(Closure))
#26 C:\\xampp\\htdocs\\grupocorein\\core\\vendor\\laravel\\framework\\src\\Illuminate\\Session\\Middleware\\StartSession.php(116): Illuminate\\Pipeline\\Pipeline->Illuminate\\Pipeline\\{closure}(Object(Illuminate\\Http\\Request))
#27 C:\\xampp\\htdocs\\grupocorein\\core\\vendor\\laravel\\framework\\src\\Illuminate\\Session\\Middleware\\StartSession.php(62): Illuminate\\Session\\Middleware\\StartSession->handleStatefulRequest(Object(Illuminate\\Http\\Request), Object(Illuminate\\Session\\Store), Object(Closure))
#28 C:\\xampp\\htdocs\\grupocorein\\core\\vendor\\laravel\\framework\\src\\Illuminate\\Pipeline\\Pipeline.php(167): Illuminate\\Session\\Middleware\\StartSession->handle(Object(Illuminate\\Http\\Request), Object(Closure))
#29 C:\\xampp\\htdocs\\grupocorein\\core\\vendor\\laravel\\framework\\src\\Illuminate\\Cookie\\Middleware\\AddQueuedCookiesToResponse.php(37): Illuminate\\Pipeline\\Pipeline->Illuminate\\Pipeline\\{closure}(Object(Illuminate\\Http\\Request))
#30 C:\\xampp\\htdocs\\grupocorein\\core\\vendor\\laravel\\framework\\src\\Illuminate\\Pipeline\\Pipeline.php(167): Illuminate\\Cookie\\Middleware\\AddQueuedCookiesToResponse->handle(Object(Illuminate\\Http\\Request), Object(Closure))
#31 C:\\xampp\\htdocs\\grupocorein\\core\\vendor\\laravel\\framework\\src\\Illuminate\\Cookie\\Middleware\\EncryptCookies.php(67): Illuminate\\Pipeline\\Pipeline->Illuminate\\Pipeline\\{closure}(Object(Illuminate\\Http\\Request))
#32 C:\\xampp\\htdocs\\grupocorein\\core\\vendor\\laravel\\framework\\src\\Illuminate\\Pipeline\\Pipeline.php(167): Illuminate\\Cookie\\Middleware\\EncryptCookies->handle(Object(Illuminate\\Http\\Request), Object(Closure))
#33 C:\\xampp\\htdocs\\grupocorein\\core\\vendor\\laravel\\framework\\src\\Illuminate\\Pipeline\\Pipeline.php(103): Illuminate\\Pipeline\\Pipeline->Illuminate\\Pipeline\\{closure}(Object(Illuminate\\Http\\Request))
#34 C:\\xampp\\htdocs\\grupocorein\\core\\vendor\\laravel\\framework\\src\\Illuminate\\Routing\\Router.php(687): Illuminate\\Pipeline\\Pipeline->then(Object(Closure))
#35 C:\\xampp\\htdocs\\grupocorein\\core\\vendor\\laravel\\framework\\src\\Illuminate\\Routing\\Router.php(662): Illuminate\\Routing\\Router->runRouteWithinStack(Object(Illuminate\\Routing\\Route), Object(Illuminate\\Http\\Request))
#36 C:\\xampp\\htdocs\\grupocorein\\core\\vendor\\laravel\\framework\\src\\Illuminate\\Routing\\Router.php(628): Illuminate\\Routing\\Router->runRoute(Object(Illuminate\\Http\\Request), Object(Illuminate\\Routing\\Route))
#37 C:\\xampp\\htdocs\\grupocorein\\core\\vendor\\laravel\\framework\\src\\Illuminate\\Routing\\Router.php(617): Illuminate\\Routing\\Router->dispatchToRoute(Object(Illuminate\\Http\\Request))
#38 C:\\xampp\\htdocs\\grupocorein\\core\\vendor\\laravel\\framework\\src\\Illuminate\\Foundation\\Http\\Kernel.php(165): Illuminate\\Routing\\Router->dispatch(Object(Illuminate\\Http\\Request))
#39 C:\\xampp\\htdocs\\grupocorein\\core\\vendor\\laravel\\framework\\src\\Illuminate\\Pipeline\\Pipeline.php(128): Illuminate\\Foundation\\Http\\Kernel->Illuminate\\Foundation\\Http\\{closure}(Object(Illuminate\\Http\\Request))
#40 C:\\xampp\\htdocs\\grupocorein\\core\\vendor\\barryvdh\\laravel-debugbar\\src\\Middleware\\InjectDebugbar.php(66): Illuminate\\Pipeline\\Pipeline->Illuminate\\Pipeline\\{closure}(Object(Illuminate\\Http\\Request))
#41 C:\\xampp\\htdocs\\grupocorein\\core\\vendor\\laravel\\framework\\src\\Illuminate\\Pipeline\\Pipeline.php(167): Barryvdh\\Debugbar\\Middleware\\InjectDebugbar->handle(Object(Illuminate\\Http\\Request), Object(Closure))
#42 C:\\xampp\\htdocs\\grupocorein\\core\\vendor\\fideloper\\proxy\\src\\TrustProxies.php(57): Illuminate\\Pipeline\\Pipeline->Illuminate\\Pipeline\\{closure}(Object(Illuminate\\Http\\Request))
#43 C:\\xampp\\htdocs\\grupocorein\\core\\vendor\\laravel\\framework\\src\\Illuminate\\Pipeline\\Pipeline.php(167): Fideloper\\Proxy\\TrustProxies->handle(Object(Illuminate\\Http\\Request), Object(Closure))
#44 C:\\xampp\\htdocs\\grupocorein\\core\\vendor\\laravel\\framework\\src\\Illuminate\\Foundation\\Http\\Middleware\\TransformsRequest.php(21): Illuminate\\Pipeline\\Pipeline->Illuminate\\Pipeline\\{closure}(Object(Illuminate\\Http\\Request))
#45 C:\\xampp\\htdocs\\grupocorein\\core\\vendor\\laravel\\framework\\src\\Illuminate\\Pipeline\\Pipeline.php(167): Illuminate\\Foundation\\Http\\Middleware\\TransformsRequest->handle(Object(Illuminate\\Http\\Request), Object(Closure))
#46 C:\\xampp\\htdocs\\grupocorein\\core\\vendor\\laravel\\framework\\src\\Illuminate\\Foundation\\Http\\Middleware\\TransformsRequest.php(21): Illuminate\\Pipeline\\Pipeline->Illuminate\\Pipeline\\{closure}(Object(Illuminate\\Http\\Request))
#47 C:\\xampp\\htdocs\\grupocorein\\core\\vendor\\laravel\\framework\\src\\Illuminate\\Pipeline\\Pipeline.php(167): Illuminate\\Foundation\\Http\\Middleware\\TransformsRequest->handle(Object(Illuminate\\Http\\Request), Object(Closure))
#48 C:\\xampp\\htdocs\\grupocorein\\core\\vendor\\laravel\\framework\\src\\Illuminate\\Foundation\\Http\\Middleware\\ValidatePostSize.php(27): Illuminate\\Pipeline\\Pipeline->Illuminate\\Pipeline\\{closure}(Object(Illuminate\\Http\\Request))
#49 C:\\xampp\\htdocs\\grupocorein\\core\\vendor\\laravel\\framework\\src\\Illuminate\\Pipeline\\Pipeline.php(167): Illuminate\\Foundation\\Http\\Middleware\\ValidatePostSize->handle(Object(Illuminate\\Http\\Request), Object(Closure))
#50 C:\\xampp\\htdocs\\grupocorein\\core\\vendor\\laravel\\framework\\src\\Illuminate\\Foundation\\Http\\Middleware\\CheckForMaintenanceMode.php(63): Illuminate\\Pipeline\\Pipeline->Illuminate\\Pipeline\\{closure}(Object(Illuminate\\Http\\Request))
#51 C:\\xampp\\htdocs\\grupocorein\\core\\vendor\\laravel\\framework\\src\\Illuminate\\Pipeline\\Pipeline.php(167): Illuminate\\Foundation\\Http\\Middleware\\CheckForMaintenanceMode->handle(Object(Illuminate\\Http\\Request), Object(Closure))
#52 C:\\xampp\\htdocs\\grupocorein\\core\\vendor\\laravel\\framework\\src\\Illuminate\\Pipeline\\Pipeline.php(103): Illuminate\\Pipeline\\Pipeline->Illuminate\\Pipeline\\{closure}(Object(Illuminate\\Http\\Request))
#53 C:\\xampp\\htdocs\\grupocorein\\core\\vendor\\laravel\\framework\\src\\Illuminate\\Foundation\\Http\\Kernel.php(140): Illuminate\\Pipeline\\Pipeline->then(Object(Closure))
#54 C:\\xampp\\htdocs\\grupocorein\\core\\vendor\\laravel\\framework\\src\\Illuminate\\Foundation\\Http\\Kernel.php(109): Illuminate\\Foundation\\Http\\Kernel->sendRequestThroughRouter(Object(Illuminate\\Http\\Request))
#55 C:\\xampp\\htdocs\\grupocorein\\index.php(55): Illuminate\\Foundation\\Http\\Kernel->handle(Object(Illuminate\\Http\\Request))
#56 {main}

[previous exception] [object] (Symfony\\Component\\Routing\\Exception\\RouteNotFoundException(code: 0): Route [front.checkout.updatesesscart] not defined. at C:\\xampp\\htdocs\\grupocorein\\core\\vendor\\laravel\\framework\\src\\Illuminate\\Routing\\UrlGenerator.php:420)
[stacktrace]
#0 C:\\xampp\\htdocs\\grupocorein\\core\\vendor\\laravel\\framework\\src\\Illuminate\\Foundation\\helpers.php(768): Illuminate\\Routing\\UrlGenerator->route('front.checkout....', Array, true)
#1 C:\\xampp\\htdocs\\grupocorein\\core\\storage\\framework\\views\\360522841f60d1f575b1871bb4a3c62777422fca.php(286): route('front.checkout....')
#2 C:\\xampp\\htdocs\\grupocorein\\core\\vendor\\laravel\\framework\\src\\Illuminate\\View\\Engines\\PhpEngine.php(41): include('C:\\\\xampp\\\\htdocs...')
#3 C:\\xampp\\htdocs\\grupocorein\\core\\vendor\\laravel\\framework\\src\\Illuminate\\View\\Engines\\CompilerEngine.php(57): Illuminate\\View\\Engines\\PhpEngine->evaluatePath('C:\\\\xampp\\\\htdocs...', Array)
#4 C:\\xampp\\htdocs\\grupocorein\\core\\vendor\\facade\\ignition\\src\\Views\\Engines\\CompilerEngine.php(37): Illuminate\\View\\Engines\\CompilerEngine->get('C:\\\\xampp\\\\htdocs...', Array)
#5 C:\\xampp\\htdocs\\grupocorein\\core\\vendor\\laravel\\framework\\src\\Illuminate\\View\\View.php(139): Facade\\Ignition\\Views\\Engines\\CompilerEngine->get('C:\\\\xampp\\\\htdocs...', Array)
#6 C:\\xampp\\htdocs\\grupocorein\\core\\vendor\\laravel\\framework\\src\\Illuminate\\View\\View.php(122): Illuminate\\View\\View->getContents()
#7 C:\\xampp\\htdocs\\grupocorein\\core\\vendor\\laravel\\framework\\src\\Illuminate\\View\\View.php(91): Illuminate\\View\\View->renderContents()
#8 C:\\xampp\\htdocs\\grupocorein\\core\\vendor\\laravel\\framework\\src\\Illuminate\\Http\\Response.php(62): Illuminate\\View\\View->render()
#9 C:\\xampp\\htdocs\\grupocorein\\core\\vendor\\laravel\\framework\\src\\Illuminate\\Http\\Response.php(34): Illuminate\\Http\\Response->setContent(Object(Illuminate\\View\\View))
#10 C:\\xampp\\htdocs\\grupocorein\\core\\vendor\\laravel\\framework\\src\\Illuminate\\Routing\\Router.php(759): Illuminate\\Http\\Response->__construct(Object(Illuminate\\View\\View), 200, Array)
#11 C:\\xampp\\htdocs\\grupocorein\\core\\vendor\\laravel\\framework\\src\\Illuminate\\Routing\\Router.php(731): Illuminate\\Routing\\Router::toResponse(Object(Illuminate\\Http\\Request), Object(Illuminate\\View\\View))
#12 C:\\xampp\\htdocs\\grupocorein\\core\\vendor\\laravel\\framework\\src\\Illuminate\\Routing\\Router.php(685): Illuminate\\Routing\\Router->prepareResponse(Object(Illuminate\\Http\\Request), Object(Illuminate\\View\\View))
#13 C:\\xampp\\htdocs\\grupocorein\\core\\vendor\\laravel\\framework\\src\\Illuminate\\Pipeline\\Pipeline.php(128): Illuminate\\Routing\\Router->Illuminate\\Routing\\{closure}(Object(Illuminate\\Http\\Request))
#14 C:\\xampp\\htdocs\\grupocorein\\core\\app\\Http\\Middleware\\Localization.php(30): Illuminate\\Pipeline\\Pipeline->Illuminate\\Pipeline\\{closure}(Object(Illuminate\\Http\\Request))
#15 C:\\xampp\\htdocs\\grupocorein\\core\\vendor\\laravel\\framework\\src\\Illuminate\\Pipeline\\Pipeline.php(167): App\\Http\\Middleware\\Localization->handle(Object(Illuminate\\Http\\Request), Object(Closure))
#16 C:\\xampp\\htdocs\\grupocorein\\core\\app\\Http\\Middleware\\Maintainance.php(13): Illuminate\\Pipeline\\Pipeline->Illuminate\\Pipeline\\{closure}(Object(Illuminate\\Http\\Request))
#17 C:\\xampp\\htdocs\\grupocorein\\core\\vendor\\laravel\\framework\\src\\Illuminate\\Pipeline\\Pipeline.php(167): App\\Http\\Middleware\\Maintainance->handle(Object(Illuminate\\Http\\Request), Object(Closure))
#18 C:\\xampp\\htdocs\\grupocorein\\core\\vendor\\laravel\\framework\\src\\Illuminate\\Routing\\Middleware\\SubstituteBindings.php(41): Illuminate\\Pipeline\\Pipeline->Illuminate\\Pipeline\\{closure}(Object(Illuminate\\Http\\Request))
#19 C:\\xampp\\htdocs\\grupocorein\\core\\vendor\\laravel\\framework\\src\\Illuminate\\Pipeline\\Pipeline.php(167): Illuminate\\Routing\\Middleware\\SubstituteBindings->handle(Object(Illuminate\\Http\\Request), Object(Closure))
#20 C:\\xampp\\htdocs\\grupocorein\\core\\vendor\\laravel\\framework\\src\\Illuminate\\Auth\\Middleware\\Authenticate.php(44): Illuminate\\Pipeline\\Pipeline->Illuminate\\Pipeline\\{closure}(Object(Illuminate\\Http\\Request))
#21 C:\\xampp\\htdocs\\grupocorein\\core\\vendor\\laravel\\framework\\src\\Illuminate\\Pipeline\\Pipeline.php(167): Illuminate\\Auth\\Middleware\\Authenticate->handle(Object(Illuminate\\Http\\Request), Object(Closure))
#22 C:\\xampp\\htdocs\\grupocorein\\core\\vendor\\laravel\\framework\\src\\Illuminate\\Foundation\\Http\\Middleware\\VerifyCsrfToken.php(78): Illuminate\\Pipeline\\Pipeline->Illuminate\\Pipeline\\{closure}(Object(Illuminate\\Http\\Request))
#23 C:\\xampp\\htdocs\\grupocorein\\core\\vendor\\laravel\\framework\\src\\Illuminate\\Pipeline\\Pipeline.php(167): Illuminate\\Foundation\\Http\\Middleware\\VerifyCsrfToken->handle(Object(Illuminate\\Http\\Request), Object(Closure))
#24 C:\\xampp\\htdocs\\grupocorein\\core\\vendor\\laravel\\framework\\src\\Illuminate\\View\\Middleware\\ShareErrorsFromSession.php(49): Illuminate\\Pipeline\\Pipeline->Illuminate\\Pipeline\\{closure}(Object(Illuminate\\Http\\Request))
#25 C:\\xampp\\htdocs\\grupocorein\\core\\vendor\\laravel\\framework\\src\\Illuminate\\Pipeline\\Pipeline.php(167): Illuminate\\View\\Middleware\\ShareErrorsFromSession->handle(Object(Illuminate\\Http\\Request), Object(Closure))
#26 C:\\xampp\\htdocs\\grupocorein\\core\\vendor\\laravel\\framework\\src\\Illuminate\\Session\\Middleware\\StartSession.php(116): Illuminate\\Pipeline\\Pipeline->Illuminate\\Pipeline\\{closure}(Object(Illuminate\\Http\\Request))
#27 C:\\xampp\\htdocs\\grupocorein\\core\\vendor\\laravel\\framework\\src\\Illuminate\\Session\\Middleware\\StartSession.php(62): Illuminate\\Session\\Middleware\\StartSession->handleStatefulRequest(Object(Illuminate\\Http\\Request), Object(Illuminate\\Session\\Store), Object(Closure))
#28 C:\\xampp\\htdocs\\grupocorein\\core\\vendor\\laravel\\framework\\src\\Illuminate\\Pipeline\\Pipeline.php(167): Illuminate\\Session\\Middleware\\StartSession->handle(Object(Illuminate\\Http\\Request), Object(Closure))
#29 C:\\xampp\\htdocs\\grupocorein\\core\\vendor\\laravel\\framework\\src\\Illuminate\\Cookie\\Middleware\\AddQueuedCookiesToResponse.php(37): Illuminate\\Pipeline\\Pipeline->Illuminate\\Pipeline\\{closure}(Object(Illuminate\\Http\\Request))
#30 C:\\xampp\\htdocs\\grupocorein\\core\\vendor\\laravel\\framework\\src\\Illuminate\\Pipeline\\Pipeline.php(167): Illuminate\\Cookie\\Middleware\\AddQueuedCookiesToResponse->handle(Object(Illuminate\\Http\\Request), Object(Closure))
#31 C:\\xampp\\htdocs\\grupocorein\\core\\vendor\\laravel\\framework\\src\\Illuminate\\Cookie\\Middleware\\EncryptCookies.php(67): Illuminate\\Pipeline\\Pipeline->Illuminate\\Pipeline\\{closure}(Object(Illuminate\\Http\\Request))
#32 C:\\xampp\\htdocs\\grupocorein\\core\\vendor\\laravel\\framework\\src\\Illuminate\\Pipeline\\Pipeline.php(167): Illuminate\\Cookie\\Middleware\\EncryptCookies->handle(Object(Illuminate\\Http\\Request), Object(Closure))
#33 C:\\xampp\\htdocs\\grupocorein\\core\\vendor\\laravel\\framework\\src\\Illuminate\\Pipeline\\Pipeline.php(103): Illuminate\\Pipeline\\Pipeline->Illuminate\\Pipeline\\{closure}(Object(Illuminate\\Http\\Request))
#34 C:\\xampp\\htdocs\\grupocorein\\core\\vendor\\laravel\\framework\\src\\Illuminate\\Routing\\Router.php(687): Illuminate\\Pipeline\\Pipeline->then(Object(Closure))
#35 C:\\xampp\\htdocs\\grupocorein\\core\\vendor\\laravel\\framework\\src\\Illuminate\\Routing\\Router.php(662): Illuminate\\Routing\\Router->runRouteWithinStack(Object(Illuminate\\Routing\\Route), Object(Illuminate\\Http\\Request))
#36 C:\\xampp\\htdocs\\grupocorein\\core\\vendor\\laravel\\framework\\src\\Illuminate\\Routing\\Router.php(628): Illuminate\\Routing\\Router->runRoute(Object(Illuminate\\Http\\Request), Object(Illuminate\\Routing\\Route))
#37 C:\\xampp\\htdocs\\grupocorein\\core\\vendor\\laravel\\framework\\src\\Illuminate\\Routing\\Router.php(617): Illuminate\\Routing\\Router->dispatchToRoute(Object(Illuminate\\Http\\Request))
#38 C:\\xampp\\htdocs\\grupocorein\\core\\vendor\\laravel\\framework\\src\\Illuminate\\Foundation\\Http\\Kernel.php(165): Illuminate\\Routing\\Router->dispatch(Object(Illuminate\\Http\\Request))
#39 C:\\xampp\\htdocs\\grupocorein\\core\\vendor\\laravel\\framework\\src\\Illuminate\\Pipeline\\Pipeline.php(128): Illuminate\\Foundation\\Http\\Kernel->Illuminate\\Foundation\\Http\\{closure}(Object(Illuminate\\Http\\Request))
#40 C:\\xampp\\htdocs\\grupocorein\\core\\vendor\\barryvdh\\laravel-debugbar\\src\\Middleware\\InjectDebugbar.php(66): Illuminate\\Pipeline\\Pipeline->Illuminate\\Pipeline\\{closure}(Object(Illuminate\\Http\\Request))
#41 C:\\xampp\\htdocs\\grupocorein\\core\\vendor\\laravel\\framework\\src\\Illuminate\\Pipeline\\Pipeline.php(167): Barryvdh\\Debugbar\\Middleware\\InjectDebugbar->handle(Object(Illuminate\\Http\\Request), Object(Closure))
#42 C:\\xampp\\htdocs\\grupocorein\\core\\vendor\\fideloper\\proxy\\src\\TrustProxies.php(57): Illuminate\\Pipeline\\Pipeline->Illuminate\\Pipeline\\{closure}(Object(Illuminate\\Http\\Request))
#43 C:\\xampp\\htdocs\\grupocorein\\core\\vendor\\laravel\\framework\\src\\Illuminate\\Pipeline\\Pipeline.php(167): Fideloper\\Proxy\\TrustProxies->handle(Object(Illuminate\\Http\\Request), Object(Closure))
#44 C:\\xampp\\htdocs\\grupocorein\\core\\vendor\\laravel\\framework\\src\\Illuminate\\Foundation\\Http\\Middleware\\TransformsRequest.php(21): Illuminate\\Pipeline\\Pipeline->Illuminate\\Pipeline\\{closure}(Object(Illuminate\\Http\\Request))
#45 C:\\xampp\\htdocs\\grupocorein\\core\\vendor\\laravel\\framework\\src\\Illuminate\\Pipeline\\Pipeline.php(167): Illuminate\\Foundation\\Http\\Middleware\\TransformsRequest->handle(Object(Illuminate\\Http\\Request), Object(Closure))
#46 C:\\xampp\\htdocs\\grupocorein\\core\\vendor\\laravel\\framework\\src\\Illuminate\\Foundation\\Http\\Middleware\\TransformsRequest.php(21): Illuminate\\Pipeline\\Pipeline->Illuminate\\Pipeline\\{closure}(Object(Illuminate\\Http\\Request))
#47 C:\\xampp\\htdocs\\grupocorein\\core\\vendor\\laravel\\framework\\src\\Illuminate\\Pipeline\\Pipeline.php(167): Illuminate\\Foundation\\Http\\Middleware\\TransformsRequest->handle(Object(Illuminate\\Http\\Request), Object(Closure))
#48 C:\\xampp\\htdocs\\grupocorein\\core\\vendor\\laravel\\framework\\src\\Illuminate\\Foundation\\Http\\Middleware\\ValidatePostSize.php(27): Illuminate\\Pipeline\\Pipeline->Illuminate\\Pipeline\\{closure}(Object(Illuminate\\Http\\Request))
#49 C:\\xampp\\htdocs\\grupocorein\\core\\vendor\\laravel\\framework\\src\\Illuminate\\Pipeline\\Pipeline.php(167): Illuminate\\Foundation\\Http\\Middleware\\ValidatePostSize->handle(Object(Illuminate\\Http\\Request), Object(Closure))
#50 C:\\xampp\\htdocs\\grupocorein\\core\\vendor\\laravel\\framework\\src\\Illuminate\\Foundation\\Http\\Middleware\\CheckForMaintenanceMode.php(63): Illuminate\\Pipeline\\Pipeline->Illuminate\\Pipeline\\{closure}(Object(Illuminate\\Http\\Request))
#51 C:\\xampp\\htdocs\\grupocorein\\core\\vendor\\laravel\\framework\\src\\Illuminate\\Pipeline\\Pipeline.php(167): Illuminate\\Foundation\\Http\\Middleware\\CheckForMaintenanceMode->handle(Object(Illuminate\\Http\\Request), Object(Closure))
#52 C:\\xampp\\htdocs\\grupocorein\\core\\vendor\\laravel\\framework\\src\\Illuminate\\Pipeline\\Pipeline.php(103): Illuminate\\Pipeline\\Pipeline->Illuminate\\Pipeline\\{closure}(Object(Illuminate\\Http\\Request))
#53 C:\\xampp\\htdocs\\grupocorein\\core\\vendor\\laravel\\framework\\src\\Illuminate\\Foundation\\Http\\Kernel.php(140): Illuminate\\Pipeline\\Pipeline->then(Object(Closure))
#54 C:\\xampp\\htdocs\\grupocorein\\core\\vendor\\laravel\\framework\\src\\Illuminate\\Foundation\\Http\\Kernel.php(109): Illuminate\\Foundation\\Http\\Kernel->sendRequestThroughRouter(Object(Illuminate\\Http\\Request))
#55 C:\\xampp\\htdocs\\grupocorein\\index.php(55): Illuminate\\Foundation\\Http\\Kernel->handle(Object(Illuminate\\Http\\Request))
#56 {main}
"} 
[2024-04-26 11:18:11] local.ERROR: Trying to get property 'tax_id' of non-object {"userId":1,"exception":"[object] (ErrorException(code: 0): Trying to get property 'tax_id' of non-object at C:\\xampp\\htdocs\\grupocorein\\core\\app\\Helpers\\PriceHelper.php:136)
[stacktrace]
#0 C:\\xampp\\htdocs\\grupocorein\\core\\app\\Helpers\\PriceHelper.php(136): Illuminate\\Foundation\\Bootstrap\\HandleExceptions->handleError(8, 'Trying to get p...', 'C:\\\\xampp\\\\htdocs...', 136, Array)
#1 C:\\xampp\\htdocs\\grupocorein\\core\\app\\Http\\Controllers\\Front\\CheckoutController.php(1071): App\\Helpers\\PriceHelper::grandPrice(Array)
#2 C:\\xampp\\htdocs\\grupocorein\\core\\vendor\\laravel\\framework\\src\\Illuminate\\Routing\\Controller.php(54): App\\Http\\Controllers\\Front\\CheckoutController->updateSessionCRUD()
#3 C:\\xampp\\htdocs\\grupocorein\\core\\vendor\\laravel\\framework\\src\\Illuminate\\Routing\\ControllerDispatcher.php(45): Illuminate\\Routing\\Controller->callAction('updateSessionCR...', Array)
#4 C:\\xampp\\htdocs\\grupocorein\\core\\vendor\\laravel\\framework\\src\\Illuminate\\Routing\\Route.php(239): Illuminate\\Routing\\ControllerDispatcher->dispatch(Object(Illuminate\\Routing\\Route), Object(App\\Http\\Controllers\\Front\\CheckoutController), 'updateSessionCR...')
#5 C:\\xampp\\htdocs\\grupocorein\\core\\vendor\\laravel\\framework\\src\\Illuminate\\Routing\\Route.php(196): Illuminate\\Routing\\Route->runController()
#6 C:\\xampp\\htdocs\\grupocorein\\core\\vendor\\laravel\\framework\\src\\Illuminate\\Routing\\Router.php(685): Illuminate\\Routing\\Route->run()
#7 C:\\xampp\\htdocs\\grupocorein\\core\\vendor\\laravel\\framework\\src\\Illuminate\\Pipeline\\Pipeline.php(128): Illuminate\\Routing\\Router->Illuminate\\Routing\\{closure}(Object(Illuminate\\Http\\Request))
#8 C:\\xampp\\htdocs\\grupocorein\\core\\app\\Http\\Middleware\\Localization.php(30): Illuminate\\Pipeline\\Pipeline->Illuminate\\Pipeline\\{closure}(Object(Illuminate\\Http\\Request))
#9 C:\\xampp\\htdocs\\grupocorein\\core\\vendor\\laravel\\framework\\src\\Illuminate\\Pipeline\\Pipeline.php(167): App\\Http\\Middleware\\Localization->handle(Object(Illuminate\\Http\\Request), Object(Closure))
#10 C:\\xampp\\htdocs\\grupocorein\\core\\app\\Http\\Middleware\\Maintainance.php(13): Illuminate\\Pipeline\\Pipeline->Illuminate\\Pipeline\\{closure}(Object(Illuminate\\Http\\Request))
#11 C:\\xampp\\htdocs\\grupocorein\\core\\vendor\\laravel\\framework\\src\\Illuminate\\Pipeline\\Pipeline.php(167): App\\Http\\Middleware\\Maintainance->handle(Object(Illuminate\\Http\\Request), Object(Closure))
#12 C:\\xampp\\htdocs\\grupocorein\\core\\vendor\\laravel\\framework\\src\\Illuminate\\Routing\\Middleware\\SubstituteBindings.php(41): Illuminate\\Pipeline\\Pipeline->Illuminate\\Pipeline\\{closure}(Object(Illuminate\\Http\\Request))
#13 C:\\xampp\\htdocs\\grupocorein\\core\\vendor\\laravel\\framework\\src\\Illuminate\\Pipeline\\Pipeline.php(167): Illuminate\\Routing\\Middleware\\SubstituteBindings->handle(Object(Illuminate\\Http\\Request), Object(Closure))
#14 C:\\xampp\\htdocs\\grupocorein\\core\\vendor\\laravel\\framework\\src\\Illuminate\\Auth\\Middleware\\Authenticate.php(44): Illuminate\\Pipeline\\Pipeline->Illuminate\\Pipeline\\{closure}(Object(Illuminate\\Http\\Request))
#15 C:\\xampp\\htdocs\\grupocorein\\core\\vendor\\laravel\\framework\\src\\Illuminate\\Pipeline\\Pipeline.php(167): Illuminate\\Auth\\Middleware\\Authenticate->handle(Object(Illuminate\\Http\\Request), Object(Closure))
#16 C:\\xampp\\htdocs\\grupocorein\\core\\vendor\\laravel\\framework\\src\\Illuminate\\Foundation\\Http\\Middleware\\VerifyCsrfToken.php(78): Illuminate\\Pipeline\\Pipeline->Illuminate\\Pipeline\\{closure}(Object(Illuminate\\Http\\Request))
#17 C:\\xampp\\htdocs\\grupocorein\\core\\vendor\\laravel\\framework\\src\\Illuminate\\Pipeline\\Pipeline.php(167): Illuminate\\Foundation\\Http\\Middleware\\VerifyCsrfToken->handle(Object(Illuminate\\Http\\Request), Object(Closure))
#18 C:\\xampp\\htdocs\\grupocorein\\core\\vendor\\laravel\\framework\\src\\Illuminate\\View\\Middleware\\ShareErrorsFromSession.php(49): Illuminate\\Pipeline\\Pipeline->Illuminate\\Pipeline\\{closure}(Object(Illuminate\\Http\\Request))
#19 C:\\xampp\\htdocs\\grupocorein\\core\\vendor\\laravel\\framework\\src\\Illuminate\\Pipeline\\Pipeline.php(167): Illuminate\\View\\Middleware\\ShareErrorsFromSession->handle(Object(Illuminate\\Http\\Request), Object(Closure))
#20 C:\\xampp\\htdocs\\grupocorein\\core\\vendor\\laravel\\framework\\src\\Illuminate\\Session\\Middleware\\StartSession.php(116): Illuminate\\Pipeline\\Pipeline->Illuminate\\Pipeline\\{closure}(Object(Illuminate\\Http\\Request))
#21 C:\\xampp\\htdocs\\grupocorein\\core\\vendor\\laravel\\framework\\src\\Illuminate\\Session\\Middleware\\StartSession.php(62): Illuminate\\Session\\Middleware\\StartSession->handleStatefulRequest(Object(Illuminate\\Http\\Request), Object(Illuminate\\Session\\Store), Object(Closure))
#22 C:\\xampp\\htdocs\\grupocorein\\core\\vendor\\laravel\\framework\\src\\Illuminate\\Pipeline\\Pipeline.php(167): Illuminate\\Session\\Middleware\\StartSession->handle(Object(Illuminate\\Http\\Request), Object(Closure))
#23 C:\\xampp\\htdocs\\grupocorein\\core\\vendor\\laravel\\framework\\src\\Illuminate\\Cookie\\Middleware\\AddQueuedCookiesToResponse.php(37): Illuminate\\Pipeline\\Pipeline->Illuminate\\Pipeline\\{closure}(Object(Illuminate\\Http\\Request))
#24 C:\\xampp\\htdocs\\grupocorein\\core\\vendor\\laravel\\framework\\src\\Illuminate\\Pipeline\\Pipeline.php(167): Illuminate\\Cookie\\Middleware\\AddQueuedCookiesToResponse->handle(Object(Illuminate\\Http\\Request), Object(Closure))
#25 C:\\xampp\\htdocs\\grupocorein\\core\\vendor\\laravel\\framework\\src\\Illuminate\\Cookie\\Middleware\\EncryptCookies.php(67): Illuminate\\Pipeline\\Pipeline->Illuminate\\Pipeline\\{closure}(Object(Illuminate\\Http\\Request))
#26 C:\\xampp\\htdocs\\grupocorein\\core\\vendor\\laravel\\framework\\src\\Illuminate\\Pipeline\\Pipeline.php(167): Illuminate\\Cookie\\Middleware\\EncryptCookies->handle(Object(Illuminate\\Http\\Request), Object(Closure))
#27 C:\\xampp\\htdocs\\grupocorein\\core\\vendor\\laravel\\framework\\src\\Illuminate\\Pipeline\\Pipeline.php(103): Illuminate\\Pipeline\\Pipeline->Illuminate\\Pipeline\\{closure}(Object(Illuminate\\Http\\Request))
#28 C:\\xampp\\htdocs\\grupocorein\\core\\vendor\\laravel\\framework\\src\\Illuminate\\Routing\\Router.php(687): Illuminate\\Pipeline\\Pipeline->then(Object(Closure))
#29 C:\\xampp\\htdocs\\grupocorein\\core\\vendor\\laravel\\framework\\src\\Illuminate\\Routing\\Router.php(662): Illuminate\\Routing\\Router->runRouteWithinStack(Object(Illuminate\\Routing\\Route), Object(Illuminate\\Http\\Request))
#30 C:\\xampp\\htdocs\\grupocorein\\core\\vendor\\laravel\\framework\\src\\Illuminate\\Routing\\Router.php(628): Illuminate\\Routing\\Router->runRoute(Object(Illuminate\\Http\\Request), Object(Illuminate\\Routing\\Route))
#31 C:\\xampp\\htdocs\\grupocorein\\core\\vendor\\laravel\\framework\\src\\Illuminate\\Routing\\Router.php(617): Illuminate\\Routing\\Router->dispatchToRoute(Object(Illuminate\\Http\\Request))
#32 C:\\xampp\\htdocs\\grupocorein\\core\\vendor\\laravel\\framework\\src\\Illuminate\\Foundation\\Http\\Kernel.php(165): Illuminate\\Routing\\Router->dispatch(Object(Illuminate\\Http\\Request))
#33 C:\\xampp\\htdocs\\grupocorein\\core\\vendor\\laravel\\framework\\src\\Illuminate\\Pipeline\\Pipeline.php(128): Illuminate\\Foundation\\Http\\Kernel->Illuminate\\Foundation\\Http\\{closure}(Object(Illuminate\\Http\\Request))
#34 C:\\xampp\\htdocs\\grupocorein\\core\\vendor\\barryvdh\\laravel-debugbar\\src\\Middleware\\InjectDebugbar.php(66): Illuminate\\Pipeline\\Pipeline->Illuminate\\Pipeline\\{closure}(Object(Illuminate\\Http\\Request))
#35 C:\\xampp\\htdocs\\grupocorein\\core\\vendor\\laravel\\framework\\src\\Illuminate\\Pipeline\\Pipeline.php(167): Barryvdh\\Debugbar\\Middleware\\InjectDebugbar->handle(Object(Illuminate\\Http\\Request), Object(Closure))
#36 C:\\xampp\\htdocs\\grupocorein\\core\\vendor\\fideloper\\proxy\\src\\TrustProxies.php(57): Illuminate\\Pipeline\\Pipeline->Illuminate\\Pipeline\\{closure}(Object(Illuminate\\Http\\Request))
#37 C:\\xampp\\htdocs\\grupocorein\\core\\vendor\\laravel\\framework\\src\\Illuminate\\Pipeline\\Pipeline.php(167): Fideloper\\Proxy\\TrustProxies->handle(Object(Illuminate\\Http\\Request), Object(Closure))
#38 C:\\xampp\\htdocs\\grupocorein\\core\\vendor\\laravel\\framework\\src\\Illuminate\\Foundation\\Http\\Middleware\\TransformsRequest.php(21): Illuminate\\Pipeline\\Pipeline->Illuminate\\Pipeline\\{closure}(Object(Illuminate\\Http\\Request))
#39 C:\\xampp\\htdocs\\grupocorein\\core\\vendor\\laravel\\framework\\src\\Illuminate\\Pipeline\\Pipeline.php(167): Illuminate\\Foundation\\Http\\Middleware\\TransformsRequest->handle(Object(Illuminate\\Http\\Request), Object(Closure))
#40 C:\\xampp\\htdocs\\grupocorein\\core\\vendor\\laravel\\framework\\src\\Illuminate\\Foundation\\Http\\Middleware\\TransformsRequest.php(21): Illuminate\\Pipeline\\Pipeline->Illuminate\\Pipeline\\{closure}(Object(Illuminate\\Http\\Request))
#41 C:\\xampp\\htdocs\\grupocorein\\core\\vendor\\laravel\\framework\\src\\Illuminate\\Pipeline\\Pipeline.php(167): Illuminate\\Foundation\\Http\\Middleware\\TransformsRequest->handle(Object(Illuminate\\Http\\Request), Object(Closure))
#42 C:\\xampp\\htdocs\\grupocorein\\core\\vendor\\laravel\\framework\\src\\Illuminate\\Foundation\\Http\\Middleware\\ValidatePostSize.php(27): Illuminate\\Pipeline\\Pipeline->Illuminate\\Pipeline\\{closure}(Object(Illuminate\\Http\\Request))
#43 C:\\xampp\\htdocs\\grupocorein\\core\\vendor\\laravel\\framework\\src\\Illuminate\\Pipeline\\Pipeline.php(167): Illuminate\\Foundation\\Http\\Middleware\\ValidatePostSize->handle(Object(Illuminate\\Http\\Request), Object(Closure))
#44 C:\\xampp\\htdocs\\grupocorein\\core\\vendor\\laravel\\framework\\src\\Illuminate\\Foundation\\Http\\Middleware\\CheckForMaintenanceMode.php(63): Illuminate\\Pipeline\\Pipeline->Illuminate\\Pipeline\\{closure}(Object(Illuminate\\Http\\Request))
#45 C:\\xampp\\htdocs\\grupocorein\\core\\vendor\\laravel\\framework\\src\\Illuminate\\Pipeline\\Pipeline.php(167): Illuminate\\Foundation\\Http\\Middleware\\CheckForMaintenanceMode->handle(Object(Illuminate\\Http\\Request), Object(Closure))
#46 C:\\xampp\\htdocs\\grupocorein\\core\\vendor\\laravel\\framework\\src\\Illuminate\\Pipeline\\Pipeline.php(103): Illuminate\\Pipeline\\Pipeline->Illuminate\\Pipeline\\{closure}(Object(Illuminate\\Http\\Request))
#47 C:\\xampp\\htdocs\\grupocorein\\core\\vendor\\laravel\\framework\\src\\Illuminate\\Foundation\\Http\\Kernel.php(140): Illuminate\\Pipeline\\Pipeline->then(Object(Closure))
#48 C:\\xampp\\htdocs\\grupocorein\\core\\vendor\\laravel\\framework\\src\\Illuminate\\Foundation\\Http\\Kernel.php(109): Illuminate\\Foundation\\Http\\Kernel->sendRequestThroughRouter(Object(Illuminate\\Http\\Request))
#49 C:\\xampp\\htdocs\\grupocorein\\index.php(55): Illuminate\\Foundation\\Http\\Kernel->handle(Object(Illuminate\\Http\\Request))
#50 {main}
"} 
[2024-04-26 11:21:18] local.ERROR: Trying to get property 'tax_id' of non-object {"userId":1,"exception":"[object] (ErrorException(code: 0): Trying to get property 'tax_id' of non-object at C:\\xampp\\htdocs\\grupocorein\\core\\app\\Helpers\\PriceHelper.php:136)
[stacktrace]
#0 C:\\xampp\\htdocs\\grupocorein\\core\\app\\Helpers\\PriceHelper.php(136): Illuminate\\Foundation\\Bootstrap\\HandleExceptions->handleError(8, 'Trying to get p...', 'C:\\\\xampp\\\\htdocs...', 136, Array)
#1 C:\\xampp\\htdocs\\grupocorein\\core\\app\\Http\\Controllers\\Front\\CheckoutController.php(1071): App\\Helpers\\PriceHelper::grandPrice('{\"options_id\":[...')
#2 C:\\xampp\\htdocs\\grupocorein\\core\\vendor\\laravel\\framework\\src\\Illuminate\\Routing\\Controller.php(54): App\\Http\\Controllers\\Front\\CheckoutController->updateSessionCRUD()
#3 C:\\xampp\\htdocs\\grupocorein\\core\\vendor\\laravel\\framework\\src\\Illuminate\\Routing\\ControllerDispatcher.php(45): Illuminate\\Routing\\Controller->callAction('updateSessionCR...', Array)
#4 C:\\xampp\\htdocs\\grupocorein\\core\\vendor\\laravel\\framework\\src\\Illuminate\\Routing\\Route.php(239): Illuminate\\Routing\\ControllerDispatcher->dispatch(Object(Illuminate\\Routing\\Route), Object(App\\Http\\Controllers\\Front\\CheckoutController), 'updateSessionCR...')
#5 C:\\xampp\\htdocs\\grupocorein\\core\\vendor\\laravel\\framework\\src\\Illuminate\\Routing\\Route.php(196): Illuminate\\Routing\\Route->runController()
#6 C:\\xampp\\htdocs\\grupocorein\\core\\vendor\\laravel\\framework\\src\\Illuminate\\Routing\\Router.php(685): Illuminate\\Routing\\Route->run()
#7 C:\\xampp\\htdocs\\grupocorein\\core\\vendor\\laravel\\framework\\src\\Illuminate\\Pipeline\\Pipeline.php(128): Illuminate\\Routing\\Router->Illuminate\\Routing\\{closure}(Object(Illuminate\\Http\\Request))
#8 C:\\xampp\\htdocs\\grupocorein\\core\\app\\Http\\Middleware\\Localization.php(30): Illuminate\\Pipeline\\Pipeline->Illuminate\\Pipeline\\{closure}(Object(Illuminate\\Http\\Request))
#9 C:\\xampp\\htdocs\\grupocorein\\core\\vendor\\laravel\\framework\\src\\Illuminate\\Pipeline\\Pipeline.php(167): App\\Http\\Middleware\\Localization->handle(Object(Illuminate\\Http\\Request), Object(Closure))
#10 C:\\xampp\\htdocs\\grupocorein\\core\\app\\Http\\Middleware\\Maintainance.php(13): Illuminate\\Pipeline\\Pipeline->Illuminate\\Pipeline\\{closure}(Object(Illuminate\\Http\\Request))
#11 C:\\xampp\\htdocs\\grupocorein\\core\\vendor\\laravel\\framework\\src\\Illuminate\\Pipeline\\Pipeline.php(167): App\\Http\\Middleware\\Maintainance->handle(Object(Illuminate\\Http\\Request), Object(Closure))
#12 C:\\xampp\\htdocs\\grupocorein\\core\\vendor\\laravel\\framework\\src\\Illuminate\\Routing\\Middleware\\SubstituteBindings.php(41): Illuminate\\Pipeline\\Pipeline->Illuminate\\Pipeline\\{closure}(Object(Illuminate\\Http\\Request))
#13 C:\\xampp\\htdocs\\grupocorein\\core\\vendor\\laravel\\framework\\src\\Illuminate\\Pipeline\\Pipeline.php(167): Illuminate\\Routing\\Middleware\\SubstituteBindings->handle(Object(Illuminate\\Http\\Request), Object(Closure))
#14 C:\\xampp\\htdocs\\grupocorein\\core\\vendor\\laravel\\framework\\src\\Illuminate\\Auth\\Middleware\\Authenticate.php(44): Illuminate\\Pipeline\\Pipeline->Illuminate\\Pipeline\\{closure}(Object(Illuminate\\Http\\Request))
#15 C:\\xampp\\htdocs\\grupocorein\\core\\vendor\\laravel\\framework\\src\\Illuminate\\Pipeline\\Pipeline.php(167): Illuminate\\Auth\\Middleware\\Authenticate->handle(Object(Illuminate\\Http\\Request), Object(Closure))
#16 C:\\xampp\\htdocs\\grupocorein\\core\\vendor\\laravel\\framework\\src\\Illuminate\\Foundation\\Http\\Middleware\\VerifyCsrfToken.php(78): Illuminate\\Pipeline\\Pipeline->Illuminate\\Pipeline\\{closure}(Object(Illuminate\\Http\\Request))
#17 C:\\xampp\\htdocs\\grupocorein\\core\\vendor\\laravel\\framework\\src\\Illuminate\\Pipeline\\Pipeline.php(167): Illuminate\\Foundation\\Http\\Middleware\\VerifyCsrfToken->handle(Object(Illuminate\\Http\\Request), Object(Closure))
#18 C:\\xampp\\htdocs\\grupocorein\\core\\vendor\\laravel\\framework\\src\\Illuminate\\View\\Middleware\\ShareErrorsFromSession.php(49): Illuminate\\Pipeline\\Pipeline->Illuminate\\Pipeline\\{closure}(Object(Illuminate\\Http\\Request))
#19 C:\\xampp\\htdocs\\grupocorein\\core\\vendor\\laravel\\framework\\src\\Illuminate\\Pipeline\\Pipeline.php(167): Illuminate\\View\\Middleware\\ShareErrorsFromSession->handle(Object(Illuminate\\Http\\Request), Object(Closure))
#20 C:\\xampp\\htdocs\\grupocorein\\core\\vendor\\laravel\\framework\\src\\Illuminate\\Session\\Middleware\\StartSession.php(116): Illuminate\\Pipeline\\Pipeline->Illuminate\\Pipeline\\{closure}(Object(Illuminate\\Http\\Request))
#21 C:\\xampp\\htdocs\\grupocorein\\core\\vendor\\laravel\\framework\\src\\Illuminate\\Session\\Middleware\\StartSession.php(62): Illuminate\\Session\\Middleware\\StartSession->handleStatefulRequest(Object(Illuminate\\Http\\Request), Object(Illuminate\\Session\\Store), Object(Closure))
#22 C:\\xampp\\htdocs\\grupocorein\\core\\vendor\\laravel\\framework\\src\\Illuminate\\Pipeline\\Pipeline.php(167): Illuminate\\Session\\Middleware\\StartSession->handle(Object(Illuminate\\Http\\Request), Object(Closure))
#23 C:\\xampp\\htdocs\\grupocorein\\core\\vendor\\laravel\\framework\\src\\Illuminate\\Cookie\\Middleware\\AddQueuedCookiesToResponse.php(37): Illuminate\\Pipeline\\Pipeline->Illuminate\\Pipeline\\{closure}(Object(Illuminate\\Http\\Request))
#24 C:\\xampp\\htdocs\\grupocorein\\core\\vendor\\laravel\\framework\\src\\Illuminate\\Pipeline\\Pipeline.php(167): Illuminate\\Cookie\\Middleware\\AddQueuedCookiesToResponse->handle(Object(Illuminate\\Http\\Request), Object(Closure))
#25 C:\\xampp\\htdocs\\grupocorein\\core\\vendor\\laravel\\framework\\src\\Illuminate\\Cookie\\Middleware\\EncryptCookies.php(67): Illuminate\\Pipeline\\Pipeline->Illuminate\\Pipeline\\{closure}(Object(Illuminate\\Http\\Request))
#26 C:\\xampp\\htdocs\\grupocorein\\core\\vendor\\laravel\\framework\\src\\Illuminate\\Pipeline\\Pipeline.php(167): Illuminate\\Cookie\\Middleware\\EncryptCookies->handle(Object(Illuminate\\Http\\Request), Object(Closure))
#27 C:\\xampp\\htdocs\\grupocorein\\core\\vendor\\laravel\\framework\\src\\Illuminate\\Pipeline\\Pipeline.php(103): Illuminate\\Pipeline\\Pipeline->Illuminate\\Pipeline\\{closure}(Object(Illuminate\\Http\\Request))
#28 C:\\xampp\\htdocs\\grupocorein\\core\\vendor\\laravel\\framework\\src\\Illuminate\\Routing\\Router.php(687): Illuminate\\Pipeline\\Pipeline->then(Object(Closure))
#29 C:\\xampp\\htdocs\\grupocorein\\core\\vendor\\laravel\\framework\\src\\Illuminate\\Routing\\Router.php(662): Illuminate\\Routing\\Router->runRouteWithinStack(Object(Illuminate\\Routing\\Route), Object(Illuminate\\Http\\Request))
#30 C:\\xampp\\htdocs\\grupocorein\\core\\vendor\\laravel\\framework\\src\\Illuminate\\Routing\\Router.php(628): Illuminate\\Routing\\Router->runRoute(Object(Illuminate\\Http\\Request), Object(Illuminate\\Routing\\Route))
#31 C:\\xampp\\htdocs\\grupocorein\\core\\vendor\\laravel\\framework\\src\\Illuminate\\Routing\\Router.php(617): Illuminate\\Routing\\Router->dispatchToRoute(Object(Illuminate\\Http\\Request))
#32 C:\\xampp\\htdocs\\grupocorein\\core\\vendor\\laravel\\framework\\src\\Illuminate\\Foundation\\Http\\Kernel.php(165): Illuminate\\Routing\\Router->dispatch(Object(Illuminate\\Http\\Request))
#33 C:\\xampp\\htdocs\\grupocorein\\core\\vendor\\laravel\\framework\\src\\Illuminate\\Pipeline\\Pipeline.php(128): Illuminate\\Foundation\\Http\\Kernel->Illuminate\\Foundation\\Http\\{closure}(Object(Illuminate\\Http\\Request))
#34 C:\\xampp\\htdocs\\grupocorein\\core\\vendor\\barryvdh\\laravel-debugbar\\src\\Middleware\\InjectDebugbar.php(66): Illuminate\\Pipeline\\Pipeline->Illuminate\\Pipeline\\{closure}(Object(Illuminate\\Http\\Request))
#35 C:\\xampp\\htdocs\\grupocorein\\core\\vendor\\laravel\\framework\\src\\Illuminate\\Pipeline\\Pipeline.php(167): Barryvdh\\Debugbar\\Middleware\\InjectDebugbar->handle(Object(Illuminate\\Http\\Request), Object(Closure))
#36 C:\\xampp\\htdocs\\grupocorein\\core\\vendor\\fideloper\\proxy\\src\\TrustProxies.php(57): Illuminate\\Pipeline\\Pipeline->Illuminate\\Pipeline\\{closure}(Object(Illuminate\\Http\\Request))
#37 C:\\xampp\\htdocs\\grupocorein\\core\\vendor\\laravel\\framework\\src\\Illuminate\\Pipeline\\Pipeline.php(167): Fideloper\\Proxy\\TrustProxies->handle(Object(Illuminate\\Http\\Request), Object(Closure))
#38 C:\\xampp\\htdocs\\grupocorein\\core\\vendor\\laravel\\framework\\src\\Illuminate\\Foundation\\Http\\Middleware\\TransformsRequest.php(21): Illuminate\\Pipeline\\Pipeline->Illuminate\\Pipeline\\{closure}(Object(Illuminate\\Http\\Request))
#39 C:\\xampp\\htdocs\\grupocorein\\core\\vendor\\laravel\\framework\\src\\Illuminate\\Pipeline\\Pipeline.php(167): Illuminate\\Foundation\\Http\\Middleware\\TransformsRequest->handle(Object(Illuminate\\Http\\Request), Object(Closure))
#40 C:\\xampp\\htdocs\\grupocorein\\core\\vendor\\laravel\\framework\\src\\Illuminate\\Foundation\\Http\\Middleware\\TransformsRequest.php(21): Illuminate\\Pipeline\\Pipeline->Illuminate\\Pipeline\\{closure}(Object(Illuminate\\Http\\Request))
#41 C:\\xampp\\htdocs\\grupocorein\\core\\vendor\\laravel\\framework\\src\\Illuminate\\Pipeline\\Pipeline.php(167): Illuminate\\Foundation\\Http\\Middleware\\TransformsRequest->handle(Object(Illuminate\\Http\\Request), Object(Closure))
#42 C:\\xampp\\htdocs\\grupocorein\\core\\vendor\\laravel\\framework\\src\\Illuminate\\Foundation\\Http\\Middleware\\ValidatePostSize.php(27): Illuminate\\Pipeline\\Pipeline->Illuminate\\Pipeline\\{closure}(Object(Illuminate\\Http\\Request))
#43 C:\\xampp\\htdocs\\grupocorein\\core\\vendor\\laravel\\framework\\src\\Illuminate\\Pipeline\\Pipeline.php(167): Illuminate\\Foundation\\Http\\Middleware\\ValidatePostSize->handle(Object(Illuminate\\Http\\Request), Object(Closure))
#44 C:\\xampp\\htdocs\\grupocorein\\core\\vendor\\laravel\\framework\\src\\Illuminate\\Foundation\\Http\\Middleware\\CheckForMaintenanceMode.php(63): Illuminate\\Pipeline\\Pipeline->Illuminate\\Pipeline\\{closure}(Object(Illuminate\\Http\\Request))
#45 C:\\xampp\\htdocs\\grupocorein\\core\\vendor\\laravel\\framework\\src\\Illuminate\\Pipeline\\Pipeline.php(167): Illuminate\\Foundation\\Http\\Middleware\\CheckForMaintenanceMode->handle(Object(Illuminate\\Http\\Request), Object(Closure))
#46 C:\\xampp\\htdocs\\grupocorein\\core\\vendor\\laravel\\framework\\src\\Illuminate\\Pipeline\\Pipeline.php(103): Illuminate\\Pipeline\\Pipeline->Illuminate\\Pipeline\\{closure}(Object(Illuminate\\Http\\Request))
#47 C:\\xampp\\htdocs\\grupocorein\\core\\vendor\\laravel\\framework\\src\\Illuminate\\Foundation\\Http\\Kernel.php(140): Illuminate\\Pipeline\\Pipeline->then(Object(Closure))
#48 C:\\xampp\\htdocs\\grupocorein\\core\\vendor\\laravel\\framework\\src\\Illuminate\\Foundation\\Http\\Kernel.php(109): Illuminate\\Foundation\\Http\\Kernel->sendRequestThroughRouter(Object(Illuminate\\Http\\Request))
#49 C:\\xampp\\htdocs\\grupocorein\\index.php(55): Illuminate\\Foundation\\Http\\Kernel->handle(Object(Illuminate\\Http\\Request))
#50 {main}
"} 
[2024-04-26 11:22:59] local.ERROR: Trying to get property 'attributes' of non-object {"userId":1,"exception":"[object] (ErrorException(code: 0): Trying to get property 'attributes' of non-object at C:\\xampp\\htdocs\\grupocorein\\core\\app\\Helpers\\PriceHelper.php:146)
[stacktrace]
#0 C:\\xampp\\htdocs\\grupocorein\\core\\app\\Helpers\\PriceHelper.php(146): Illuminate\\Foundation\\Bootstrap\\HandleExceptions->handleError(8, 'Trying to get p...', 'C:\\\\xampp\\\\htdocs...', 146, Array)
#1 C:\\xampp\\htdocs\\grupocorein\\core\\app\\Http\\Controllers\\Front\\CheckoutController.php(1071): App\\Helpers\\PriceHelper::grandPrice('{\"options_id\":[...')
#2 C:\\xampp\\htdocs\\grupocorein\\core\\vendor\\laravel\\framework\\src\\Illuminate\\Routing\\Controller.php(54): App\\Http\\Controllers\\Front\\CheckoutController->updateSessionCRUD()
#3 C:\\xampp\\htdocs\\grupocorein\\core\\vendor\\laravel\\framework\\src\\Illuminate\\Routing\\ControllerDispatcher.php(45): Illuminate\\Routing\\Controller->callAction('updateSessionCR...', Array)
#4 C:\\xampp\\htdocs\\grupocorein\\core\\vendor\\laravel\\framework\\src\\Illuminate\\Routing\\Route.php(239): Illuminate\\Routing\\ControllerDispatcher->dispatch(Object(Illuminate\\Routing\\Route), Object(App\\Http\\Controllers\\Front\\CheckoutController), 'updateSessionCR...')
#5 C:\\xampp\\htdocs\\grupocorein\\core\\vendor\\laravel\\framework\\src\\Illuminate\\Routing\\Route.php(196): Illuminate\\Routing\\Route->runController()
#6 C:\\xampp\\htdocs\\grupocorein\\core\\vendor\\laravel\\framework\\src\\Illuminate\\Routing\\Router.php(685): Illuminate\\Routing\\Route->run()
#7 C:\\xampp\\htdocs\\grupocorein\\core\\vendor\\laravel\\framework\\src\\Illuminate\\Pipeline\\Pipeline.php(128): Illuminate\\Routing\\Router->Illuminate\\Routing\\{closure}(Object(Illuminate\\Http\\Request))
#8 C:\\xampp\\htdocs\\grupocorein\\core\\app\\Http\\Middleware\\Localization.php(30): Illuminate\\Pipeline\\Pipeline->Illuminate\\Pipeline\\{closure}(Object(Illuminate\\Http\\Request))
#9 C:\\xampp\\htdocs\\grupocorein\\core\\vendor\\laravel\\framework\\src\\Illuminate\\Pipeline\\Pipeline.php(167): App\\Http\\Middleware\\Localization->handle(Object(Illuminate\\Http\\Request), Object(Closure))
#10 C:\\xampp\\htdocs\\grupocorein\\core\\app\\Http\\Middleware\\Maintainance.php(13): Illuminate\\Pipeline\\Pipeline->Illuminate\\Pipeline\\{closure}(Object(Illuminate\\Http\\Request))
#11 C:\\xampp\\htdocs\\grupocorein\\core\\vendor\\laravel\\framework\\src\\Illuminate\\Pipeline\\Pipeline.php(167): App\\Http\\Middleware\\Maintainance->handle(Object(Illuminate\\Http\\Request), Object(Closure))
#12 C:\\xampp\\htdocs\\grupocorein\\core\\vendor\\laravel\\framework\\src\\Illuminate\\Routing\\Middleware\\SubstituteBindings.php(41): Illuminate\\Pipeline\\Pipeline->Illuminate\\Pipeline\\{closure}(Object(Illuminate\\Http\\Request))
#13 C:\\xampp\\htdocs\\grupocorein\\core\\vendor\\laravel\\framework\\src\\Illuminate\\Pipeline\\Pipeline.php(167): Illuminate\\Routing\\Middleware\\SubstituteBindings->handle(Object(Illuminate\\Http\\Request), Object(Closure))
#14 C:\\xampp\\htdocs\\grupocorein\\core\\vendor\\laravel\\framework\\src\\Illuminate\\Auth\\Middleware\\Authenticate.php(44): Illuminate\\Pipeline\\Pipeline->Illuminate\\Pipeline\\{closure}(Object(Illuminate\\Http\\Request))
#15 C:\\xampp\\htdocs\\grupocorein\\core\\vendor\\laravel\\framework\\src\\Illuminate\\Pipeline\\Pipeline.php(167): Illuminate\\Auth\\Middleware\\Authenticate->handle(Object(Illuminate\\Http\\Request), Object(Closure))
#16 C:\\xampp\\htdocs\\grupocorein\\core\\vendor\\laravel\\framework\\src\\Illuminate\\Foundation\\Http\\Middleware\\VerifyCsrfToken.php(78): Illuminate\\Pipeline\\Pipeline->Illuminate\\Pipeline\\{closure}(Object(Illuminate\\Http\\Request))
#17 C:\\xampp\\htdocs\\grupocorein\\core\\vendor\\laravel\\framework\\src\\Illuminate\\Pipeline\\Pipeline.php(167): Illuminate\\Foundation\\Http\\Middleware\\VerifyCsrfToken->handle(Object(Illuminate\\Http\\Request), Object(Closure))
#18 C:\\xampp\\htdocs\\grupocorein\\core\\vendor\\laravel\\framework\\src\\Illuminate\\View\\Middleware\\ShareErrorsFromSession.php(49): Illuminate\\Pipeline\\Pipeline->Illuminate\\Pipeline\\{closure}(Object(Illuminate\\Http\\Request))
#19 C:\\xampp\\htdocs\\grupocorein\\core\\vendor\\laravel\\framework\\src\\Illuminate\\Pipeline\\Pipeline.php(167): Illuminate\\View\\Middleware\\ShareErrorsFromSession->handle(Object(Illuminate\\Http\\Request), Object(Closure))
#20 C:\\xampp\\htdocs\\grupocorein\\core\\vendor\\laravel\\framework\\src\\Illuminate\\Session\\Middleware\\StartSession.php(116): Illuminate\\Pipeline\\Pipeline->Illuminate\\Pipeline\\{closure}(Object(Illuminate\\Http\\Request))
#21 C:\\xampp\\htdocs\\grupocorein\\core\\vendor\\laravel\\framework\\src\\Illuminate\\Session\\Middleware\\StartSession.php(62): Illuminate\\Session\\Middleware\\StartSession->handleStatefulRequest(Object(Illuminate\\Http\\Request), Object(Illuminate\\Session\\Store), Object(Closure))
#22 C:\\xampp\\htdocs\\grupocorein\\core\\vendor\\laravel\\framework\\src\\Illuminate\\Pipeline\\Pipeline.php(167): Illuminate\\Session\\Middleware\\StartSession->handle(Object(Illuminate\\Http\\Request), Object(Closure))
#23 C:\\xampp\\htdocs\\grupocorein\\core\\vendor\\laravel\\framework\\src\\Illuminate\\Cookie\\Middleware\\AddQueuedCookiesToResponse.php(37): Illuminate\\Pipeline\\Pipeline->Illuminate\\Pipeline\\{closure}(Object(Illuminate\\Http\\Request))
#24 C:\\xampp\\htdocs\\grupocorein\\core\\vendor\\laravel\\framework\\src\\Illuminate\\Pipeline\\Pipeline.php(167): Illuminate\\Cookie\\Middleware\\AddQueuedCookiesToResponse->handle(Object(Illuminate\\Http\\Request), Object(Closure))
#25 C:\\xampp\\htdocs\\grupocorein\\core\\vendor\\laravel\\framework\\src\\Illuminate\\Cookie\\Middleware\\EncryptCookies.php(67): Illuminate\\Pipeline\\Pipeline->Illuminate\\Pipeline\\{closure}(Object(Illuminate\\Http\\Request))
#26 C:\\xampp\\htdocs\\grupocorein\\core\\vendor\\laravel\\framework\\src\\Illuminate\\Pipeline\\Pipeline.php(167): Illuminate\\Cookie\\Middleware\\EncryptCookies->handle(Object(Illuminate\\Http\\Request), Object(Closure))
#27 C:\\xampp\\htdocs\\grupocorein\\core\\vendor\\laravel\\framework\\src\\Illuminate\\Pipeline\\Pipeline.php(103): Illuminate\\Pipeline\\Pipeline->Illuminate\\Pipeline\\{closure}(Object(Illuminate\\Http\\Request))
#28 C:\\xampp\\htdocs\\grupocorein\\core\\vendor\\laravel\\framework\\src\\Illuminate\\Routing\\Router.php(687): Illuminate\\Pipeline\\Pipeline->then(Object(Closure))
#29 C:\\xampp\\htdocs\\grupocorein\\core\\vendor\\laravel\\framework\\src\\Illuminate\\Routing\\Router.php(662): Illuminate\\Routing\\Router->runRouteWithinStack(Object(Illuminate\\Routing\\Route), Object(Illuminate\\Http\\Request))
#30 C:\\xampp\\htdocs\\grupocorein\\core\\vendor\\laravel\\framework\\src\\Illuminate\\Routing\\Router.php(628): Illuminate\\Routing\\Router->runRoute(Object(Illuminate\\Http\\Request), Object(Illuminate\\Routing\\Route))
#31 C:\\xampp\\htdocs\\grupocorein\\core\\vendor\\laravel\\framework\\src\\Illuminate\\Routing\\Router.php(617): Illuminate\\Routing\\Router->dispatchToRoute(Object(Illuminate\\Http\\Request))
#32 C:\\xampp\\htdocs\\grupocorein\\core\\vendor\\laravel\\framework\\src\\Illuminate\\Foundation\\Http\\Kernel.php(165): Illuminate\\Routing\\Router->dispatch(Object(Illuminate\\Http\\Request))
#33 C:\\xampp\\htdocs\\grupocorein\\core\\vendor\\laravel\\framework\\src\\Illuminate\\Pipeline\\Pipeline.php(128): Illuminate\\Foundation\\Http\\Kernel->Illuminate\\Foundation\\Http\\{closure}(Object(Illuminate\\Http\\Request))
#34 C:\\xampp\\htdocs\\grupocorein\\core\\vendor\\barryvdh\\laravel-debugbar\\src\\Middleware\\InjectDebugbar.php(66): Illuminate\\Pipeline\\Pipeline->Illuminate\\Pipeline\\{closure}(Object(Illuminate\\Http\\Request))
#35 C:\\xampp\\htdocs\\grupocorein\\core\\vendor\\laravel\\framework\\src\\Illuminate\\Pipeline\\Pipeline.php(167): Barryvdh\\Debugbar\\Middleware\\InjectDebugbar->handle(Object(Illuminate\\Http\\Request), Object(Closure))
#36 C:\\xampp\\htdocs\\grupocorein\\core\\vendor\\fideloper\\proxy\\src\\TrustProxies.php(57): Illuminate\\Pipeline\\Pipeline->Illuminate\\Pipeline\\{closure}(Object(Illuminate\\Http\\Request))
#37 C:\\xampp\\htdocs\\grupocorein\\core\\vendor\\laravel\\framework\\src\\Illuminate\\Pipeline\\Pipeline.php(167): Fideloper\\Proxy\\TrustProxies->handle(Object(Illuminate\\Http\\Request), Object(Closure))
#38 C:\\xampp\\htdocs\\grupocorein\\core\\vendor\\laravel\\framework\\src\\Illuminate\\Foundation\\Http\\Middleware\\TransformsRequest.php(21): Illuminate\\Pipeline\\Pipeline->Illuminate\\Pipeline\\{closure}(Object(Illuminate\\Http\\Request))
#39 C:\\xampp\\htdocs\\grupocorein\\core\\vendor\\laravel\\framework\\src\\Illuminate\\Pipeline\\Pipeline.php(167): Illuminate\\Foundation\\Http\\Middleware\\TransformsRequest->handle(Object(Illuminate\\Http\\Request), Object(Closure))
#40 C:\\xampp\\htdocs\\grupocorein\\core\\vendor\\laravel\\framework\\src\\Illuminate\\Foundation\\Http\\Middleware\\TransformsRequest.php(21): Illuminate\\Pipeline\\Pipeline->Illuminate\\Pipeline\\{closure}(Object(Illuminate\\Http\\Request))
#41 C:\\xampp\\htdocs\\grupocorein\\core\\vendor\\laravel\\framework\\src\\Illuminate\\Pipeline\\Pipeline.php(167): Illuminate\\Foundation\\Http\\Middleware\\TransformsRequest->handle(Object(Illuminate\\Http\\Request), Object(Closure))
#42 C:\\xampp\\htdocs\\grupocorein\\core\\vendor\\laravel\\framework\\src\\Illuminate\\Foundation\\Http\\Middleware\\ValidatePostSize.php(27): Illuminate\\Pipeline\\Pipeline->Illuminate\\Pipeline\\{closure}(Object(Illuminate\\Http\\Request))
#43 C:\\xampp\\htdocs\\grupocorein\\core\\vendor\\laravel\\framework\\src\\Illuminate\\Pipeline\\Pipeline.php(167): Illuminate\\Foundation\\Http\\Middleware\\ValidatePostSize->handle(Object(Illuminate\\Http\\Request), Object(Closure))
#44 C:\\xampp\\htdocs\\grupocorein\\core\\vendor\\laravel\\framework\\src\\Illuminate\\Foundation\\Http\\Middleware\\CheckForMaintenanceMode.php(63): Illuminate\\Pipeline\\Pipeline->Illuminate\\Pipeline\\{closure}(Object(Illuminate\\Http\\Request))
#45 C:\\xampp\\htdocs\\grupocorein\\core\\vendor\\laravel\\framework\\src\\Illuminate\\Pipeline\\Pipeline.php(167): Illuminate\\Foundation\\Http\\Middleware\\CheckForMaintenanceMode->handle(Object(Illuminate\\Http\\Request), Object(Closure))
#46 C:\\xampp\\htdocs\\grupocorein\\core\\vendor\\laravel\\framework\\src\\Illuminate\\Pipeline\\Pipeline.php(103): Illuminate\\Pipeline\\Pipeline->Illuminate\\Pipeline\\{closure}(Object(Illuminate\\Http\\Request))
#47 C:\\xampp\\htdocs\\grupocorein\\core\\vendor\\laravel\\framework\\src\\Illuminate\\Foundation\\Http\\Kernel.php(140): Illuminate\\Pipeline\\Pipeline->then(Object(Closure))
#48 C:\\xampp\\htdocs\\grupocorein\\core\\vendor\\laravel\\framework\\src\\Illuminate\\Foundation\\Http\\Kernel.php(109): Illuminate\\Foundation\\Http\\Kernel->sendRequestThroughRouter(Object(Illuminate\\Http\\Request))
#49 C:\\xampp\\htdocs\\grupocorein\\index.php(55): Illuminate\\Foundation\\Http\\Kernel->handle(Object(Illuminate\\Http\\Request))
#50 {main}
"} 
[2024-04-26 11:23:38] local.ERROR: Trying to get property 'sections_id' of non-object {"userId":1,"exception":"[object] (ErrorException(code: 0): Trying to get property 'sections_id' of non-object at C:\\xampp\\htdocs\\grupocorein\\core\\app\\Helpers\\PriceHelper.php:162)
[stacktrace]
#0 C:\\xampp\\htdocs\\grupocorein\\core\\app\\Helpers\\PriceHelper.php(162): Illuminate\\Foundation\\Bootstrap\\HandleExceptions->handleError(8, 'Trying to get p...', 'C:\\\\xampp\\\\htdocs...', 162, Array)
#1 C:\\xampp\\htdocs\\grupocorein\\core\\app\\Http\\Controllers\\Front\\CheckoutController.php(1071): App\\Helpers\\PriceHelper::grandPrice('{\"options_id\":[...')
#2 C:\\xampp\\htdocs\\grupocorein\\core\\vendor\\laravel\\framework\\src\\Illuminate\\Routing\\Controller.php(54): App\\Http\\Controllers\\Front\\CheckoutController->updateSessionCRUD()
#3 C:\\xampp\\htdocs\\grupocorein\\core\\vendor\\laravel\\framework\\src\\Illuminate\\Routing\\ControllerDispatcher.php(45): Illuminate\\Routing\\Controller->callAction('updateSessionCR...', Array)
#4 C:\\xampp\\htdocs\\grupocorein\\core\\vendor\\laravel\\framework\\src\\Illuminate\\Routing\\Route.php(239): Illuminate\\Routing\\ControllerDispatcher->dispatch(Object(Illuminate\\Routing\\Route), Object(App\\Http\\Controllers\\Front\\CheckoutController), 'updateSessionCR...')
#5 C:\\xampp\\htdocs\\grupocorein\\core\\vendor\\laravel\\framework\\src\\Illuminate\\Routing\\Route.php(196): Illuminate\\Routing\\Route->runController()
#6 C:\\xampp\\htdocs\\grupocorein\\core\\vendor\\laravel\\framework\\src\\Illuminate\\Routing\\Router.php(685): Illuminate\\Routing\\Route->run()
#7 C:\\xampp\\htdocs\\grupocorein\\core\\vendor\\laravel\\framework\\src\\Illuminate\\Pipeline\\Pipeline.php(128): Illuminate\\Routing\\Router->Illuminate\\Routing\\{closure}(Object(Illuminate\\Http\\Request))
#8 C:\\xampp\\htdocs\\grupocorein\\core\\app\\Http\\Middleware\\Localization.php(30): Illuminate\\Pipeline\\Pipeline->Illuminate\\Pipeline\\{closure}(Object(Illuminate\\Http\\Request))
#9 C:\\xampp\\htdocs\\grupocorein\\core\\vendor\\laravel\\framework\\src\\Illuminate\\Pipeline\\Pipeline.php(167): App\\Http\\Middleware\\Localization->handle(Object(Illuminate\\Http\\Request), Object(Closure))
#10 C:\\xampp\\htdocs\\grupocorein\\core\\app\\Http\\Middleware\\Maintainance.php(13): Illuminate\\Pipeline\\Pipeline->Illuminate\\Pipeline\\{closure}(Object(Illuminate\\Http\\Request))
#11 C:\\xampp\\htdocs\\grupocorein\\core\\vendor\\laravel\\framework\\src\\Illuminate\\Pipeline\\Pipeline.php(167): App\\Http\\Middleware\\Maintainance->handle(Object(Illuminate\\Http\\Request), Object(Closure))
#12 C:\\xampp\\htdocs\\grupocorein\\core\\vendor\\laravel\\framework\\src\\Illuminate\\Routing\\Middleware\\SubstituteBindings.php(41): Illuminate\\Pipeline\\Pipeline->Illuminate\\Pipeline\\{closure}(Object(Illuminate\\Http\\Request))
#13 C:\\xampp\\htdocs\\grupocorein\\core\\vendor\\laravel\\framework\\src\\Illuminate\\Pipeline\\Pipeline.php(167): Illuminate\\Routing\\Middleware\\SubstituteBindings->handle(Object(Illuminate\\Http\\Request), Object(Closure))
#14 C:\\xampp\\htdocs\\grupocorein\\core\\vendor\\laravel\\framework\\src\\Illuminate\\Auth\\Middleware\\Authenticate.php(44): Illuminate\\Pipeline\\Pipeline->Illuminate\\Pipeline\\{closure}(Object(Illuminate\\Http\\Request))
#15 C:\\xampp\\htdocs\\grupocorein\\core\\vendor\\laravel\\framework\\src\\Illuminate\\Pipeline\\Pipeline.php(167): Illuminate\\Auth\\Middleware\\Authenticate->handle(Object(Illuminate\\Http\\Request), Object(Closure))
#16 C:\\xampp\\htdocs\\grupocorein\\core\\vendor\\laravel\\framework\\src\\Illuminate\\Foundation\\Http\\Middleware\\VerifyCsrfToken.php(78): Illuminate\\Pipeline\\Pipeline->Illuminate\\Pipeline\\{closure}(Object(Illuminate\\Http\\Request))
#17 C:\\xampp\\htdocs\\grupocorein\\core\\vendor\\laravel\\framework\\src\\Illuminate\\Pipeline\\Pipeline.php(167): Illuminate\\Foundation\\Http\\Middleware\\VerifyCsrfToken->handle(Object(Illuminate\\Http\\Request), Object(Closure))
#18 C:\\xampp\\htdocs\\grupocorein\\core\\vendor\\laravel\\framework\\src\\Illuminate\\View\\Middleware\\ShareErrorsFromSession.php(49): Illuminate\\Pipeline\\Pipeline->Illuminate\\Pipeline\\{closure}(Object(Illuminate\\Http\\Request))
#19 C:\\xampp\\htdocs\\grupocorein\\core\\vendor\\laravel\\framework\\src\\Illuminate\\Pipeline\\Pipeline.php(167): Illuminate\\View\\Middleware\\ShareErrorsFromSession->handle(Object(Illuminate\\Http\\Request), Object(Closure))
#20 C:\\xampp\\htdocs\\grupocorein\\core\\vendor\\laravel\\framework\\src\\Illuminate\\Session\\Middleware\\StartSession.php(116): Illuminate\\Pipeline\\Pipeline->Illuminate\\Pipeline\\{closure}(Object(Illuminate\\Http\\Request))
#21 C:\\xampp\\htdocs\\grupocorein\\core\\vendor\\laravel\\framework\\src\\Illuminate\\Session\\Middleware\\StartSession.php(62): Illuminate\\Session\\Middleware\\StartSession->handleStatefulRequest(Object(Illuminate\\Http\\Request), Object(Illuminate\\Session\\Store), Object(Closure))
#22 C:\\xampp\\htdocs\\grupocorein\\core\\vendor\\laravel\\framework\\src\\Illuminate\\Pipeline\\Pipeline.php(167): Illuminate\\Session\\Middleware\\StartSession->handle(Object(Illuminate\\Http\\Request), Object(Closure))
#23 C:\\xampp\\htdocs\\grupocorein\\core\\vendor\\laravel\\framework\\src\\Illuminate\\Cookie\\Middleware\\AddQueuedCookiesToResponse.php(37): Illuminate\\Pipeline\\Pipeline->Illuminate\\Pipeline\\{closure}(Object(Illuminate\\Http\\Request))
#24 C:\\xampp\\htdocs\\grupocorein\\core\\vendor\\laravel\\framework\\src\\Illuminate\\Pipeline\\Pipeline.php(167): Illuminate\\Cookie\\Middleware\\AddQueuedCookiesToResponse->handle(Object(Illuminate\\Http\\Request), Object(Closure))
#25 C:\\xampp\\htdocs\\grupocorein\\core\\vendor\\laravel\\framework\\src\\Illuminate\\Cookie\\Middleware\\EncryptCookies.php(67): Illuminate\\Pipeline\\Pipeline->Illuminate\\Pipeline\\{closure}(Object(Illuminate\\Http\\Request))
#26 C:\\xampp\\htdocs\\grupocorein\\core\\vendor\\laravel\\framework\\src\\Illuminate\\Pipeline\\Pipeline.php(167): Illuminate\\Cookie\\Middleware\\EncryptCookies->handle(Object(Illuminate\\Http\\Request), Object(Closure))
#27 C:\\xampp\\htdocs\\grupocorein\\core\\vendor\\laravel\\framework\\src\\Illuminate\\Pipeline\\Pipeline.php(103): Illuminate\\Pipeline\\Pipeline->Illuminate\\Pipeline\\{closure}(Object(Illuminate\\Http\\Request))
#28 C:\\xampp\\htdocs\\grupocorein\\core\\vendor\\laravel\\framework\\src\\Illuminate\\Routing\\Router.php(687): Illuminate\\Pipeline\\Pipeline->then(Object(Closure))
#29 C:\\xampp\\htdocs\\grupocorein\\core\\vendor\\laravel\\framework\\src\\Illuminate\\Routing\\Router.php(662): Illuminate\\Routing\\Router->runRouteWithinStack(Object(Illuminate\\Routing\\Route), Object(Illuminate\\Http\\Request))
#30 C:\\xampp\\htdocs\\grupocorein\\core\\vendor\\laravel\\framework\\src\\Illuminate\\Routing\\Router.php(628): Illuminate\\Routing\\Router->runRoute(Object(Illuminate\\Http\\Request), Object(Illuminate\\Routing\\Route))
#31 C:\\xampp\\htdocs\\grupocorein\\core\\vendor\\laravel\\framework\\src\\Illuminate\\Routing\\Router.php(617): Illuminate\\Routing\\Router->dispatchToRoute(Object(Illuminate\\Http\\Request))
#32 C:\\xampp\\htdocs\\grupocorein\\core\\vendor\\laravel\\framework\\src\\Illuminate\\Foundation\\Http\\Kernel.php(165): Illuminate\\Routing\\Router->dispatch(Object(Illuminate\\Http\\Request))
#33 C:\\xampp\\htdocs\\grupocorein\\core\\vendor\\laravel\\framework\\src\\Illuminate\\Pipeline\\Pipeline.php(128): Illuminate\\Foundation\\Http\\Kernel->Illuminate\\Foundation\\Http\\{closure}(Object(Illuminate\\Http\\Request))
#34 C:\\xampp\\htdocs\\grupocorein\\core\\vendor\\barryvdh\\laravel-debugbar\\src\\Middleware\\InjectDebugbar.php(66): Illuminate\\Pipeline\\Pipeline->Illuminate\\Pipeline\\{closure}(Object(Illuminate\\Http\\Request))
#35 C:\\xampp\\htdocs\\grupocorein\\core\\vendor\\laravel\\framework\\src\\Illuminate\\Pipeline\\Pipeline.php(167): Barryvdh\\Debugbar\\Middleware\\InjectDebugbar->handle(Object(Illuminate\\Http\\Request), Object(Closure))
#36 C:\\xampp\\htdocs\\grupocorein\\core\\vendor\\fideloper\\proxy\\src\\TrustProxies.php(57): Illuminate\\Pipeline\\Pipeline->Illuminate\\Pipeline\\{closure}(Object(Illuminate\\Http\\Request))
#37 C:\\xampp\\htdocs\\grupocorein\\core\\vendor\\laravel\\framework\\src\\Illuminate\\Pipeline\\Pipeline.php(167): Fideloper\\Proxy\\TrustProxies->handle(Object(Illuminate\\Http\\Request), Object(Closure))
#38 C:\\xampp\\htdocs\\grupocorein\\core\\vendor\\laravel\\framework\\src\\Illuminate\\Foundation\\Http\\Middleware\\TransformsRequest.php(21): Illuminate\\Pipeline\\Pipeline->Illuminate\\Pipeline\\{closure}(Object(Illuminate\\Http\\Request))
#39 C:\\xampp\\htdocs\\grupocorein\\core\\vendor\\laravel\\framework\\src\\Illuminate\\Pipeline\\Pipeline.php(167): Illuminate\\Foundation\\Http\\Middleware\\TransformsRequest->handle(Object(Illuminate\\Http\\Request), Object(Closure))
#40 C:\\xampp\\htdocs\\grupocorein\\core\\vendor\\laravel\\framework\\src\\Illuminate\\Foundation\\Http\\Middleware\\TransformsRequest.php(21): Illuminate\\Pipeline\\Pipeline->Illuminate\\Pipeline\\{closure}(Object(Illuminate\\Http\\Request))
#41 C:\\xampp\\htdocs\\grupocorein\\core\\vendor\\laravel\\framework\\src\\Illuminate\\Pipeline\\Pipeline.php(167): Illuminate\\Foundation\\Http\\Middleware\\TransformsRequest->handle(Object(Illuminate\\Http\\Request), Object(Closure))
#42 C:\\xampp\\htdocs\\grupocorein\\core\\vendor\\laravel\\framework\\src\\Illuminate\\Foundation\\Http\\Middleware\\ValidatePostSize.php(27): Illuminate\\Pipeline\\Pipeline->Illuminate\\Pipeline\\{closure}(Object(Illuminate\\Http\\Request))
#43 C:\\xampp\\htdocs\\grupocorein\\core\\vendor\\laravel\\framework\\src\\Illuminate\\Pipeline\\Pipeline.php(167): Illuminate\\Foundation\\Http\\Middleware\\ValidatePostSize->handle(Object(Illuminate\\Http\\Request), Object(Closure))
#44 C:\\xampp\\htdocs\\grupocorein\\core\\vendor\\laravel\\framework\\src\\Illuminate\\Foundation\\Http\\Middleware\\CheckForMaintenanceMode.php(63): Illuminate\\Pipeline\\Pipeline->Illuminate\\Pipeline\\{closure}(Object(Illuminate\\Http\\Request))
#45 C:\\xampp\\htdocs\\grupocorein\\core\\vendor\\laravel\\framework\\src\\Illuminate\\Pipeline\\Pipeline.php(167): Illuminate\\Foundation\\Http\\Middleware\\CheckForMaintenanceMode->handle(Object(Illuminate\\Http\\Request), Object(Closure))
#46 C:\\xampp\\htdocs\\grupocorein\\core\\vendor\\laravel\\framework\\src\\Illuminate\\Pipeline\\Pipeline.php(103): Illuminate\\Pipeline\\Pipeline->Illuminate\\Pipeline\\{closure}(Object(Illuminate\\Http\\Request))
#47 C:\\xampp\\htdocs\\grupocorein\\core\\vendor\\laravel\\framework\\src\\Illuminate\\Foundation\\Http\\Kernel.php(140): Illuminate\\Pipeline\\Pipeline->then(Object(Closure))
#48 C:\\xampp\\htdocs\\grupocorein\\core\\vendor\\laravel\\framework\\src\\Illuminate\\Foundation\\Http\\Kernel.php(109): Illuminate\\Foundation\\Http\\Kernel->sendRequestThroughRouter(Object(Illuminate\\Http\\Request))
#49 C:\\xampp\\htdocs\\grupocorein\\index.php(55): Illuminate\\Foundation\\Http\\Kernel->handle(Object(Illuminate\\Http\\Request))
#50 {main}
"} 
[2024-04-26 11:24:08] local.ERROR: Undefined index: discount_price {"userId":1,"exception":"[object] (ErrorException(code: 0): Undefined index: discount_price at C:\\xampp\\htdocs\\grupocorein\\core\\app\\Http\\Controllers\\Front\\CheckoutController.php:1072)
[stacktrace]
#0 C:\\xampp\\htdocs\\grupocorein\\core\\app\\Http\\Controllers\\Front\\CheckoutController.php(1072): Illuminate\\Foundation\\Bootstrap\\HandleExceptions->handleError(8, 'Undefined index...', 'C:\\\\xampp\\\\htdocs...', 1072, Array)
#1 C:\\xampp\\htdocs\\grupocorein\\core\\vendor\\laravel\\framework\\src\\Illuminate\\Routing\\Controller.php(54): App\\Http\\Controllers\\Front\\CheckoutController->updateSessionCRUD()
#2 C:\\xampp\\htdocs\\grupocorein\\core\\vendor\\laravel\\framework\\src\\Illuminate\\Routing\\ControllerDispatcher.php(45): Illuminate\\Routing\\Controller->callAction('updateSessionCR...', Array)
#3 C:\\xampp\\htdocs\\grupocorein\\core\\vendor\\laravel\\framework\\src\\Illuminate\\Routing\\Route.php(239): Illuminate\\Routing\\ControllerDispatcher->dispatch(Object(Illuminate\\Routing\\Route), Object(App\\Http\\Controllers\\Front\\CheckoutController), 'updateSessionCR...')
#4 C:\\xampp\\htdocs\\grupocorein\\core\\vendor\\laravel\\framework\\src\\Illuminate\\Routing\\Route.php(196): Illuminate\\Routing\\Route->runController()
#5 C:\\xampp\\htdocs\\grupocorein\\core\\vendor\\laravel\\framework\\src\\Illuminate\\Routing\\Router.php(685): Illuminate\\Routing\\Route->run()
#6 C:\\xampp\\htdocs\\grupocorein\\core\\vendor\\laravel\\framework\\src\\Illuminate\\Pipeline\\Pipeline.php(128): Illuminate\\Routing\\Router->Illuminate\\Routing\\{closure}(Object(Illuminate\\Http\\Request))
#7 C:\\xampp\\htdocs\\grupocorein\\core\\app\\Http\\Middleware\\Localization.php(30): Illuminate\\Pipeline\\Pipeline->Illuminate\\Pipeline\\{closure}(Object(Illuminate\\Http\\Request))
#8 C:\\xampp\\htdocs\\grupocorein\\core\\vendor\\laravel\\framework\\src\\Illuminate\\Pipeline\\Pipeline.php(167): App\\Http\\Middleware\\Localization->handle(Object(Illuminate\\Http\\Request), Object(Closure))
#9 C:\\xampp\\htdocs\\grupocorein\\core\\app\\Http\\Middleware\\Maintainance.php(13): Illuminate\\Pipeline\\Pipeline->Illuminate\\Pipeline\\{closure}(Object(Illuminate\\Http\\Request))
#10 C:\\xampp\\htdocs\\grupocorein\\core\\vendor\\laravel\\framework\\src\\Illuminate\\Pipeline\\Pipeline.php(167): App\\Http\\Middleware\\Maintainance->handle(Object(Illuminate\\Http\\Request), Object(Closure))
#11 C:\\xampp\\htdocs\\grupocorein\\core\\vendor\\laravel\\framework\\src\\Illuminate\\Routing\\Middleware\\SubstituteBindings.php(41): Illuminate\\Pipeline\\Pipeline->Illuminate\\Pipeline\\{closure}(Object(Illuminate\\Http\\Request))
#12 C:\\xampp\\htdocs\\grupocorein\\core\\vendor\\laravel\\framework\\src\\Illuminate\\Pipeline\\Pipeline.php(167): Illuminate\\Routing\\Middleware\\SubstituteBindings->handle(Object(Illuminate\\Http\\Request), Object(Closure))
#13 C:\\xampp\\htdocs\\grupocorein\\core\\vendor\\laravel\\framework\\src\\Illuminate\\Auth\\Middleware\\Authenticate.php(44): Illuminate\\Pipeline\\Pipeline->Illuminate\\Pipeline\\{closure}(Object(Illuminate\\Http\\Request))
#14 C:\\xampp\\htdocs\\grupocorein\\core\\vendor\\laravel\\framework\\src\\Illuminate\\Pipeline\\Pipeline.php(167): Illuminate\\Auth\\Middleware\\Authenticate->handle(Object(Illuminate\\Http\\Request), Object(Closure))
#15 C:\\xampp\\htdocs\\grupocorein\\core\\vendor\\laravel\\framework\\src\\Illuminate\\Foundation\\Http\\Middleware\\VerifyCsrfToken.php(78): Illuminate\\Pipeline\\Pipeline->Illuminate\\Pipeline\\{closure}(Object(Illuminate\\Http\\Request))
#16 C:\\xampp\\htdocs\\grupocorein\\core\\vendor\\laravel\\framework\\src\\Illuminate\\Pipeline\\Pipeline.php(167): Illuminate\\Foundation\\Http\\Middleware\\VerifyCsrfToken->handle(Object(Illuminate\\Http\\Request), Object(Closure))
#17 C:\\xampp\\htdocs\\grupocorein\\core\\vendor\\laravel\\framework\\src\\Illuminate\\View\\Middleware\\ShareErrorsFromSession.php(49): Illuminate\\Pipeline\\Pipeline->Illuminate\\Pipeline\\{closure}(Object(Illuminate\\Http\\Request))
#18 C:\\xampp\\htdocs\\grupocorein\\core\\vendor\\laravel\\framework\\src\\Illuminate\\Pipeline\\Pipeline.php(167): Illuminate\\View\\Middleware\\ShareErrorsFromSession->handle(Object(Illuminate\\Http\\Request), Object(Closure))
#19 C:\\xampp\\htdocs\\grupocorein\\core\\vendor\\laravel\\framework\\src\\Illuminate\\Session\\Middleware\\StartSession.php(116): Illuminate\\Pipeline\\Pipeline->Illuminate\\Pipeline\\{closure}(Object(Illuminate\\Http\\Request))
#20 C:\\xampp\\htdocs\\grupocorein\\core\\vendor\\laravel\\framework\\src\\Illuminate\\Session\\Middleware\\StartSession.php(62): Illuminate\\Session\\Middleware\\StartSession->handleStatefulRequest(Object(Illuminate\\Http\\Request), Object(Illuminate\\Session\\Store), Object(Closure))
#21 C:\\xampp\\htdocs\\grupocorein\\core\\vendor\\laravel\\framework\\src\\Illuminate\\Pipeline\\Pipeline.php(167): Illuminate\\Session\\Middleware\\StartSession->handle(Object(Illuminate\\Http\\Request), Object(Closure))
#22 C:\\xampp\\htdocs\\grupocorein\\core\\vendor\\laravel\\framework\\src\\Illuminate\\Cookie\\Middleware\\AddQueuedCookiesToResponse.php(37): Illuminate\\Pipeline\\Pipeline->Illuminate\\Pipeline\\{closure}(Object(Illuminate\\Http\\Request))
#23 C:\\xampp\\htdocs\\grupocorein\\core\\vendor\\laravel\\framework\\src\\Illuminate\\Pipeline\\Pipeline.php(167): Illuminate\\Cookie\\Middleware\\AddQueuedCookiesToResponse->handle(Object(Illuminate\\Http\\Request), Object(Closure))
#24 C:\\xampp\\htdocs\\grupocorein\\core\\vendor\\laravel\\framework\\src\\Illuminate\\Cookie\\Middleware\\EncryptCookies.php(67): Illuminate\\Pipeline\\Pipeline->Illuminate\\Pipeline\\{closure}(Object(Illuminate\\Http\\Request))
#25 C:\\xampp\\htdocs\\grupocorein\\core\\vendor\\laravel\\framework\\src\\Illuminate\\Pipeline\\Pipeline.php(167): Illuminate\\Cookie\\Middleware\\EncryptCookies->handle(Object(Illuminate\\Http\\Request), Object(Closure))
#26 C:\\xampp\\htdocs\\grupocorein\\core\\vendor\\laravel\\framework\\src\\Illuminate\\Pipeline\\Pipeline.php(103): Illuminate\\Pipeline\\Pipeline->Illuminate\\Pipeline\\{closure}(Object(Illuminate\\Http\\Request))
#27 C:\\xampp\\htdocs\\grupocorein\\core\\vendor\\laravel\\framework\\src\\Illuminate\\Routing\\Router.php(687): Illuminate\\Pipeline\\Pipeline->then(Object(Closure))
#28 C:\\xampp\\htdocs\\grupocorein\\core\\vendor\\laravel\\framework\\src\\Illuminate\\Routing\\Router.php(662): Illuminate\\Routing\\Router->runRouteWithinStack(Object(Illuminate\\Routing\\Route), Object(Illuminate\\Http\\Request))
#29 C:\\xampp\\htdocs\\grupocorein\\core\\vendor\\laravel\\framework\\src\\Illuminate\\Routing\\Router.php(628): Illuminate\\Routing\\Router->runRoute(Object(Illuminate\\Http\\Request), Object(Illuminate\\Routing\\Route))
#30 C:\\xampp\\htdocs\\grupocorein\\core\\vendor\\laravel\\framework\\src\\Illuminate\\Routing\\Router.php(617): Illuminate\\Routing\\Router->dispatchToRoute(Object(Illuminate\\Http\\Request))
#31 C:\\xampp\\htdocs\\grupocorein\\core\\vendor\\laravel\\framework\\src\\Illuminate\\Foundation\\Http\\Kernel.php(165): Illuminate\\Routing\\Router->dispatch(Object(Illuminate\\Http\\Request))
#32 C:\\xampp\\htdocs\\grupocorein\\core\\vendor\\laravel\\framework\\src\\Illuminate\\Pipeline\\Pipeline.php(128): Illuminate\\Foundation\\Http\\Kernel->Illuminate\\Foundation\\Http\\{closure}(Object(Illuminate\\Http\\Request))
#33 C:\\xampp\\htdocs\\grupocorein\\core\\vendor\\barryvdh\\laravel-debugbar\\src\\Middleware\\InjectDebugbar.php(66): Illuminate\\Pipeline\\Pipeline->Illuminate\\Pipeline\\{closure}(Object(Illuminate\\Http\\Request))
#34 C:\\xampp\\htdocs\\grupocorein\\core\\vendor\\laravel\\framework\\src\\Illuminate\\Pipeline\\Pipeline.php(167): Barryvdh\\Debugbar\\Middleware\\InjectDebugbar->handle(Object(Illuminate\\Http\\Request), Object(Closure))
#35 C:\\xampp\\htdocs\\grupocorein\\core\\vendor\\fideloper\\proxy\\src\\TrustProxies.php(57): Illuminate\\Pipeline\\Pipeline->Illuminate\\Pipeline\\{closure}(Object(Illuminate\\Http\\Request))
#36 C:\\xampp\\htdocs\\grupocorein\\core\\vendor\\laravel\\framework\\src\\Illuminate\\Pipeline\\Pipeline.php(167): Fideloper\\Proxy\\TrustProxies->handle(Object(Illuminate\\Http\\Request), Object(Closure))
#37 C:\\xampp\\htdocs\\grupocorein\\core\\vendor\\laravel\\framework\\src\\Illuminate\\Foundation\\Http\\Middleware\\TransformsRequest.php(21): Illuminate\\Pipeline\\Pipeline->Illuminate\\Pipeline\\{closure}(Object(Illuminate\\Http\\Request))
#38 C:\\xampp\\htdocs\\grupocorein\\core\\vendor\\laravel\\framework\\src\\Illuminate\\Pipeline\\Pipeline.php(167): Illuminate\\Foundation\\Http\\Middleware\\TransformsRequest->handle(Object(Illuminate\\Http\\Request), Object(Closure))
#39 C:\\xampp\\htdocs\\grupocorein\\core\\vendor\\laravel\\framework\\src\\Illuminate\\Foundation\\Http\\Middleware\\TransformsRequest.php(21): Illuminate\\Pipeline\\Pipeline->Illuminate\\Pipeline\\{closure}(Object(Illuminate\\Http\\Request))
#40 C:\\xampp\\htdocs\\grupocorein\\core\\vendor\\laravel\\framework\\src\\Illuminate\\Pipeline\\Pipeline.php(167): Illuminate\\Foundation\\Http\\Middleware\\TransformsRequest->handle(Object(Illuminate\\Http\\Request), Object(Closure))
#41 C:\\xampp\\htdocs\\grupocorein\\core\\vendor\\laravel\\framework\\src\\Illuminate\\Foundation\\Http\\Middleware\\ValidatePostSize.php(27): Illuminate\\Pipeline\\Pipeline->Illuminate\\Pipeline\\{closure}(Object(Illuminate\\Http\\Request))
#42 C:\\xampp\\htdocs\\grupocorein\\core\\vendor\\laravel\\framework\\src\\Illuminate\\Pipeline\\Pipeline.php(167): Illuminate\\Foundation\\Http\\Middleware\\ValidatePostSize->handle(Object(Illuminate\\Http\\Request), Object(Closure))
#43 C:\\xampp\\htdocs\\grupocorein\\core\\vendor\\laravel\\framework\\src\\Illuminate\\Foundation\\Http\\Middleware\\CheckForMaintenanceMode.php(63): Illuminate\\Pipeline\\Pipeline->Illuminate\\Pipeline\\{closure}(Object(Illuminate\\Http\\Request))
#44 C:\\xampp\\htdocs\\grupocorein\\core\\vendor\\laravel\\framework\\src\\Illuminate\\Pipeline\\Pipeline.php(167): Illuminate\\Foundation\\Http\\Middleware\\CheckForMaintenanceMode->handle(Object(Illuminate\\Http\\Request), Object(Closure))
#45 C:\\xampp\\htdocs\\grupocorein\\core\\vendor\\laravel\\framework\\src\\Illuminate\\Pipeline\\Pipeline.php(103): Illuminate\\Pipeline\\Pipeline->Illuminate\\Pipeline\\{closure}(Object(Illuminate\\Http\\Request))
#46 C:\\xampp\\htdocs\\grupocorein\\core\\vendor\\laravel\\framework\\src\\Illuminate\\Foundation\\Http\\Kernel.php(140): Illuminate\\Pipeline\\Pipeline->then(Object(Closure))
#47 C:\\xampp\\htdocs\\grupocorein\\core\\vendor\\laravel\\framework\\src\\Illuminate\\Foundation\\Http\\Kernel.php(109): Illuminate\\Foundation\\Http\\Kernel->sendRequestThroughRouter(Object(Illuminate\\Http\\Request))
#48 C:\\xampp\\htdocs\\grupocorein\\index.php(55): Illuminate\\Foundation\\Http\\Kernel->handle(Object(Illuminate\\Http\\Request))
#49 {main}
"} 
[2024-04-28 10:21:49] production.ERROR: SQLSTATE[HY000] [2002] No se puede establecer una conexión ya que el equipo de destino denegó expresamente dicha conexión.
 (SQL: select * from `settings` where `id` = 1 limit 1) {"exception":"[object] (Illuminate\\Database\\QueryException(code: 2002): SQLSTATE[HY000] [2002] No se puede establecer una conexión ya que el equipo de destino denegó expresamente dicha conexión.

 (SQL: select * from `settings` where `id` = 1 limit 1) at C:\\xampp\\htdocs\\grupocorein\\core\\vendor\\laravel\\framework\\src\\Illuminate\\Database\\Connection.php:671)
[stacktrace]
#0 C:\\xampp\\htdocs\\grupocorein\\core\\vendor\\laravel\\framework\\src\\Illuminate\\Database\\Connection.php(631): Illuminate\\Database\\Connection->runQueryCallback('select * from `...', Array, Object(Closure))
#1 C:\\xampp\\htdocs\\grupocorein\\core\\vendor\\laravel\\framework\\src\\Illuminate\\Database\\Connection.php(339): Illuminate\\Database\\Connection->run('select * from `...', Array, Object(Closure))
#2 C:\\xampp\\htdocs\\grupocorein\\core\\vendor\\laravel\\framework\\src\\Illuminate\\Database\\Query\\Builder.php(2270): Illuminate\\Database\\Connection->select('select * from `...', Array, true)
#3 C:\\xampp\\htdocs\\grupocorein\\core\\vendor\\laravel\\framework\\src\\Illuminate\\Database\\Query\\Builder.php(2258): Illuminate\\Database\\Query\\Builder->runSelect()
#4 C:\\xampp\\htdocs\\grupocorein\\core\\vendor\\laravel\\framework\\src\\Illuminate\\Database\\Query\\Builder.php(2753): Illuminate\\Database\\Query\\Builder->Illuminate\\Database\\Query\\{closure}()
#5 C:\\xampp\\htdocs\\grupocorein\\core\\vendor\\laravel\\framework\\src\\Illuminate\\Database\\Query\\Builder.php(2259): Illuminate\\Database\\Query\\Builder->onceWithColumns(Array, Object(Closure))
#6 C:\\xampp\\htdocs\\grupocorein\\core\\vendor\\laravel\\framework\\src\\Illuminate\\Database\\Concerns\\BuildsQueries.php(143): Illuminate\\Database\\Query\\Builder->get(Array)
#7 C:\\xampp\\htdocs\\grupocorein\\core\\vendor\\laravel\\framework\\src\\Illuminate\\Database\\Query\\Builder.php(2233): Illuminate\\Database\\Query\\Builder->first(Array)
#8 C:\\xampp\\htdocs\\grupocorein\\core\\app\\Providers\\AppServiceProvider.php(17): Illuminate\\Database\\Query\\Builder->find(1)
#9 C:\\xampp\\htdocs\\grupocorein\\core\\vendor\\laravel\\framework\\src\\Illuminate\\View\\Concerns\\ManagesEvents.php(162): App\\Providers\\AppServiceProvider->App\\Providers\\{closure}(Object(Illuminate\\View\\View))
#10 C:\\xampp\\htdocs\\grupocorein\\core\\vendor\\laravel\\framework\\src\\Illuminate\\Events\\Dispatcher.php(378): Illuminate\\View\\Factory->Illuminate\\View\\Concerns\\{closure}('composing: erro...', Array)
#11 C:\\xampp\\htdocs\\grupocorein\\core\\vendor\\laravel\\framework\\src\\Illuminate\\Events\\Dispatcher.php(226): Illuminate\\Events\\Dispatcher->Illuminate\\Events\\{closure}('composing: erro...', Array)
#12 C:\\xampp\\htdocs\\grupocorein\\core\\vendor\\laravel\\framework\\src\\Illuminate\\View\\Concerns\\ManagesEvents.php(177): Illuminate\\Events\\Dispatcher->dispatch('composing: erro...', Array)
#13 C:\\xampp\\htdocs\\grupocorein\\core\\vendor\\laravel\\framework\\src\\Illuminate\\View\\View.php(120): Illuminate\\View\\Factory->callComposer(Object(Illuminate\\View\\View))
#14 C:\\xampp\\htdocs\\grupocorein\\core\\vendor\\laravel\\framework\\src\\Illuminate\\View\\View.php(91): Illuminate\\View\\View->renderContents()
#15 C:\\xampp\\htdocs\\grupocorein\\core\\vendor\\laravel\\framework\\src\\Illuminate\\Http\\Response.php(62): Illuminate\\View\\View->render()
#16 C:\\xampp\\htdocs\\grupocorein\\core\\vendor\\laravel\\framework\\src\\Illuminate\\Http\\Response.php(34): Illuminate\\Http\\Response->setContent(Object(Illuminate\\View\\View))
#17 C:\\xampp\\htdocs\\grupocorein\\core\\vendor\\laravel\\framework\\src\\Illuminate\\Routing\\ResponseFactory.php(55): Illuminate\\Http\\Response->__construct(Object(Illuminate\\View\\View), 404, Array)
#18 C:\\xampp\\htdocs\\grupocorein\\core\\vendor\\laravel\\framework\\src\\Illuminate\\Routing\\ResponseFactory.php(85): Illuminate\\Routing\\ResponseFactory->make(Object(Illuminate\\View\\View), 404, Array)
#19 C:\\xampp\\htdocs\\grupocorein\\core\\vendor\\laravel\\framework\\src\\Illuminate\\Foundation\\Exceptions\\Handler.php(409): Illuminate\\Routing\\ResponseFactory->view('errors::404', Array, 404, Array)
#20 C:\\xampp\\htdocs\\grupocorein\\core\\vendor\\laravel\\framework\\src\\Illuminate\\Foundation\\Exceptions\\Handler.php(314): Illuminate\\Foundation\\Exceptions\\Handler->renderHttpException(Object(Symfony\\Component\\HttpKernel\\Exception\\NotFoundHttpException))
#21 C:\\xampp\\htdocs\\grupocorein\\core\\vendor\\laravel\\framework\\src\\Illuminate\\Foundation\\Exceptions\\Handler.php(211): Illuminate\\Foundation\\Exceptions\\Handler->prepareResponse(Object(Illuminate\\Http\\Request), Object(Symfony\\Component\\HttpKernel\\Exception\\NotFoundHttpException))
#22 C:\\xampp\\htdocs\\grupocorein\\core\\app\\Exceptions\\Handler.php(58): Illuminate\\Foundation\\Exceptions\\Handler->render(Object(Illuminate\\Http\\Request), Object(Symfony\\Component\\HttpKernel\\Exception\\NotFoundHttpException))
#23 C:\\xampp\\htdocs\\grupocorein\\core\\vendor\\laravel\\framework\\src\\Illuminate\\Routing\\Pipeline.php(51): App\\Exceptions\\Handler->render(Object(Illuminate\\Http\\Request), Object(Symfony\\Component\\HttpKernel\\Exception\\NotFoundHttpException))
#24 C:\\xampp\\htdocs\\grupocorein\\core\\vendor\\laravel\\framework\\src\\Illuminate\\Pipeline\\Pipeline.php(130): Illuminate\\Routing\\Pipeline->handleException(Object(Illuminate\\Http\\Request), Object(Symfony\\Component\\HttpKernel\\Exception\\NotFoundHttpException))
#25 C:\\xampp\\htdocs\\grupocorein\\core\\vendor\\barryvdh\\laravel-debugbar\\src\\Middleware\\InjectDebugbar.php(59): Illuminate\\Pipeline\\Pipeline->Illuminate\\Pipeline\\{closure}(Object(Illuminate\\Http\\Request))
#26 C:\\xampp\\htdocs\\grupocorein\\core\\vendor\\laravel\\framework\\src\\Illuminate\\Pipeline\\Pipeline.php(167): Barryvdh\\Debugbar\\Middleware\\InjectDebugbar->handle(Object(Illuminate\\Http\\Request), Object(Closure))
#27 C:\\xampp\\htdocs\\grupocorein\\core\\vendor\\fideloper\\proxy\\src\\TrustProxies.php(57): Illuminate\\Pipeline\\Pipeline->Illuminate\\Pipeline\\{closure}(Object(Illuminate\\Http\\Request))
#28 C:\\xampp\\htdocs\\grupocorein\\core\\vendor\\laravel\\framework\\src\\Illuminate\\Pipeline\\Pipeline.php(167): Fideloper\\Proxy\\TrustProxies->handle(Object(Illuminate\\Http\\Request), Object(Closure))
#29 C:\\xampp\\htdocs\\grupocorein\\core\\vendor\\laravel\\framework\\src\\Illuminate\\Foundation\\Http\\Middleware\\TransformsRequest.php(21): Illuminate\\Pipeline\\Pipeline->Illuminate\\Pipeline\\{closure}(Object(Illuminate\\Http\\Request))
#30 C:\\xampp\\htdocs\\grupocorein\\core\\vendor\\laravel\\framework\\src\\Illuminate\\Pipeline\\Pipeline.php(167): Illuminate\\Foundation\\Http\\Middleware\\TransformsRequest->handle(Object(Illuminate\\Http\\Request), Object(Closure))
#31 C:\\xampp\\htdocs\\grupocorein\\core\\vendor\\laravel\\framework\\src\\Illuminate\\Foundation\\Http\\Middleware\\TransformsRequest.php(21): Illuminate\\Pipeline\\Pipeline->Illuminate\\Pipeline\\{closure}(Object(Illuminate\\Http\\Request))
#32 C:\\xampp\\htdocs\\grupocorein\\core\\vendor\\laravel\\framework\\src\\Illuminate\\Pipeline\\Pipeline.php(167): Illuminate\\Foundation\\Http\\Middleware\\TransformsRequest->handle(Object(Illuminate\\Http\\Request), Object(Closure))
#33 C:\\xampp\\htdocs\\grupocorein\\core\\vendor\\laravel\\framework\\src\\Illuminate\\Foundation\\Http\\Middleware\\ValidatePostSize.php(27): Illuminate\\Pipeline\\Pipeline->Illuminate\\Pipeline\\{closure}(Object(Illuminate\\Http\\Request))
#34 C:\\xampp\\htdocs\\grupocorein\\core\\vendor\\laravel\\framework\\src\\Illuminate\\Pipeline\\Pipeline.php(167): Illuminate\\Foundation\\Http\\Middleware\\ValidatePostSize->handle(Object(Illuminate\\Http\\Request), Object(Closure))
#35 C:\\xampp\\htdocs\\grupocorein\\core\\vendor\\laravel\\framework\\src\\Illuminate\\Foundation\\Http\\Middleware\\CheckForMaintenanceMode.php(63): Illuminate\\Pipeline\\Pipeline->Illuminate\\Pipeline\\{closure}(Object(Illuminate\\Http\\Request))
#36 C:\\xampp\\htdocs\\grupocorein\\core\\vendor\\laravel\\framework\\src\\Illuminate\\Pipeline\\Pipeline.php(167): Illuminate\\Foundation\\Http\\Middleware\\CheckForMaintenanceMode->handle(Object(Illuminate\\Http\\Request), Object(Closure))
#37 C:\\xampp\\htdocs\\grupocorein\\core\\vendor\\laravel\\framework\\src\\Illuminate\\Pipeline\\Pipeline.php(103): Illuminate\\Pipeline\\Pipeline->Illuminate\\Pipeline\\{closure}(Object(Illuminate\\Http\\Request))
#38 C:\\xampp\\htdocs\\grupocorein\\core\\vendor\\laravel\\framework\\src\\Illuminate\\Foundation\\Http\\Kernel.php(140): Illuminate\\Pipeline\\Pipeline->then(Object(Closure))
#39 C:\\xampp\\htdocs\\grupocorein\\core\\vendor\\laravel\\framework\\src\\Illuminate\\Foundation\\Http\\Kernel.php(109): Illuminate\\Foundation\\Http\\Kernel->sendRequestThroughRouter(Object(Illuminate\\Http\\Request))
#40 C:\\xampp\\htdocs\\grupocorein\\index.php(55): Illuminate\\Foundation\\Http\\Kernel->handle(Object(Illuminate\\Http\\Request))
#41 {main}

[previous exception] [object] (Doctrine\\DBAL\\Driver\\PDO\\Exception(code: 2002): SQLSTATE[HY000] [2002] No se puede establecer una conexión ya que el equipo de destino denegó expresamente dicha conexión.

 at C:\\xampp\\htdocs\\grupocorein\\core\\vendor\\doctrine\\dbal\\lib\\Doctrine\\DBAL\\Driver\\PDO\\Exception.php:18)
[stacktrace]
#0 C:\\xampp\\htdocs\\grupocorein\\core\\vendor\\doctrine\\dbal\\lib\\Doctrine\\DBAL\\Driver\\PDOConnection.php(44): Doctrine\\DBAL\\Driver\\PDO\\Exception::new(Object(PDOException))
#1 C:\\xampp\\htdocs\\grupocorein\\core\\vendor\\laravel\\framework\\src\\Illuminate\\Database\\Connectors\\Connector.php(67): Doctrine\\DBAL\\Driver\\PDOConnection->__construct('mysql:host=127....', 'forge', '', Array)
#2 C:\\xampp\\htdocs\\grupocorein\\core\\vendor\\laravel\\framework\\src\\Illuminate\\Database\\Connectors\\Connector.php(46): Illuminate\\Database\\Connectors\\Connector->createPdoConnection('mysql:host=127....', 'forge', '', Array)
#3 C:\\xampp\\htdocs\\grupocorein\\core\\vendor\\laravel\\framework\\src\\Illuminate\\Database\\Connectors\\MySqlConnector.php(24): Illuminate\\Database\\Connectors\\Connector->createConnection('mysql:host=127....', Array, Array)
#4 C:\\xampp\\htdocs\\grupocorein\\core\\vendor\\laravel\\framework\\src\\Illuminate\\Database\\Connectors\\ConnectionFactory.php(184): Illuminate\\Database\\Connectors\\MySqlConnector->connect(Array)
#5 [internal function]: Illuminate\\Database\\Connectors\\ConnectionFactory->Illuminate\\Database\\Connectors\\{closure}()
#6 C:\\xampp\\htdocs\\grupocorein\\core\\vendor\\laravel\\framework\\src\\Illuminate\\Database\\Connection.php(926): call_user_func(Object(Closure))
#7 C:\\xampp\\htdocs\\grupocorein\\core\\vendor\\laravel\\framework\\src\\Illuminate\\Database\\Connection.php(961): Illuminate\\Database\\Connection->getPdo()
#8 C:\\xampp\\htdocs\\grupocorein\\core\\vendor\\laravel\\framework\\src\\Illuminate\\Database\\Connection.php(405): Illuminate\\Database\\Connection->getReadPdo()
#9 C:\\xampp\\htdocs\\grupocorein\\core\\vendor\\laravel\\framework\\src\\Illuminate\\Database\\Connection.php(331): Illuminate\\Database\\Connection->getPdoForSelect(true)
#10 C:\\xampp\\htdocs\\grupocorein\\core\\vendor\\laravel\\framework\\src\\Illuminate\\Database\\Connection.php(664): Illuminate\\Database\\Connection->Illuminate\\Database\\{closure}('select * from `...', Array)
#11 C:\\xampp\\htdocs\\grupocorein\\core\\vendor\\laravel\\framework\\src\\Illuminate\\Database\\Connection.php(631): Illuminate\\Database\\Connection->runQueryCallback('select * from `...', Array, Object(Closure))
#12 C:\\xampp\\htdocs\\grupocorein\\core\\vendor\\laravel\\framework\\src\\Illuminate\\Database\\Connection.php(339): Illuminate\\Database\\Connection->run('select * from `...', Array, Object(Closure))
#13 C:\\xampp\\htdocs\\grupocorein\\core\\vendor\\laravel\\framework\\src\\Illuminate\\Database\\Query\\Builder.php(2270): Illuminate\\Database\\Connection->select('select * from `...', Array, true)
#14 C:\\xampp\\htdocs\\grupocorein\\core\\vendor\\laravel\\framework\\src\\Illuminate\\Database\\Query\\Builder.php(2258): Illuminate\\Database\\Query\\Builder->runSelect()
#15 C:\\xampp\\htdocs\\grupocorein\\core\\vendor\\laravel\\framework\\src\\Illuminate\\Database\\Query\\Builder.php(2753): Illuminate\\Database\\Query\\Builder->Illuminate\\Database\\Query\\{closure}()
#16 C:\\xampp\\htdocs\\grupocorein\\core\\vendor\\laravel\\framework\\src\\Illuminate\\Database\\Query\\Builder.php(2259): Illuminate\\Database\\Query\\Builder->onceWithColumns(Array, Object(Closure))
#17 C:\\xampp\\htdocs\\grupocorein\\core\\vendor\\laravel\\framework\\src\\Illuminate\\Database\\Concerns\\BuildsQueries.php(143): Illuminate\\Database\\Query\\Builder->get(Array)
#18 C:\\xampp\\htdocs\\grupocorein\\core\\vendor\\laravel\\framework\\src\\Illuminate\\Database\\Query\\Builder.php(2233): Illuminate\\Database\\Query\\Builder->first(Array)
#19 C:\\xampp\\htdocs\\grupocorein\\core\\app\\Providers\\AppServiceProvider.php(17): Illuminate\\Database\\Query\\Builder->find(1)
#20 C:\\xampp\\htdocs\\grupocorein\\core\\vendor\\laravel\\framework\\src\\Illuminate\\View\\Concerns\\ManagesEvents.php(162): App\\Providers\\AppServiceProvider->App\\Providers\\{closure}(Object(Illuminate\\View\\View))
#21 C:\\xampp\\htdocs\\grupocorein\\core\\vendor\\laravel\\framework\\src\\Illuminate\\Events\\Dispatcher.php(378): Illuminate\\View\\Factory->Illuminate\\View\\Concerns\\{closure}('composing: erro...', Array)
#22 C:\\xampp\\htdocs\\grupocorein\\core\\vendor\\laravel\\framework\\src\\Illuminate\\Events\\Dispatcher.php(226): Illuminate\\Events\\Dispatcher->Illuminate\\Events\\{closure}('composing: erro...', Array)
#23 C:\\xampp\\htdocs\\grupocorein\\core\\vendor\\laravel\\framework\\src\\Illuminate\\View\\Concerns\\ManagesEvents.php(177): Illuminate\\Events\\Dispatcher->dispatch('composing: erro...', Array)
#24 C:\\xampp\\htdocs\\grupocorein\\core\\vendor\\laravel\\framework\\src\\Illuminate\\View\\View.php(120): Illuminate\\View\\Factory->callComposer(Object(Illuminate\\View\\View))
#25 C:\\xampp\\htdocs\\grupocorein\\core\\vendor\\laravel\\framework\\src\\Illuminate\\View\\View.php(91): Illuminate\\View\\View->renderContents()
#26 C:\\xampp\\htdocs\\grupocorein\\core\\vendor\\laravel\\framework\\src\\Illuminate\\Http\\Response.php(62): Illuminate\\View\\View->render()
#27 C:\\xampp\\htdocs\\grupocorein\\core\\vendor\\laravel\\framework\\src\\Illuminate\\Http\\Response.php(34): Illuminate\\Http\\Response->setContent(Object(Illuminate\\View\\View))
#28 C:\\xampp\\htdocs\\grupocorein\\core\\vendor\\laravel\\framework\\src\\Illuminate\\Routing\\ResponseFactory.php(55): Illuminate\\Http\\Response->__construct(Object(Illuminate\\View\\View), 404, Array)
#29 C:\\xampp\\htdocs\\grupocorein\\core\\vendor\\laravel\\framework\\src\\Illuminate\\Routing\\ResponseFactory.php(85): Illuminate\\Routing\\ResponseFactory->make(Object(Illuminate\\View\\View), 404, Array)
#30 C:\\xampp\\htdocs\\grupocorein\\core\\vendor\\laravel\\framework\\src\\Illuminate\\Foundation\\Exceptions\\Handler.php(409): Illuminate\\Routing\\ResponseFactory->view('errors::404', Array, 404, Array)
#31 C:\\xampp\\htdocs\\grupocorein\\core\\vendor\\laravel\\framework\\src\\Illuminate\\Foundation\\Exceptions\\Handler.php(314): Illuminate\\Foundation\\Exceptions\\Handler->renderHttpException(Object(Symfony\\Component\\HttpKernel\\Exception\\NotFoundHttpException))
#32 C:\\xampp\\htdocs\\grupocorein\\core\\vendor\\laravel\\framework\\src\\Illuminate\\Foundation\\Exceptions\\Handler.php(211): Illuminate\\Foundation\\Exceptions\\Handler->prepareResponse(Object(Illuminate\\Http\\Request), Object(Symfony\\Component\\HttpKernel\\Exception\\NotFoundHttpException))
#33 C:\\xampp\\htdocs\\grupocorein\\core\\app\\Exceptions\\Handler.php(58): Illuminate\\Foundation\\Exceptions\\Handler->render(Object(Illuminate\\Http\\Request), Object(Symfony\\Component\\HttpKernel\\Exception\\NotFoundHttpException))
#34 C:\\xampp\\htdocs\\grupocorein\\core\\vendor\\laravel\\framework\\src\\Illuminate\\Routing\\Pipeline.php(51): App\\Exceptions\\Handler->render(Object(Illuminate\\Http\\Request), Object(Symfony\\Component\\HttpKernel\\Exception\\NotFoundHttpException))
#35 C:\\xampp\\htdocs\\grupocorein\\core\\vendor\\laravel\\framework\\src\\Illuminate\\Pipeline\\Pipeline.php(130): Illuminate\\Routing\\Pipeline->handleException(Object(Illuminate\\Http\\Request), Object(Symfony\\Component\\HttpKernel\\Exception\\NotFoundHttpException))
#36 C:\\xampp\\htdocs\\grupocorein\\core\\vendor\\barryvdh\\laravel-debugbar\\src\\Middleware\\InjectDebugbar.php(59): Illuminate\\Pipeline\\Pipeline->Illuminate\\Pipeline\\{closure}(Object(Illuminate\\Http\\Request))
#37 C:\\xampp\\htdocs\\grupocorein\\core\\vendor\\laravel\\framework\\src\\Illuminate\\Pipeline\\Pipeline.php(167): Barryvdh\\Debugbar\\Middleware\\InjectDebugbar->handle(Object(Illuminate\\Http\\Request), Object(Closure))
#38 C:\\xampp\\htdocs\\grupocorein\\core\\vendor\\fideloper\\proxy\\src\\TrustProxies.php(57): Illuminate\\Pipeline\\Pipeline->Illuminate\\Pipeline\\{closure}(Object(Illuminate\\Http\\Request))
#39 C:\\xampp\\htdocs\\grupocorein\\core\\vendor\\laravel\\framework\\src\\Illuminate\\Pipeline\\Pipeline.php(167): Fideloper\\Proxy\\TrustProxies->handle(Object(Illuminate\\Http\\Request), Object(Closure))
#40 C:\\xampp\\htdocs\\grupocorein\\core\\vendor\\laravel\\framework\\src\\Illuminate\\Foundation\\Http\\Middleware\\TransformsRequest.php(21): Illuminate\\Pipeline\\Pipeline->Illuminate\\Pipeline\\{closure}(Object(Illuminate\\Http\\Request))
#41 C:\\xampp\\htdocs\\grupocorein\\core\\vendor\\laravel\\framework\\src\\Illuminate\\Pipeline\\Pipeline.php(167): Illuminate\\Foundation\\Http\\Middleware\\TransformsRequest->handle(Object(Illuminate\\Http\\Request), Object(Closure))
#42 C:\\xampp\\htdocs\\grupocorein\\core\\vendor\\laravel\\framework\\src\\Illuminate\\Foundation\\Http\\Middleware\\TransformsRequest.php(21): Illuminate\\Pipeline\\Pipeline->Illuminate\\Pipeline\\{closure}(Object(Illuminate\\Http\\Request))
#43 C:\\xampp\\htdocs\\grupocorein\\core\\vendor\\laravel\\framework\\src\\Illuminate\\Pipeline\\Pipeline.php(167): Illuminate\\Foundation\\Http\\Middleware\\TransformsRequest->handle(Object(Illuminate\\Http\\Request), Object(Closure))
#44 C:\\xampp\\htdocs\\grupocorein\\core\\vendor\\laravel\\framework\\src\\Illuminate\\Foundation\\Http\\Middleware\\ValidatePostSize.php(27): Illuminate\\Pipeline\\Pipeline->Illuminate\\Pipeline\\{closure}(Object(Illuminate\\Http\\Request))
#45 C:\\xampp\\htdocs\\grupocorein\\core\\vendor\\laravel\\framework\\src\\Illuminate\\Pipeline\\Pipeline.php(167): Illuminate\\Foundation\\Http\\Middleware\\ValidatePostSize->handle(Object(Illuminate\\Http\\Request), Object(Closure))
#46 C:\\xampp\\htdocs\\grupocorein\\core\\vendor\\laravel\\framework\\src\\Illuminate\\Foundation\\Http\\Middleware\\CheckForMaintenanceMode.php(63): Illuminate\\Pipeline\\Pipeline->Illuminate\\Pipeline\\{closure}(Object(Illuminate\\Http\\Request))
#47 C:\\xampp\\htdocs\\grupocorein\\core\\vendor\\laravel\\framework\\src\\Illuminate\\Pipeline\\Pipeline.php(167): Illuminate\\Foundation\\Http\\Middleware\\CheckForMaintenanceMode->handle(Object(Illuminate\\Http\\Request), Object(Closure))
#48 C:\\xampp\\htdocs\\grupocorein\\core\\vendor\\laravel\\framework\\src\\Illuminate\\Pipeline\\Pipeline.php(103): Illuminate\\Pipeline\\Pipeline->Illuminate\\Pipeline\\{closure}(Object(Illuminate\\Http\\Request))
#49 C:\\xampp\\htdocs\\grupocorein\\core\\vendor\\laravel\\framework\\src\\Illuminate\\Foundation\\Http\\Kernel.php(140): Illuminate\\Pipeline\\Pipeline->then(Object(Closure))
#50 C:\\xampp\\htdocs\\grupocorein\\core\\vendor\\laravel\\framework\\src\\Illuminate\\Foundation\\Http\\Kernel.php(109): Illuminate\\Foundation\\Http\\Kernel->sendRequestThroughRouter(Object(Illuminate\\Http\\Request))
#51 C:\\xampp\\htdocs\\grupocorein\\index.php(55): Illuminate\\Foundation\\Http\\Kernel->handle(Object(Illuminate\\Http\\Request))
#52 {main}

[previous exception] [object] (PDOException(code: 2002): SQLSTATE[HY000] [2002] No se puede establecer una conexión ya que el equipo de destino denegó expresamente dicha conexión.

 at C:\\xampp\\htdocs\\grupocorein\\core\\vendor\\doctrine\\dbal\\lib\\Doctrine\\DBAL\\Driver\\PDOConnection.php:40)
[stacktrace]
#0 C:\\xampp\\htdocs\\grupocorein\\core\\vendor\\doctrine\\dbal\\lib\\Doctrine\\DBAL\\Driver\\PDOConnection.php(40): PDO->__construct('mysql:host=127....', 'forge', '', Array)
#1 C:\\xampp\\htdocs\\grupocorein\\core\\vendor\\laravel\\framework\\src\\Illuminate\\Database\\Connectors\\Connector.php(67): Doctrine\\DBAL\\Driver\\PDOConnection->__construct('mysql:host=127....', 'forge', '', Array)
#2 C:\\xampp\\htdocs\\grupocorein\\core\\vendor\\laravel\\framework\\src\\Illuminate\\Database\\Connectors\\Connector.php(46): Illuminate\\Database\\Connectors\\Connector->createPdoConnection('mysql:host=127....', 'forge', '', Array)
#3 C:\\xampp\\htdocs\\grupocorein\\core\\vendor\\laravel\\framework\\src\\Illuminate\\Database\\Connectors\\MySqlConnector.php(24): Illuminate\\Database\\Connectors\\Connector->createConnection('mysql:host=127....', Array, Array)
#4 C:\\xampp\\htdocs\\grupocorein\\core\\vendor\\laravel\\framework\\src\\Illuminate\\Database\\Connectors\\ConnectionFactory.php(184): Illuminate\\Database\\Connectors\\MySqlConnector->connect(Array)
#5 [internal function]: Illuminate\\Database\\Connectors\\ConnectionFactory->Illuminate\\Database\\Connectors\\{closure}()
#6 C:\\xampp\\htdocs\\grupocorein\\core\\vendor\\laravel\\framework\\src\\Illuminate\\Database\\Connection.php(926): call_user_func(Object(Closure))
#7 C:\\xampp\\htdocs\\grupocorein\\core\\vendor\\laravel\\framework\\src\\Illuminate\\Database\\Connection.php(961): Illuminate\\Database\\Connection->getPdo()
#8 C:\\xampp\\htdocs\\grupocorein\\core\\vendor\\laravel\\framework\\src\\Illuminate\\Database\\Connection.php(405): Illuminate\\Database\\Connection->getReadPdo()
#9 C:\\xampp\\htdocs\\grupocorein\\core\\vendor\\laravel\\framework\\src\\Illuminate\\Database\\Connection.php(331): Illuminate\\Database\\Connection->getPdoForSelect(true)
#10 C:\\xampp\\htdocs\\grupocorein\\core\\vendor\\laravel\\framework\\src\\Illuminate\\Database\\Connection.php(664): Illuminate\\Database\\Connection->Illuminate\\Database\\{closure}('select * from `...', Array)
#11 C:\\xampp\\htdocs\\grupocorein\\core\\vendor\\laravel\\framework\\src\\Illuminate\\Database\\Connection.php(631): Illuminate\\Database\\Connection->runQueryCallback('select * from `...', Array, Object(Closure))
#12 C:\\xampp\\htdocs\\grupocorein\\core\\vendor\\laravel\\framework\\src\\Illuminate\\Database\\Connection.php(339): Illuminate\\Database\\Connection->run('select * from `...', Array, Object(Closure))
#13 C:\\xampp\\htdocs\\grupocorein\\core\\vendor\\laravel\\framework\\src\\Illuminate\\Database\\Query\\Builder.php(2270): Illuminate\\Database\\Connection->select('select * from `...', Array, true)
#14 C:\\xampp\\htdocs\\grupocorein\\core\\vendor\\laravel\\framework\\src\\Illuminate\\Database\\Query\\Builder.php(2258): Illuminate\\Database\\Query\\Builder->runSelect()
#15 C:\\xampp\\htdocs\\grupocorein\\core\\vendor\\laravel\\framework\\src\\Illuminate\\Database\\Query\\Builder.php(2753): Illuminate\\Database\\Query\\Builder->Illuminate\\Database\\Query\\{closure}()
#16 C:\\xampp\\htdocs\\grupocorein\\core\\vendor\\laravel\\framework\\src\\Illuminate\\Database\\Query\\Builder.php(2259): Illuminate\\Database\\Query\\Builder->onceWithColumns(Array, Object(Closure))
#17 C:\\xampp\\htdocs\\grupocorein\\core\\vendor\\laravel\\framework\\src\\Illuminate\\Database\\Concerns\\BuildsQueries.php(143): Illuminate\\Database\\Query\\Builder->get(Array)
#18 C:\\xampp\\htdocs\\grupocorein\\core\\vendor\\laravel\\framework\\src\\Illuminate\\Database\\Query\\Builder.php(2233): Illuminate\\Database\\Query\\Builder->first(Array)
#19 C:\\xampp\\htdocs\\grupocorein\\core\\app\\Providers\\AppServiceProvider.php(17): Illuminate\\Database\\Query\\Builder->find(1)
#20 C:\\xampp\\htdocs\\grupocorein\\core\\vendor\\laravel\\framework\\src\\Illuminate\\View\\Concerns\\ManagesEvents.php(162): App\\Providers\\AppServiceProvider->App\\Providers\\{closure}(Object(Illuminate\\View\\View))
#21 C:\\xampp\\htdocs\\grupocorein\\core\\vendor\\laravel\\framework\\src\\Illuminate\\Events\\Dispatcher.php(378): Illuminate\\View\\Factory->Illuminate\\View\\Concerns\\{closure}('composing: erro...', Array)
#22 C:\\xampp\\htdocs\\grupocorein\\core\\vendor\\laravel\\framework\\src\\Illuminate\\Events\\Dispatcher.php(226): Illuminate\\Events\\Dispatcher->Illuminate\\Events\\{closure}('composing: erro...', Array)
#23 C:\\xampp\\htdocs\\grupocorein\\core\\vendor\\laravel\\framework\\src\\Illuminate\\View\\Concerns\\ManagesEvents.php(177): Illuminate\\Events\\Dispatcher->dispatch('composing: erro...', Array)
#24 C:\\xampp\\htdocs\\grupocorein\\core\\vendor\\laravel\\framework\\src\\Illuminate\\View\\View.php(120): Illuminate\\View\\Factory->callComposer(Object(Illuminate\\View\\View))
#25 C:\\xampp\\htdocs\\grupocorein\\core\\vendor\\laravel\\framework\\src\\Illuminate\\View\\View.php(91): Illuminate\\View\\View->renderContents()
#26 C:\\xampp\\htdocs\\grupocorein\\core\\vendor\\laravel\\framework\\src\\Illuminate\\Http\\Response.php(62): Illuminate\\View\\View->render()
#27 C:\\xampp\\htdocs\\grupocorein\\core\\vendor\\laravel\\framework\\src\\Illuminate\\Http\\Response.php(34): Illuminate\\Http\\Response->setContent(Object(Illuminate\\View\\View))
#28 C:\\xampp\\htdocs\\grupocorein\\core\\vendor\\laravel\\framework\\src\\Illuminate\\Routing\\ResponseFactory.php(55): Illuminate\\Http\\Response->__construct(Object(Illuminate\\View\\View), 404, Array)
#29 C:\\xampp\\htdocs\\grupocorein\\core\\vendor\\laravel\\framework\\src\\Illuminate\\Routing\\ResponseFactory.php(85): Illuminate\\Routing\\ResponseFactory->make(Object(Illuminate\\View\\View), 404, Array)
#30 C:\\xampp\\htdocs\\grupocorein\\core\\vendor\\laravel\\framework\\src\\Illuminate\\Foundation\\Exceptions\\Handler.php(409): Illuminate\\Routing\\ResponseFactory->view('errors::404', Array, 404, Array)
#31 C:\\xampp\\htdocs\\grupocorein\\core\\vendor\\laravel\\framework\\src\\Illuminate\\Foundation\\Exceptions\\Handler.php(314): Illuminate\\Foundation\\Exceptions\\Handler->renderHttpException(Object(Symfony\\Component\\HttpKernel\\Exception\\NotFoundHttpException))
#32 C:\\xampp\\htdocs\\grupocorein\\core\\vendor\\laravel\\framework\\src\\Illuminate\\Foundation\\Exceptions\\Handler.php(211): Illuminate\\Foundation\\Exceptions\\Handler->prepareResponse(Object(Illuminate\\Http\\Request), Object(Symfony\\Component\\HttpKernel\\Exception\\NotFoundHttpException))
#33 C:\\xampp\\htdocs\\grupocorein\\core\\app\\Exceptions\\Handler.php(58): Illuminate\\Foundation\\Exceptions\\Handler->render(Object(Illuminate\\Http\\Request), Object(Symfony\\Component\\HttpKernel\\Exception\\NotFoundHttpException))
#34 C:\\xampp\\htdocs\\grupocorein\\core\\vendor\\laravel\\framework\\src\\Illuminate\\Routing\\Pipeline.php(51): App\\Exceptions\\Handler->render(Object(Illuminate\\Http\\Request), Object(Symfony\\Component\\HttpKernel\\Exception\\NotFoundHttpException))
#35 C:\\xampp\\htdocs\\grupocorein\\core\\vendor\\laravel\\framework\\src\\Illuminate\\Pipeline\\Pipeline.php(130): Illuminate\\Routing\\Pipeline->handleException(Object(Illuminate\\Http\\Request), Object(Symfony\\Component\\HttpKernel\\Exception\\NotFoundHttpException))
#36 C:\\xampp\\htdocs\\grupocorein\\core\\vendor\\barryvdh\\laravel-debugbar\\src\\Middleware\\InjectDebugbar.php(59): Illuminate\\Pipeline\\Pipeline->Illuminate\\Pipeline\\{closure}(Object(Illuminate\\Http\\Request))
#37 C:\\xampp\\htdocs\\grupocorein\\core\\vendor\\laravel\\framework\\src\\Illuminate\\Pipeline\\Pipeline.php(167): Barryvdh\\Debugbar\\Middleware\\InjectDebugbar->handle(Object(Illuminate\\Http\\Request), Object(Closure))
#38 C:\\xampp\\htdocs\\grupocorein\\core\\vendor\\fideloper\\proxy\\src\\TrustProxies.php(57): Illuminate\\Pipeline\\Pipeline->Illuminate\\Pipeline\\{closure}(Object(Illuminate\\Http\\Request))
#39 C:\\xampp\\htdocs\\grupocorein\\core\\vendor\\laravel\\framework\\src\\Illuminate\\Pipeline\\Pipeline.php(167): Fideloper\\Proxy\\TrustProxies->handle(Object(Illuminate\\Http\\Request), Object(Closure))
#40 C:\\xampp\\htdocs\\grupocorein\\core\\vendor\\laravel\\framework\\src\\Illuminate\\Foundation\\Http\\Middleware\\TransformsRequest.php(21): Illuminate\\Pipeline\\Pipeline->Illuminate\\Pipeline\\{closure}(Object(Illuminate\\Http\\Request))
#41 C:\\xampp\\htdocs\\grupocorein\\core\\vendor\\laravel\\framework\\src\\Illuminate\\Pipeline\\Pipeline.php(167): Illuminate\\Foundation\\Http\\Middleware\\TransformsRequest->handle(Object(Illuminate\\Http\\Request), Object(Closure))
#42 C:\\xampp\\htdocs\\grupocorein\\core\\vendor\\laravel\\framework\\src\\Illuminate\\Foundation\\Http\\Middleware\\TransformsRequest.php(21): Illuminate\\Pipeline\\Pipeline->Illuminate\\Pipeline\\{closure}(Object(Illuminate\\Http\\Request))
#43 C:\\xampp\\htdocs\\grupocorein\\core\\vendor\\laravel\\framework\\src\\Illuminate\\Pipeline\\Pipeline.php(167): Illuminate\\Foundation\\Http\\Middleware\\TransformsRequest->handle(Object(Illuminate\\Http\\Request), Object(Closure))
#44 C:\\xampp\\htdocs\\grupocorein\\core\\vendor\\laravel\\framework\\src\\Illuminate\\Foundation\\Http\\Middleware\\ValidatePostSize.php(27): Illuminate\\Pipeline\\Pipeline->Illuminate\\Pipeline\\{closure}(Object(Illuminate\\Http\\Request))
#45 C:\\xampp\\htdocs\\grupocorein\\core\\vendor\\laravel\\framework\\src\\Illuminate\\Pipeline\\Pipeline.php(167): Illuminate\\Foundation\\Http\\Middleware\\ValidatePostSize->handle(Object(Illuminate\\Http\\Request), Object(Closure))
#46 C:\\xampp\\htdocs\\grupocorein\\core\\vendor\\laravel\\framework\\src\\Illuminate\\Foundation\\Http\\Middleware\\CheckForMaintenanceMode.php(63): Illuminate\\Pipeline\\Pipeline->Illuminate\\Pipeline\\{closure}(Object(Illuminate\\Http\\Request))
#47 C:\\xampp\\htdocs\\grupocorein\\core\\vendor\\laravel\\framework\\src\\Illuminate\\Pipeline\\Pipeline.php(167): Illuminate\\Foundation\\Http\\Middleware\\CheckForMaintenanceMode->handle(Object(Illuminate\\Http\\Request), Object(Closure))
#48 C:\\xampp\\htdocs\\grupocorein\\core\\vendor\\laravel\\framework\\src\\Illuminate\\Pipeline\\Pipeline.php(103): Illuminate\\Pipeline\\Pipeline->Illuminate\\Pipeline\\{closure}(Object(Illuminate\\Http\\Request))
#49 C:\\xampp\\htdocs\\grupocorein\\core\\vendor\\laravel\\framework\\src\\Illuminate\\Foundation\\Http\\Kernel.php(140): Illuminate\\Pipeline\\Pipeline->then(Object(Closure))
#50 C:\\xampp\\htdocs\\grupocorein\\core\\vendor\\laravel\\framework\\src\\Illuminate\\Foundation\\Http\\Kernel.php(109): Illuminate\\Foundation\\Http\\Kernel->sendRequestThroughRouter(Object(Illuminate\\Http\\Request))
#51 C:\\xampp\\htdocs\\grupocorein\\index.php(55): Illuminate\\Foundation\\Http\\Kernel->handle(Object(Illuminate\\Http\\Request))
#52 {main}
"} 
[2024-04-28 10:21:52] production.ERROR: SQLSTATE[HY000] [2002] No se puede establecer una conexión ya que el equipo de destino denegó expresamente dicha conexión.
 (SQL: select * from `settings` where `id` = 1 limit 1) {"exception":"[object] (Illuminate\\Database\\QueryException(code: 2002): SQLSTATE[HY000] [2002] No se puede establecer una conexión ya que el equipo de destino denegó expresamente dicha conexión.

 (SQL: select * from `settings` where `id` = 1 limit 1) at C:\\xampp\\htdocs\\grupocorein\\core\\vendor\\laravel\\framework\\src\\Illuminate\\Database\\Connection.php:671)
[stacktrace]
#0 C:\\xampp\\htdocs\\grupocorein\\core\\vendor\\laravel\\framework\\src\\Illuminate\\Database\\Connection.php(631): Illuminate\\Database\\Connection->runQueryCallback('select * from `...', Array, Object(Closure))
#1 C:\\xampp\\htdocs\\grupocorein\\core\\vendor\\laravel\\framework\\src\\Illuminate\\Database\\Connection.php(339): Illuminate\\Database\\Connection->run('select * from `...', Array, Object(Closure))
#2 C:\\xampp\\htdocs\\grupocorein\\core\\vendor\\laravel\\framework\\src\\Illuminate\\Database\\Query\\Builder.php(2270): Illuminate\\Database\\Connection->select('select * from `...', Array, true)
#3 C:\\xampp\\htdocs\\grupocorein\\core\\vendor\\laravel\\framework\\src\\Illuminate\\Database\\Query\\Builder.php(2258): Illuminate\\Database\\Query\\Builder->runSelect()
#4 C:\\xampp\\htdocs\\grupocorein\\core\\vendor\\laravel\\framework\\src\\Illuminate\\Database\\Query\\Builder.php(2753): Illuminate\\Database\\Query\\Builder->Illuminate\\Database\\Query\\{closure}()
#5 C:\\xampp\\htdocs\\grupocorein\\core\\vendor\\laravel\\framework\\src\\Illuminate\\Database\\Query\\Builder.php(2259): Illuminate\\Database\\Query\\Builder->onceWithColumns(Array, Object(Closure))
#6 C:\\xampp\\htdocs\\grupocorein\\core\\vendor\\laravel\\framework\\src\\Illuminate\\Database\\Concerns\\BuildsQueries.php(143): Illuminate\\Database\\Query\\Builder->get(Array)
#7 C:\\xampp\\htdocs\\grupocorein\\core\\vendor\\laravel\\framework\\src\\Illuminate\\Database\\Query\\Builder.php(2233): Illuminate\\Database\\Query\\Builder->first(Array)
#8 C:\\xampp\\htdocs\\grupocorein\\core\\app\\Providers\\AppServiceProvider.php(17): Illuminate\\Database\\Query\\Builder->find(1)
#9 C:\\xampp\\htdocs\\grupocorein\\core\\vendor\\laravel\\framework\\src\\Illuminate\\View\\Concerns\\ManagesEvents.php(162): App\\Providers\\AppServiceProvider->App\\Providers\\{closure}(Object(Illuminate\\View\\View))
#10 C:\\xampp\\htdocs\\grupocorein\\core\\vendor\\laravel\\framework\\src\\Illuminate\\Events\\Dispatcher.php(378): Illuminate\\View\\Factory->Illuminate\\View\\Concerns\\{closure}('composing: erro...', Array)
#11 C:\\xampp\\htdocs\\grupocorein\\core\\vendor\\laravel\\framework\\src\\Illuminate\\Events\\Dispatcher.php(226): Illuminate\\Events\\Dispatcher->Illuminate\\Events\\{closure}('composing: erro...', Array)
#12 C:\\xampp\\htdocs\\grupocorein\\core\\vendor\\laravel\\framework\\src\\Illuminate\\View\\Concerns\\ManagesEvents.php(177): Illuminate\\Events\\Dispatcher->dispatch('composing: erro...', Array)
#13 C:\\xampp\\htdocs\\grupocorein\\core\\vendor\\laravel\\framework\\src\\Illuminate\\View\\View.php(120): Illuminate\\View\\Factory->callComposer(Object(Illuminate\\View\\View))
#14 C:\\xampp\\htdocs\\grupocorein\\core\\vendor\\laravel\\framework\\src\\Illuminate\\View\\View.php(91): Illuminate\\View\\View->renderContents()
#15 C:\\xampp\\htdocs\\grupocorein\\core\\vendor\\laravel\\framework\\src\\Illuminate\\Http\\Response.php(62): Illuminate\\View\\View->render()
#16 C:\\xampp\\htdocs\\grupocorein\\core\\vendor\\laravel\\framework\\src\\Illuminate\\Http\\Response.php(34): Illuminate\\Http\\Response->setContent(Object(Illuminate\\View\\View))
#17 C:\\xampp\\htdocs\\grupocorein\\core\\vendor\\laravel\\framework\\src\\Illuminate\\Routing\\ResponseFactory.php(55): Illuminate\\Http\\Response->__construct(Object(Illuminate\\View\\View), 500, Array)
#18 C:\\xampp\\htdocs\\grupocorein\\core\\vendor\\laravel\\framework\\src\\Illuminate\\Routing\\ResponseFactory.php(85): Illuminate\\Routing\\ResponseFactory->make(Object(Illuminate\\View\\View), 500, Array)
#19 C:\\xampp\\htdocs\\grupocorein\\core\\vendor\\laravel\\framework\\src\\Illuminate\\Foundation\\Exceptions\\Handler.php(409): Illuminate\\Routing\\ResponseFactory->view('errors::500', Array, 500, Array)
#20 C:\\xampp\\htdocs\\grupocorein\\core\\vendor\\laravel\\framework\\src\\Illuminate\\Foundation\\Exceptions\\Handler.php(314): Illuminate\\Foundation\\Exceptions\\Handler->renderHttpException(Object(Symfony\\Component\\HttpKernel\\Exception\\HttpException))
#21 C:\\xampp\\htdocs\\grupocorein\\core\\vendor\\laravel\\framework\\src\\Illuminate\\Foundation\\Exceptions\\Handler.php(211): Illuminate\\Foundation\\Exceptions\\Handler->prepareResponse(Object(Illuminate\\Http\\Request), Object(Symfony\\Component\\HttpKernel\\Exception\\HttpException))
#22 C:\\xampp\\htdocs\\grupocorein\\core\\app\\Exceptions\\Handler.php(58): Illuminate\\Foundation\\Exceptions\\Handler->render(Object(Illuminate\\Http\\Request), Object(Illuminate\\Database\\QueryException))
#23 C:\\xampp\\htdocs\\grupocorein\\core\\vendor\\laravel\\framework\\src\\Illuminate\\Routing\\Pipeline.php(51): App\\Exceptions\\Handler->render(Object(Illuminate\\Http\\Request), Object(Illuminate\\Database\\QueryException))
#24 C:\\xampp\\htdocs\\grupocorein\\core\\vendor\\laravel\\framework\\src\\Illuminate\\Pipeline\\Pipeline.php(172): Illuminate\\Routing\\Pipeline->handleException(Object(Illuminate\\Http\\Request), Object(Illuminate\\Database\\QueryException))
#25 C:\\xampp\\htdocs\\grupocorein\\core\\vendor\\fideloper\\proxy\\src\\TrustProxies.php(57): Illuminate\\Pipeline\\Pipeline->Illuminate\\Pipeline\\{closure}(Object(Illuminate\\Http\\Request))
#26 C:\\xampp\\htdocs\\grupocorein\\core\\vendor\\laravel\\framework\\src\\Illuminate\\Pipeline\\Pipeline.php(167): Fideloper\\Proxy\\TrustProxies->handle(Object(Illuminate\\Http\\Request), Object(Closure))
#27 C:\\xampp\\htdocs\\grupocorein\\core\\vendor\\laravel\\framework\\src\\Illuminate\\Foundation\\Http\\Middleware\\TransformsRequest.php(21): Illuminate\\Pipeline\\Pipeline->Illuminate\\Pipeline\\{closure}(Object(Illuminate\\Http\\Request))
#28 C:\\xampp\\htdocs\\grupocorein\\core\\vendor\\laravel\\framework\\src\\Illuminate\\Pipeline\\Pipeline.php(167): Illuminate\\Foundation\\Http\\Middleware\\TransformsRequest->handle(Object(Illuminate\\Http\\Request), Object(Closure))
#29 C:\\xampp\\htdocs\\grupocorein\\core\\vendor\\laravel\\framework\\src\\Illuminate\\Foundation\\Http\\Middleware\\TransformsRequest.php(21): Illuminate\\Pipeline\\Pipeline->Illuminate\\Pipeline\\{closure}(Object(Illuminate\\Http\\Request))
#30 C:\\xampp\\htdocs\\grupocorein\\core\\vendor\\laravel\\framework\\src\\Illuminate\\Pipeline\\Pipeline.php(167): Illuminate\\Foundation\\Http\\Middleware\\TransformsRequest->handle(Object(Illuminate\\Http\\Request), Object(Closure))
#31 C:\\xampp\\htdocs\\grupocorein\\core\\vendor\\laravel\\framework\\src\\Illuminate\\Foundation\\Http\\Middleware\\ValidatePostSize.php(27): Illuminate\\Pipeline\\Pipeline->Illuminate\\Pipeline\\{closure}(Object(Illuminate\\Http\\Request))
#32 C:\\xampp\\htdocs\\grupocorein\\core\\vendor\\laravel\\framework\\src\\Illuminate\\Pipeline\\Pipeline.php(167): Illuminate\\Foundation\\Http\\Middleware\\ValidatePostSize->handle(Object(Illuminate\\Http\\Request), Object(Closure))
#33 C:\\xampp\\htdocs\\grupocorein\\core\\vendor\\laravel\\framework\\src\\Illuminate\\Foundation\\Http\\Middleware\\CheckForMaintenanceMode.php(63): Illuminate\\Pipeline\\Pipeline->Illuminate\\Pipeline\\{closure}(Object(Illuminate\\Http\\Request))
#34 C:\\xampp\\htdocs\\grupocorein\\core\\vendor\\laravel\\framework\\src\\Illuminate\\Pipeline\\Pipeline.php(167): Illuminate\\Foundation\\Http\\Middleware\\CheckForMaintenanceMode->handle(Object(Illuminate\\Http\\Request), Object(Closure))
#35 C:\\xampp\\htdocs\\grupocorein\\core\\vendor\\laravel\\framework\\src\\Illuminate\\Pipeline\\Pipeline.php(103): Illuminate\\Pipeline\\Pipeline->Illuminate\\Pipeline\\{closure}(Object(Illuminate\\Http\\Request))
#36 C:\\xampp\\htdocs\\grupocorein\\core\\vendor\\laravel\\framework\\src\\Illuminate\\Foundation\\Http\\Kernel.php(140): Illuminate\\Pipeline\\Pipeline->then(Object(Closure))
#37 C:\\xampp\\htdocs\\grupocorein\\core\\vendor\\laravel\\framework\\src\\Illuminate\\Foundation\\Http\\Kernel.php(109): Illuminate\\Foundation\\Http\\Kernel->sendRequestThroughRouter(Object(Illuminate\\Http\\Request))
#38 C:\\xampp\\htdocs\\grupocorein\\index.php(55): Illuminate\\Foundation\\Http\\Kernel->handle(Object(Illuminate\\Http\\Request))
#39 {main}

[previous exception] [object] (Doctrine\\DBAL\\Driver\\PDO\\Exception(code: 2002): SQLSTATE[HY000] [2002] No se puede establecer una conexión ya que el equipo de destino denegó expresamente dicha conexión.

 at C:\\xampp\\htdocs\\grupocorein\\core\\vendor\\doctrine\\dbal\\lib\\Doctrine\\DBAL\\Driver\\PDO\\Exception.php:18)
[stacktrace]
#0 C:\\xampp\\htdocs\\grupocorein\\core\\vendor\\doctrine\\dbal\\lib\\Doctrine\\DBAL\\Driver\\PDOConnection.php(44): Doctrine\\DBAL\\Driver\\PDO\\Exception::new(Object(PDOException))
#1 C:\\xampp\\htdocs\\grupocorein\\core\\vendor\\laravel\\framework\\src\\Illuminate\\Database\\Connectors\\Connector.php(67): Doctrine\\DBAL\\Driver\\PDOConnection->__construct('mysql:host=127....', 'forge', '', Array)
#2 C:\\xampp\\htdocs\\grupocorein\\core\\vendor\\laravel\\framework\\src\\Illuminate\\Database\\Connectors\\Connector.php(46): Illuminate\\Database\\Connectors\\Connector->createPdoConnection('mysql:host=127....', 'forge', '', Array)
#3 C:\\xampp\\htdocs\\grupocorein\\core\\vendor\\laravel\\framework\\src\\Illuminate\\Database\\Connectors\\MySqlConnector.php(24): Illuminate\\Database\\Connectors\\Connector->createConnection('mysql:host=127....', Array, Array)
#4 C:\\xampp\\htdocs\\grupocorein\\core\\vendor\\laravel\\framework\\src\\Illuminate\\Database\\Connectors\\ConnectionFactory.php(184): Illuminate\\Database\\Connectors\\MySqlConnector->connect(Array)
#5 [internal function]: Illuminate\\Database\\Connectors\\ConnectionFactory->Illuminate\\Database\\Connectors\\{closure}()
#6 C:\\xampp\\htdocs\\grupocorein\\core\\vendor\\laravel\\framework\\src\\Illuminate\\Database\\Connection.php(926): call_user_func(Object(Closure))
#7 C:\\xampp\\htdocs\\grupocorein\\core\\vendor\\laravel\\framework\\src\\Illuminate\\Database\\Connection.php(961): Illuminate\\Database\\Connection->getPdo()
#8 C:\\xampp\\htdocs\\grupocorein\\core\\vendor\\laravel\\framework\\src\\Illuminate\\Database\\Connection.php(405): Illuminate\\Database\\Connection->getReadPdo()
#9 C:\\xampp\\htdocs\\grupocorein\\core\\vendor\\laravel\\framework\\src\\Illuminate\\Database\\Connection.php(331): Illuminate\\Database\\Connection->getPdoForSelect(true)
#10 C:\\xampp\\htdocs\\grupocorein\\core\\vendor\\laravel\\framework\\src\\Illuminate\\Database\\Connection.php(664): Illuminate\\Database\\Connection->Illuminate\\Database\\{closure}('select * from `...', Array)
#11 C:\\xampp\\htdocs\\grupocorein\\core\\vendor\\laravel\\framework\\src\\Illuminate\\Database\\Connection.php(631): Illuminate\\Database\\Connection->runQueryCallback('select * from `...', Array, Object(Closure))
#12 C:\\xampp\\htdocs\\grupocorein\\core\\vendor\\laravel\\framework\\src\\Illuminate\\Database\\Connection.php(339): Illuminate\\Database\\Connection->run('select * from `...', Array, Object(Closure))
#13 C:\\xampp\\htdocs\\grupocorein\\core\\vendor\\laravel\\framework\\src\\Illuminate\\Database\\Query\\Builder.php(2270): Illuminate\\Database\\Connection->select('select * from `...', Array, true)
#14 C:\\xampp\\htdocs\\grupocorein\\core\\vendor\\laravel\\framework\\src\\Illuminate\\Database\\Query\\Builder.php(2258): Illuminate\\Database\\Query\\Builder->runSelect()
#15 C:\\xampp\\htdocs\\grupocorein\\core\\vendor\\laravel\\framework\\src\\Illuminate\\Database\\Query\\Builder.php(2753): Illuminate\\Database\\Query\\Builder->Illuminate\\Database\\Query\\{closure}()
#16 C:\\xampp\\htdocs\\grupocorein\\core\\vendor\\laravel\\framework\\src\\Illuminate\\Database\\Query\\Builder.php(2259): Illuminate\\Database\\Query\\Builder->onceWithColumns(Array, Object(Closure))
#17 C:\\xampp\\htdocs\\grupocorein\\core\\vendor\\laravel\\framework\\src\\Illuminate\\Database\\Concerns\\BuildsQueries.php(143): Illuminate\\Database\\Query\\Builder->get(Array)
#18 C:\\xampp\\htdocs\\grupocorein\\core\\vendor\\laravel\\framework\\src\\Illuminate\\Database\\Query\\Builder.php(2233): Illuminate\\Database\\Query\\Builder->first(Array)
#19 C:\\xampp\\htdocs\\grupocorein\\core\\app\\Providers\\AppServiceProvider.php(17): Illuminate\\Database\\Query\\Builder->find(1)
#20 C:\\xampp\\htdocs\\grupocorein\\core\\vendor\\laravel\\framework\\src\\Illuminate\\View\\Concerns\\ManagesEvents.php(162): App\\Providers\\AppServiceProvider->App\\Providers\\{closure}(Object(Illuminate\\View\\View))
#21 C:\\xampp\\htdocs\\grupocorein\\core\\vendor\\laravel\\framework\\src\\Illuminate\\Events\\Dispatcher.php(378): Illuminate\\View\\Factory->Illuminate\\View\\Concerns\\{closure}('composing: erro...', Array)
#22 C:\\xampp\\htdocs\\grupocorein\\core\\vendor\\laravel\\framework\\src\\Illuminate\\Events\\Dispatcher.php(226): Illuminate\\Events\\Dispatcher->Illuminate\\Events\\{closure}('composing: erro...', Array)
#23 C:\\xampp\\htdocs\\grupocorein\\core\\vendor\\laravel\\framework\\src\\Illuminate\\View\\Concerns\\ManagesEvents.php(177): Illuminate\\Events\\Dispatcher->dispatch('composing: erro...', Array)
#24 C:\\xampp\\htdocs\\grupocorein\\core\\vendor\\laravel\\framework\\src\\Illuminate\\View\\View.php(120): Illuminate\\View\\Factory->callComposer(Object(Illuminate\\View\\View))
#25 C:\\xampp\\htdocs\\grupocorein\\core\\vendor\\laravel\\framework\\src\\Illuminate\\View\\View.php(91): Illuminate\\View\\View->renderContents()
#26 C:\\xampp\\htdocs\\grupocorein\\core\\vendor\\laravel\\framework\\src\\Illuminate\\Http\\Response.php(62): Illuminate\\View\\View->render()
#27 C:\\xampp\\htdocs\\grupocorein\\core\\vendor\\laravel\\framework\\src\\Illuminate\\Http\\Response.php(34): Illuminate\\Http\\Response->setContent(Object(Illuminate\\View\\View))
#28 C:\\xampp\\htdocs\\grupocorein\\core\\vendor\\laravel\\framework\\src\\Illuminate\\Routing\\ResponseFactory.php(55): Illuminate\\Http\\Response->__construct(Object(Illuminate\\View\\View), 500, Array)
#29 C:\\xampp\\htdocs\\grupocorein\\core\\vendor\\laravel\\framework\\src\\Illuminate\\Routing\\ResponseFactory.php(85): Illuminate\\Routing\\ResponseFactory->make(Object(Illuminate\\View\\View), 500, Array)
#30 C:\\xampp\\htdocs\\grupocorein\\core\\vendor\\laravel\\framework\\src\\Illuminate\\Foundation\\Exceptions\\Handler.php(409): Illuminate\\Routing\\ResponseFactory->view('errors::500', Array, 500, Array)
#31 C:\\xampp\\htdocs\\grupocorein\\core\\vendor\\laravel\\framework\\src\\Illuminate\\Foundation\\Exceptions\\Handler.php(314): Illuminate\\Foundation\\Exceptions\\Handler->renderHttpException(Object(Symfony\\Component\\HttpKernel\\Exception\\HttpException))
#32 C:\\xampp\\htdocs\\grupocorein\\core\\vendor\\laravel\\framework\\src\\Illuminate\\Foundation\\Exceptions\\Handler.php(211): Illuminate\\Foundation\\Exceptions\\Handler->prepareResponse(Object(Illuminate\\Http\\Request), Object(Symfony\\Component\\HttpKernel\\Exception\\HttpException))
#33 C:\\xampp\\htdocs\\grupocorein\\core\\app\\Exceptions\\Handler.php(58): Illuminate\\Foundation\\Exceptions\\Handler->render(Object(Illuminate\\Http\\Request), Object(Illuminate\\Database\\QueryException))
#34 C:\\xampp\\htdocs\\grupocorein\\core\\vendor\\laravel\\framework\\src\\Illuminate\\Routing\\Pipeline.php(51): App\\Exceptions\\Handler->render(Object(Illuminate\\Http\\Request), Object(Illuminate\\Database\\QueryException))
#35 C:\\xampp\\htdocs\\grupocorein\\core\\vendor\\laravel\\framework\\src\\Illuminate\\Pipeline\\Pipeline.php(172): Illuminate\\Routing\\Pipeline->handleException(Object(Illuminate\\Http\\Request), Object(Illuminate\\Database\\QueryException))
#36 C:\\xampp\\htdocs\\grupocorein\\core\\vendor\\fideloper\\proxy\\src\\TrustProxies.php(57): Illuminate\\Pipeline\\Pipeline->Illuminate\\Pipeline\\{closure}(Object(Illuminate\\Http\\Request))
#37 C:\\xampp\\htdocs\\grupocorein\\core\\vendor\\laravel\\framework\\src\\Illuminate\\Pipeline\\Pipeline.php(167): Fideloper\\Proxy\\TrustProxies->handle(Object(Illuminate\\Http\\Request), Object(Closure))
#38 C:\\xampp\\htdocs\\grupocorein\\core\\vendor\\laravel\\framework\\src\\Illuminate\\Foundation\\Http\\Middleware\\TransformsRequest.php(21): Illuminate\\Pipeline\\Pipeline->Illuminate\\Pipeline\\{closure}(Object(Illuminate\\Http\\Request))
#39 C:\\xampp\\htdocs\\grupocorein\\core\\vendor\\laravel\\framework\\src\\Illuminate\\Pipeline\\Pipeline.php(167): Illuminate\\Foundation\\Http\\Middleware\\TransformsRequest->handle(Object(Illuminate\\Http\\Request), Object(Closure))
#40 C:\\xampp\\htdocs\\grupocorein\\core\\vendor\\laravel\\framework\\src\\Illuminate\\Foundation\\Http\\Middleware\\TransformsRequest.php(21): Illuminate\\Pipeline\\Pipeline->Illuminate\\Pipeline\\{closure}(Object(Illuminate\\Http\\Request))
#41 C:\\xampp\\htdocs\\grupocorein\\core\\vendor\\laravel\\framework\\src\\Illuminate\\Pipeline\\Pipeline.php(167): Illuminate\\Foundation\\Http\\Middleware\\TransformsRequest->handle(Object(Illuminate\\Http\\Request), Object(Closure))
#42 C:\\xampp\\htdocs\\grupocorein\\core\\vendor\\laravel\\framework\\src\\Illuminate\\Foundation\\Http\\Middleware\\ValidatePostSize.php(27): Illuminate\\Pipeline\\Pipeline->Illuminate\\Pipeline\\{closure}(Object(Illuminate\\Http\\Request))
#43 C:\\xampp\\htdocs\\grupocorein\\core\\vendor\\laravel\\framework\\src\\Illuminate\\Pipeline\\Pipeline.php(167): Illuminate\\Foundation\\Http\\Middleware\\ValidatePostSize->handle(Object(Illuminate\\Http\\Request), Object(Closure))
#44 C:\\xampp\\htdocs\\grupocorein\\core\\vendor\\laravel\\framework\\src\\Illuminate\\Foundation\\Http\\Middleware\\CheckForMaintenanceMode.php(63): Illuminate\\Pipeline\\Pipeline->Illuminate\\Pipeline\\{closure}(Object(Illuminate\\Http\\Request))
#45 C:\\xampp\\htdocs\\grupocorein\\core\\vendor\\laravel\\framework\\src\\Illuminate\\Pipeline\\Pipeline.php(167): Illuminate\\Foundation\\Http\\Middleware\\CheckForMaintenanceMode->handle(Object(Illuminate\\Http\\Request), Object(Closure))
#46 C:\\xampp\\htdocs\\grupocorein\\core\\vendor\\laravel\\framework\\src\\Illuminate\\Pipeline\\Pipeline.php(103): Illuminate\\Pipeline\\Pipeline->Illuminate\\Pipeline\\{closure}(Object(Illuminate\\Http\\Request))
#47 C:\\xampp\\htdocs\\grupocorein\\core\\vendor\\laravel\\framework\\src\\Illuminate\\Foundation\\Http\\Kernel.php(140): Illuminate\\Pipeline\\Pipeline->then(Object(Closure))
#48 C:\\xampp\\htdocs\\grupocorein\\core\\vendor\\laravel\\framework\\src\\Illuminate\\Foundation\\Http\\Kernel.php(109): Illuminate\\Foundation\\Http\\Kernel->sendRequestThroughRouter(Object(Illuminate\\Http\\Request))
#49 C:\\xampp\\htdocs\\grupocorein\\index.php(55): Illuminate\\Foundation\\Http\\Kernel->handle(Object(Illuminate\\Http\\Request))
#50 {main}

[previous exception] [object] (PDOException(code: 2002): SQLSTATE[HY000] [2002] No se puede establecer una conexión ya que el equipo de destino denegó expresamente dicha conexión.

 at C:\\xampp\\htdocs\\grupocorein\\core\\vendor\\doctrine\\dbal\\lib\\Doctrine\\DBAL\\Driver\\PDOConnection.php:40)
[stacktrace]
#0 C:\\xampp\\htdocs\\grupocorein\\core\\vendor\\doctrine\\dbal\\lib\\Doctrine\\DBAL\\Driver\\PDOConnection.php(40): PDO->__construct('mysql:host=127....', 'forge', '', Array)
#1 C:\\xampp\\htdocs\\grupocorein\\core\\vendor\\laravel\\framework\\src\\Illuminate\\Database\\Connectors\\Connector.php(67): Doctrine\\DBAL\\Driver\\PDOConnection->__construct('mysql:host=127....', 'forge', '', Array)
#2 C:\\xampp\\htdocs\\grupocorein\\core\\vendor\\laravel\\framework\\src\\Illuminate\\Database\\Connectors\\Connector.php(46): Illuminate\\Database\\Connectors\\Connector->createPdoConnection('mysql:host=127....', 'forge', '', Array)
#3 C:\\xampp\\htdocs\\grupocorein\\core\\vendor\\laravel\\framework\\src\\Illuminate\\Database\\Connectors\\MySqlConnector.php(24): Illuminate\\Database\\Connectors\\Connector->createConnection('mysql:host=127....', Array, Array)
#4 C:\\xampp\\htdocs\\grupocorein\\core\\vendor\\laravel\\framework\\src\\Illuminate\\Database\\Connectors\\ConnectionFactory.php(184): Illuminate\\Database\\Connectors\\MySqlConnector->connect(Array)
#5 [internal function]: Illuminate\\Database\\Connectors\\ConnectionFactory->Illuminate\\Database\\Connectors\\{closure}()
#6 C:\\xampp\\htdocs\\grupocorein\\core\\vendor\\laravel\\framework\\src\\Illuminate\\Database\\Connection.php(926): call_user_func(Object(Closure))
#7 C:\\xampp\\htdocs\\grupocorein\\core\\vendor\\laravel\\framework\\src\\Illuminate\\Database\\Connection.php(961): Illuminate\\Database\\Connection->getPdo()
#8 C:\\xampp\\htdocs\\grupocorein\\core\\vendor\\laravel\\framework\\src\\Illuminate\\Database\\Connection.php(405): Illuminate\\Database\\Connection->getReadPdo()
#9 C:\\xampp\\htdocs\\grupocorein\\core\\vendor\\laravel\\framework\\src\\Illuminate\\Database\\Connection.php(331): Illuminate\\Database\\Connection->getPdoForSelect(true)
#10 C:\\xampp\\htdocs\\grupocorein\\core\\vendor\\laravel\\framework\\src\\Illuminate\\Database\\Connection.php(664): Illuminate\\Database\\Connection->Illuminate\\Database\\{closure}('select * from `...', Array)
#11 C:\\xampp\\htdocs\\grupocorein\\core\\vendor\\laravel\\framework\\src\\Illuminate\\Database\\Connection.php(631): Illuminate\\Database\\Connection->runQueryCallback('select * from `...', Array, Object(Closure))
#12 C:\\xampp\\htdocs\\grupocorein\\core\\vendor\\laravel\\framework\\src\\Illuminate\\Database\\Connection.php(339): Illuminate\\Database\\Connection->run('select * from `...', Array, Object(Closure))
#13 C:\\xampp\\htdocs\\grupocorein\\core\\vendor\\laravel\\framework\\src\\Illuminate\\Database\\Query\\Builder.php(2270): Illuminate\\Database\\Connection->select('select * from `...', Array, true)
#14 C:\\xampp\\htdocs\\grupocorein\\core\\vendor\\laravel\\framework\\src\\Illuminate\\Database\\Query\\Builder.php(2258): Illuminate\\Database\\Query\\Builder->runSelect()
#15 C:\\xampp\\htdocs\\grupocorein\\core\\vendor\\laravel\\framework\\src\\Illuminate\\Database\\Query\\Builder.php(2753): Illuminate\\Database\\Query\\Builder->Illuminate\\Database\\Query\\{closure}()
#16 C:\\xampp\\htdocs\\grupocorein\\core\\vendor\\laravel\\framework\\src\\Illuminate\\Database\\Query\\Builder.php(2259): Illuminate\\Database\\Query\\Builder->onceWithColumns(Array, Object(Closure))
#17 C:\\xampp\\htdocs\\grupocorein\\core\\vendor\\laravel\\framework\\src\\Illuminate\\Database\\Concerns\\BuildsQueries.php(143): Illuminate\\Database\\Query\\Builder->get(Array)
#18 C:\\xampp\\htdocs\\grupocorein\\core\\vendor\\laravel\\framework\\src\\Illuminate\\Database\\Query\\Builder.php(2233): Illuminate\\Database\\Query\\Builder->first(Array)
#19 C:\\xampp\\htdocs\\grupocorein\\core\\app\\Providers\\AppServiceProvider.php(17): Illuminate\\Database\\Query\\Builder->find(1)
#20 C:\\xampp\\htdocs\\grupocorein\\core\\vendor\\laravel\\framework\\src\\Illuminate\\View\\Concerns\\ManagesEvents.php(162): App\\Providers\\AppServiceProvider->App\\Providers\\{closure}(Object(Illuminate\\View\\View))
#21 C:\\xampp\\htdocs\\grupocorein\\core\\vendor\\laravel\\framework\\src\\Illuminate\\Events\\Dispatcher.php(378): Illuminate\\View\\Factory->Illuminate\\View\\Concerns\\{closure}('composing: erro...', Array)
#22 C:\\xampp\\htdocs\\grupocorein\\core\\vendor\\laravel\\framework\\src\\Illuminate\\Events\\Dispatcher.php(226): Illuminate\\Events\\Dispatcher->Illuminate\\Events\\{closure}('composing: erro...', Array)
#23 C:\\xampp\\htdocs\\grupocorein\\core\\vendor\\laravel\\framework\\src\\Illuminate\\View\\Concerns\\ManagesEvents.php(177): Illuminate\\Events\\Dispatcher->dispatch('composing: erro...', Array)
#24 C:\\xampp\\htdocs\\grupocorein\\core\\vendor\\laravel\\framework\\src\\Illuminate\\View\\View.php(120): Illuminate\\View\\Factory->callComposer(Object(Illuminate\\View\\View))
#25 C:\\xampp\\htdocs\\grupocorein\\core\\vendor\\laravel\\framework\\src\\Illuminate\\View\\View.php(91): Illuminate\\View\\View->renderContents()
#26 C:\\xampp\\htdocs\\grupocorein\\core\\vendor\\laravel\\framework\\src\\Illuminate\\Http\\Response.php(62): Illuminate\\View\\View->render()
#27 C:\\xampp\\htdocs\\grupocorein\\core\\vendor\\laravel\\framework\\src\\Illuminate\\Http\\Response.php(34): Illuminate\\Http\\Response->setContent(Object(Illuminate\\View\\View))
#28 C:\\xampp\\htdocs\\grupocorein\\core\\vendor\\laravel\\framework\\src\\Illuminate\\Routing\\ResponseFactory.php(55): Illuminate\\Http\\Response->__construct(Object(Illuminate\\View\\View), 500, Array)
#29 C:\\xampp\\htdocs\\grupocorein\\core\\vendor\\laravel\\framework\\src\\Illuminate\\Routing\\ResponseFactory.php(85): Illuminate\\Routing\\ResponseFactory->make(Object(Illuminate\\View\\View), 500, Array)
#30 C:\\xampp\\htdocs\\grupocorein\\core\\vendor\\laravel\\framework\\src\\Illuminate\\Foundation\\Exceptions\\Handler.php(409): Illuminate\\Routing\\ResponseFactory->view('errors::500', Array, 500, Array)
#31 C:\\xampp\\htdocs\\grupocorein\\core\\vendor\\laravel\\framework\\src\\Illuminate\\Foundation\\Exceptions\\Handler.php(314): Illuminate\\Foundation\\Exceptions\\Handler->renderHttpException(Object(Symfony\\Component\\HttpKernel\\Exception\\HttpException))
#32 C:\\xampp\\htdocs\\grupocorein\\core\\vendor\\laravel\\framework\\src\\Illuminate\\Foundation\\Exceptions\\Handler.php(211): Illuminate\\Foundation\\Exceptions\\Handler->prepareResponse(Object(Illuminate\\Http\\Request), Object(Symfony\\Component\\HttpKernel\\Exception\\HttpException))
#33 C:\\xampp\\htdocs\\grupocorein\\core\\app\\Exceptions\\Handler.php(58): Illuminate\\Foundation\\Exceptions\\Handler->render(Object(Illuminate\\Http\\Request), Object(Illuminate\\Database\\QueryException))
#34 C:\\xampp\\htdocs\\grupocorein\\core\\vendor\\laravel\\framework\\src\\Illuminate\\Routing\\Pipeline.php(51): App\\Exceptions\\Handler->render(Object(Illuminate\\Http\\Request), Object(Illuminate\\Database\\QueryException))
#35 C:\\xampp\\htdocs\\grupocorein\\core\\vendor\\laravel\\framework\\src\\Illuminate\\Pipeline\\Pipeline.php(172): Illuminate\\Routing\\Pipeline->handleException(Object(Illuminate\\Http\\Request), Object(Illuminate\\Database\\QueryException))
#36 C:\\xampp\\htdocs\\grupocorein\\core\\vendor\\fideloper\\proxy\\src\\TrustProxies.php(57): Illuminate\\Pipeline\\Pipeline->Illuminate\\Pipeline\\{closure}(Object(Illuminate\\Http\\Request))
#37 C:\\xampp\\htdocs\\grupocorein\\core\\vendor\\laravel\\framework\\src\\Illuminate\\Pipeline\\Pipeline.php(167): Fideloper\\Proxy\\TrustProxies->handle(Object(Illuminate\\Http\\Request), Object(Closure))
#38 C:\\xampp\\htdocs\\grupocorein\\core\\vendor\\laravel\\framework\\src\\Illuminate\\Foundation\\Http\\Middleware\\TransformsRequest.php(21): Illuminate\\Pipeline\\Pipeline->Illuminate\\Pipeline\\{closure}(Object(Illuminate\\Http\\Request))
#39 C:\\xampp\\htdocs\\grupocorein\\core\\vendor\\laravel\\framework\\src\\Illuminate\\Pipeline\\Pipeline.php(167): Illuminate\\Foundation\\Http\\Middleware\\TransformsRequest->handle(Object(Illuminate\\Http\\Request), Object(Closure))
#40 C:\\xampp\\htdocs\\grupocorein\\core\\vendor\\laravel\\framework\\src\\Illuminate\\Foundation\\Http\\Middleware\\TransformsRequest.php(21): Illuminate\\Pipeline\\Pipeline->Illuminate\\Pipeline\\{closure}(Object(Illuminate\\Http\\Request))
#41 C:\\xampp\\htdocs\\grupocorein\\core\\vendor\\laravel\\framework\\src\\Illuminate\\Pipeline\\Pipeline.php(167): Illuminate\\Foundation\\Http\\Middleware\\TransformsRequest->handle(Object(Illuminate\\Http\\Request), Object(Closure))
#42 C:\\xampp\\htdocs\\grupocorein\\core\\vendor\\laravel\\framework\\src\\Illuminate\\Foundation\\Http\\Middleware\\ValidatePostSize.php(27): Illuminate\\Pipeline\\Pipeline->Illuminate\\Pipeline\\{closure}(Object(Illuminate\\Http\\Request))
#43 C:\\xampp\\htdocs\\grupocorein\\core\\vendor\\laravel\\framework\\src\\Illuminate\\Pipeline\\Pipeline.php(167): Illuminate\\Foundation\\Http\\Middleware\\ValidatePostSize->handle(Object(Illuminate\\Http\\Request), Object(Closure))
#44 C:\\xampp\\htdocs\\grupocorein\\core\\vendor\\laravel\\framework\\src\\Illuminate\\Foundation\\Http\\Middleware\\CheckForMaintenanceMode.php(63): Illuminate\\Pipeline\\Pipeline->Illuminate\\Pipeline\\{closure}(Object(Illuminate\\Http\\Request))
#45 C:\\xampp\\htdocs\\grupocorein\\core\\vendor\\laravel\\framework\\src\\Illuminate\\Pipeline\\Pipeline.php(167): Illuminate\\Foundation\\Http\\Middleware\\CheckForMaintenanceMode->handle(Object(Illuminate\\Http\\Request), Object(Closure))
#46 C:\\xampp\\htdocs\\grupocorein\\core\\vendor\\laravel\\framework\\src\\Illuminate\\Pipeline\\Pipeline.php(103): Illuminate\\Pipeline\\Pipeline->Illuminate\\Pipeline\\{closure}(Object(Illuminate\\Http\\Request))
#47 C:\\xampp\\htdocs\\grupocorein\\core\\vendor\\laravel\\framework\\src\\Illuminate\\Foundation\\Http\\Kernel.php(140): Illuminate\\Pipeline\\Pipeline->then(Object(Closure))
#48 C:\\xampp\\htdocs\\grupocorein\\core\\vendor\\laravel\\framework\\src\\Illuminate\\Foundation\\Http\\Kernel.php(109): Illuminate\\Foundation\\Http\\Kernel->sendRequestThroughRouter(Object(Illuminate\\Http\\Request))
#49 C:\\xampp\\htdocs\\grupocorein\\index.php(55): Illuminate\\Foundation\\Http\\Kernel->handle(Object(Illuminate\\Http\\Request))
#50 {main}
"} 
[2024-04-28 10:21:54] production.ERROR: SQLSTATE[HY000] [2002] No se puede establecer una conexión ya que el equipo de destino denegó expresamente dicha conexión.
 (SQL: select * from `settings` where `id` = 1 limit 1) {"exception":"[object] (Illuminate\\Database\\QueryException(code: 2002): SQLSTATE[HY000] [2002] No se puede establecer una conexión ya que el equipo de destino denegó expresamente dicha conexión.

 (SQL: select * from `settings` where `id` = 1 limit 1) at C:\\xampp\\htdocs\\grupocorein\\core\\vendor\\laravel\\framework\\src\\Illuminate\\Database\\Connection.php:671)
[stacktrace]
#0 C:\\xampp\\htdocs\\grupocorein\\core\\vendor\\laravel\\framework\\src\\Illuminate\\Database\\Connection.php(631): Illuminate\\Database\\Connection->runQueryCallback('select * from `...', Array, Object(Closure))
#1 C:\\xampp\\htdocs\\grupocorein\\core\\vendor\\laravel\\framework\\src\\Illuminate\\Database\\Connection.php(339): Illuminate\\Database\\Connection->run('select * from `...', Array, Object(Closure))
#2 C:\\xampp\\htdocs\\grupocorein\\core\\vendor\\laravel\\framework\\src\\Illuminate\\Database\\Query\\Builder.php(2270): Illuminate\\Database\\Connection->select('select * from `...', Array, true)
#3 C:\\xampp\\htdocs\\grupocorein\\core\\vendor\\laravel\\framework\\src\\Illuminate\\Database\\Query\\Builder.php(2258): Illuminate\\Database\\Query\\Builder->runSelect()
#4 C:\\xampp\\htdocs\\grupocorein\\core\\vendor\\laravel\\framework\\src\\Illuminate\\Database\\Query\\Builder.php(2753): Illuminate\\Database\\Query\\Builder->Illuminate\\Database\\Query\\{closure}()
#5 C:\\xampp\\htdocs\\grupocorein\\core\\vendor\\laravel\\framework\\src\\Illuminate\\Database\\Query\\Builder.php(2259): Illuminate\\Database\\Query\\Builder->onceWithColumns(Array, Object(Closure))
#6 C:\\xampp\\htdocs\\grupocorein\\core\\vendor\\laravel\\framework\\src\\Illuminate\\Database\\Concerns\\BuildsQueries.php(143): Illuminate\\Database\\Query\\Builder->get(Array)
#7 C:\\xampp\\htdocs\\grupocorein\\core\\vendor\\laravel\\framework\\src\\Illuminate\\Database\\Query\\Builder.php(2233): Illuminate\\Database\\Query\\Builder->first(Array)
#8 C:\\xampp\\htdocs\\grupocorein\\core\\app\\Providers\\AppServiceProvider.php(17): Illuminate\\Database\\Query\\Builder->find(1)
#9 C:\\xampp\\htdocs\\grupocorein\\core\\vendor\\laravel\\framework\\src\\Illuminate\\View\\Concerns\\ManagesEvents.php(162): App\\Providers\\AppServiceProvider->App\\Providers\\{closure}(Object(Illuminate\\View\\View))
#10 C:\\xampp\\htdocs\\grupocorein\\core\\vendor\\laravel\\framework\\src\\Illuminate\\Events\\Dispatcher.php(378): Illuminate\\View\\Factory->Illuminate\\View\\Concerns\\{closure}('composing: erro...', Array)
#11 C:\\xampp\\htdocs\\grupocorein\\core\\vendor\\laravel\\framework\\src\\Illuminate\\Events\\Dispatcher.php(226): Illuminate\\Events\\Dispatcher->Illuminate\\Events\\{closure}('composing: erro...', Array)
#12 C:\\xampp\\htdocs\\grupocorein\\core\\vendor\\laravel\\framework\\src\\Illuminate\\View\\Concerns\\ManagesEvents.php(177): Illuminate\\Events\\Dispatcher->dispatch('composing: erro...', Array)
#13 C:\\xampp\\htdocs\\grupocorein\\core\\vendor\\laravel\\framework\\src\\Illuminate\\View\\View.php(120): Illuminate\\View\\Factory->callComposer(Object(Illuminate\\View\\View))
#14 C:\\xampp\\htdocs\\grupocorein\\core\\vendor\\laravel\\framework\\src\\Illuminate\\View\\View.php(91): Illuminate\\View\\View->renderContents()
#15 C:\\xampp\\htdocs\\grupocorein\\core\\vendor\\laravel\\framework\\src\\Illuminate\\Http\\Response.php(62): Illuminate\\View\\View->render()
#16 C:\\xampp\\htdocs\\grupocorein\\core\\vendor\\laravel\\framework\\src\\Illuminate\\Http\\Response.php(34): Illuminate\\Http\\Response->setContent(Object(Illuminate\\View\\View))
#17 C:\\xampp\\htdocs\\grupocorein\\core\\vendor\\laravel\\framework\\src\\Illuminate\\Routing\\ResponseFactory.php(55): Illuminate\\Http\\Response->__construct(Object(Illuminate\\View\\View), 500, Array)
#18 C:\\xampp\\htdocs\\grupocorein\\core\\vendor\\laravel\\framework\\src\\Illuminate\\Routing\\ResponseFactory.php(85): Illuminate\\Routing\\ResponseFactory->make(Object(Illuminate\\View\\View), 500, Array)
#19 C:\\xampp\\htdocs\\grupocorein\\core\\vendor\\laravel\\framework\\src\\Illuminate\\Foundation\\Exceptions\\Handler.php(409): Illuminate\\Routing\\ResponseFactory->view('errors::500', Array, 500, Array)
#20 C:\\xampp\\htdocs\\grupocorein\\core\\vendor\\laravel\\framework\\src\\Illuminate\\Foundation\\Exceptions\\Handler.php(314): Illuminate\\Foundation\\Exceptions\\Handler->renderHttpException(Object(Symfony\\Component\\HttpKernel\\Exception\\HttpException))
#21 C:\\xampp\\htdocs\\grupocorein\\core\\vendor\\laravel\\framework\\src\\Illuminate\\Foundation\\Exceptions\\Handler.php(211): Illuminate\\Foundation\\Exceptions\\Handler->prepareResponse(Object(Illuminate\\Http\\Request), Object(Symfony\\Component\\HttpKernel\\Exception\\HttpException))
#22 C:\\xampp\\htdocs\\grupocorein\\core\\app\\Exceptions\\Handler.php(58): Illuminate\\Foundation\\Exceptions\\Handler->render(Object(Illuminate\\Http\\Request), Object(Illuminate\\Database\\QueryException))
#23 C:\\xampp\\htdocs\\grupocorein\\core\\vendor\\laravel\\framework\\src\\Illuminate\\Routing\\Pipeline.php(51): App\\Exceptions\\Handler->render(Object(Illuminate\\Http\\Request), Object(Illuminate\\Database\\QueryException))
#24 C:\\xampp\\htdocs\\grupocorein\\core\\vendor\\laravel\\framework\\src\\Illuminate\\Pipeline\\Pipeline.php(172): Illuminate\\Routing\\Pipeline->handleException(Object(Illuminate\\Http\\Request), Object(Illuminate\\Database\\QueryException))
#25 C:\\xampp\\htdocs\\grupocorein\\core\\vendor\\laravel\\framework\\src\\Illuminate\\Foundation\\Http\\Middleware\\TransformsRequest.php(21): Illuminate\\Pipeline\\Pipeline->Illuminate\\Pipeline\\{closure}(Object(Illuminate\\Http\\Request))
#26 C:\\xampp\\htdocs\\grupocorein\\core\\vendor\\laravel\\framework\\src\\Illuminate\\Pipeline\\Pipeline.php(167): Illuminate\\Foundation\\Http\\Middleware\\TransformsRequest->handle(Object(Illuminate\\Http\\Request), Object(Closure))
#27 C:\\xampp\\htdocs\\grupocorein\\core\\vendor\\laravel\\framework\\src\\Illuminate\\Foundation\\Http\\Middleware\\TransformsRequest.php(21): Illuminate\\Pipeline\\Pipeline->Illuminate\\Pipeline\\{closure}(Object(Illuminate\\Http\\Request))
#28 C:\\xampp\\htdocs\\grupocorein\\core\\vendor\\laravel\\framework\\src\\Illuminate\\Pipeline\\Pipeline.php(167): Illuminate\\Foundation\\Http\\Middleware\\TransformsRequest->handle(Object(Illuminate\\Http\\Request), Object(Closure))
#29 C:\\xampp\\htdocs\\grupocorein\\core\\vendor\\laravel\\framework\\src\\Illuminate\\Foundation\\Http\\Middleware\\ValidatePostSize.php(27): Illuminate\\Pipeline\\Pipeline->Illuminate\\Pipeline\\{closure}(Object(Illuminate\\Http\\Request))
#30 C:\\xampp\\htdocs\\grupocorein\\core\\vendor\\laravel\\framework\\src\\Illuminate\\Pipeline\\Pipeline.php(167): Illuminate\\Foundation\\Http\\Middleware\\ValidatePostSize->handle(Object(Illuminate\\Http\\Request), Object(Closure))
#31 C:\\xampp\\htdocs\\grupocorein\\core\\vendor\\laravel\\framework\\src\\Illuminate\\Foundation\\Http\\Middleware\\CheckForMaintenanceMode.php(63): Illuminate\\Pipeline\\Pipeline->Illuminate\\Pipeline\\{closure}(Object(Illuminate\\Http\\Request))
#32 C:\\xampp\\htdocs\\grupocorein\\core\\vendor\\laravel\\framework\\src\\Illuminate\\Pipeline\\Pipeline.php(167): Illuminate\\Foundation\\Http\\Middleware\\CheckForMaintenanceMode->handle(Object(Illuminate\\Http\\Request), Object(Closure))
#33 C:\\xampp\\htdocs\\grupocorein\\core\\vendor\\laravel\\framework\\src\\Illuminate\\Pipeline\\Pipeline.php(103): Illuminate\\Pipeline\\Pipeline->Illuminate\\Pipeline\\{closure}(Object(Illuminate\\Http\\Request))
#34 C:\\xampp\\htdocs\\grupocorein\\core\\vendor\\laravel\\framework\\src\\Illuminate\\Foundation\\Http\\Kernel.php(140): Illuminate\\Pipeline\\Pipeline->then(Object(Closure))
#35 C:\\xampp\\htdocs\\grupocorein\\core\\vendor\\laravel\\framework\\src\\Illuminate\\Foundation\\Http\\Kernel.php(109): Illuminate\\Foundation\\Http\\Kernel->sendRequestThroughRouter(Object(Illuminate\\Http\\Request))
#36 C:\\xampp\\htdocs\\grupocorein\\index.php(55): Illuminate\\Foundation\\Http\\Kernel->handle(Object(Illuminate\\Http\\Request))
#37 {main}

[previous exception] [object] (Doctrine\\DBAL\\Driver\\PDO\\Exception(code: 2002): SQLSTATE[HY000] [2002] No se puede establecer una conexión ya que el equipo de destino denegó expresamente dicha conexión.

 at C:\\xampp\\htdocs\\grupocorein\\core\\vendor\\doctrine\\dbal\\lib\\Doctrine\\DBAL\\Driver\\PDO\\Exception.php:18)
[stacktrace]
#0 C:\\xampp\\htdocs\\grupocorein\\core\\vendor\\doctrine\\dbal\\lib\\Doctrine\\DBAL\\Driver\\PDOConnection.php(44): Doctrine\\DBAL\\Driver\\PDO\\Exception::new(Object(PDOException))
#1 C:\\xampp\\htdocs\\grupocorein\\core\\vendor\\laravel\\framework\\src\\Illuminate\\Database\\Connectors\\Connector.php(67): Doctrine\\DBAL\\Driver\\PDOConnection->__construct('mysql:host=127....', 'forge', '', Array)
#2 C:\\xampp\\htdocs\\grupocorein\\core\\vendor\\laravel\\framework\\src\\Illuminate\\Database\\Connectors\\Connector.php(46): Illuminate\\Database\\Connectors\\Connector->createPdoConnection('mysql:host=127....', 'forge', '', Array)
#3 C:\\xampp\\htdocs\\grupocorein\\core\\vendor\\laravel\\framework\\src\\Illuminate\\Database\\Connectors\\MySqlConnector.php(24): Illuminate\\Database\\Connectors\\Connector->createConnection('mysql:host=127....', Array, Array)
#4 C:\\xampp\\htdocs\\grupocorein\\core\\vendor\\laravel\\framework\\src\\Illuminate\\Database\\Connectors\\ConnectionFactory.php(184): Illuminate\\Database\\Connectors\\MySqlConnector->connect(Array)
#5 [internal function]: Illuminate\\Database\\Connectors\\ConnectionFactory->Illuminate\\Database\\Connectors\\{closure}()
#6 C:\\xampp\\htdocs\\grupocorein\\core\\vendor\\laravel\\framework\\src\\Illuminate\\Database\\Connection.php(926): call_user_func(Object(Closure))
#7 C:\\xampp\\htdocs\\grupocorein\\core\\vendor\\laravel\\framework\\src\\Illuminate\\Database\\Connection.php(961): Illuminate\\Database\\Connection->getPdo()
#8 C:\\xampp\\htdocs\\grupocorein\\core\\vendor\\laravel\\framework\\src\\Illuminate\\Database\\Connection.php(405): Illuminate\\Database\\Connection->getReadPdo()
#9 C:\\xampp\\htdocs\\grupocorein\\core\\vendor\\laravel\\framework\\src\\Illuminate\\Database\\Connection.php(331): Illuminate\\Database\\Connection->getPdoForSelect(true)
#10 C:\\xampp\\htdocs\\grupocorein\\core\\vendor\\laravel\\framework\\src\\Illuminate\\Database\\Connection.php(664): Illuminate\\Database\\Connection->Illuminate\\Database\\{closure}('select * from `...', Array)
#11 C:\\xampp\\htdocs\\grupocorein\\core\\vendor\\laravel\\framework\\src\\Illuminate\\Database\\Connection.php(631): Illuminate\\Database\\Connection->runQueryCallback('select * from `...', Array, Object(Closure))
#12 C:\\xampp\\htdocs\\grupocorein\\core\\vendor\\laravel\\framework\\src\\Illuminate\\Database\\Connection.php(339): Illuminate\\Database\\Connection->run('select * from `...', Array, Object(Closure))
#13 C:\\xampp\\htdocs\\grupocorein\\core\\vendor\\laravel\\framework\\src\\Illuminate\\Database\\Query\\Builder.php(2270): Illuminate\\Database\\Connection->select('select * from `...', Array, true)
#14 C:\\xampp\\htdocs\\grupocorein\\core\\vendor\\laravel\\framework\\src\\Illuminate\\Database\\Query\\Builder.php(2258): Illuminate\\Database\\Query\\Builder->runSelect()
#15 C:\\xampp\\htdocs\\grupocorein\\core\\vendor\\laravel\\framework\\src\\Illuminate\\Database\\Query\\Builder.php(2753): Illuminate\\Database\\Query\\Builder->Illuminate\\Database\\Query\\{closure}()
#16 C:\\xampp\\htdocs\\grupocorein\\core\\vendor\\laravel\\framework\\src\\Illuminate\\Database\\Query\\Builder.php(2259): Illuminate\\Database\\Query\\Builder->onceWithColumns(Array, Object(Closure))
#17 C:\\xampp\\htdocs\\grupocorein\\core\\vendor\\laravel\\framework\\src\\Illuminate\\Database\\Concerns\\BuildsQueries.php(143): Illuminate\\Database\\Query\\Builder->get(Array)
#18 C:\\xampp\\htdocs\\grupocorein\\core\\vendor\\laravel\\framework\\src\\Illuminate\\Database\\Query\\Builder.php(2233): Illuminate\\Database\\Query\\Builder->first(Array)
#19 C:\\xampp\\htdocs\\grupocorein\\core\\app\\Providers\\AppServiceProvider.php(17): Illuminate\\Database\\Query\\Builder->find(1)
#20 C:\\xampp\\htdocs\\grupocorein\\core\\vendor\\laravel\\framework\\src\\Illuminate\\View\\Concerns\\ManagesEvents.php(162): App\\Providers\\AppServiceProvider->App\\Providers\\{closure}(Object(Illuminate\\View\\View))
#21 C:\\xampp\\htdocs\\grupocorein\\core\\vendor\\laravel\\framework\\src\\Illuminate\\Events\\Dispatcher.php(378): Illuminate\\View\\Factory->Illuminate\\View\\Concerns\\{closure}('composing: erro...', Array)
#22 C:\\xampp\\htdocs\\grupocorein\\core\\vendor\\laravel\\framework\\src\\Illuminate\\Events\\Dispatcher.php(226): Illuminate\\Events\\Dispatcher->Illuminate\\Events\\{closure}('composing: erro...', Array)
#23 C:\\xampp\\htdocs\\grupocorein\\core\\vendor\\laravel\\framework\\src\\Illuminate\\View\\Concerns\\ManagesEvents.php(177): Illuminate\\Events\\Dispatcher->dispatch('composing: erro...', Array)
#24 C:\\xampp\\htdocs\\grupocorein\\core\\vendor\\laravel\\framework\\src\\Illuminate\\View\\View.php(120): Illuminate\\View\\Factory->callComposer(Object(Illuminate\\View\\View))
#25 C:\\xampp\\htdocs\\grupocorein\\core\\vendor\\laravel\\framework\\src\\Illuminate\\View\\View.php(91): Illuminate\\View\\View->renderContents()
#26 C:\\xampp\\htdocs\\grupocorein\\core\\vendor\\laravel\\framework\\src\\Illuminate\\Http\\Response.php(62): Illuminate\\View\\View->render()
#27 C:\\xampp\\htdocs\\grupocorein\\core\\vendor\\laravel\\framework\\src\\Illuminate\\Http\\Response.php(34): Illuminate\\Http\\Response->setContent(Object(Illuminate\\View\\View))
#28 C:\\xampp\\htdocs\\grupocorein\\core\\vendor\\laravel\\framework\\src\\Illuminate\\Routing\\ResponseFactory.php(55): Illuminate\\Http\\Response->__construct(Object(Illuminate\\View\\View), 500, Array)
#29 C:\\xampp\\htdocs\\grupocorein\\core\\vendor\\laravel\\framework\\src\\Illuminate\\Routing\\ResponseFactory.php(85): Illuminate\\Routing\\ResponseFactory->make(Object(Illuminate\\View\\View), 500, Array)
#30 C:\\xampp\\htdocs\\grupocorein\\core\\vendor\\laravel\\framework\\src\\Illuminate\\Foundation\\Exceptions\\Handler.php(409): Illuminate\\Routing\\ResponseFactory->view('errors::500', Array, 500, Array)
#31 C:\\xampp\\htdocs\\grupocorein\\core\\vendor\\laravel\\framework\\src\\Illuminate\\Foundation\\Exceptions\\Handler.php(314): Illuminate\\Foundation\\Exceptions\\Handler->renderHttpException(Object(Symfony\\Component\\HttpKernel\\Exception\\HttpException))
#32 C:\\xampp\\htdocs\\grupocorein\\core\\vendor\\laravel\\framework\\src\\Illuminate\\Foundation\\Exceptions\\Handler.php(211): Illuminate\\Foundation\\Exceptions\\Handler->prepareResponse(Object(Illuminate\\Http\\Request), Object(Symfony\\Component\\HttpKernel\\Exception\\HttpException))
#33 C:\\xampp\\htdocs\\grupocorein\\core\\app\\Exceptions\\Handler.php(58): Illuminate\\Foundation\\Exceptions\\Handler->render(Object(Illuminate\\Http\\Request), Object(Illuminate\\Database\\QueryException))
#34 C:\\xampp\\htdocs\\grupocorein\\core\\vendor\\laravel\\framework\\src\\Illuminate\\Routing\\Pipeline.php(51): App\\Exceptions\\Handler->render(Object(Illuminate\\Http\\Request), Object(Illuminate\\Database\\QueryException))
#35 C:\\xampp\\htdocs\\grupocorein\\core\\vendor\\laravel\\framework\\src\\Illuminate\\Pipeline\\Pipeline.php(172): Illuminate\\Routing\\Pipeline->handleException(Object(Illuminate\\Http\\Request), Object(Illuminate\\Database\\QueryException))
#36 C:\\xampp\\htdocs\\grupocorein\\core\\vendor\\laravel\\framework\\src\\Illuminate\\Foundation\\Http\\Middleware\\TransformsRequest.php(21): Illuminate\\Pipeline\\Pipeline->Illuminate\\Pipeline\\{closure}(Object(Illuminate\\Http\\Request))
#37 C:\\xampp\\htdocs\\grupocorein\\core\\vendor\\laravel\\framework\\src\\Illuminate\\Pipeline\\Pipeline.php(167): Illuminate\\Foundation\\Http\\Middleware\\TransformsRequest->handle(Object(Illuminate\\Http\\Request), Object(Closure))
#38 C:\\xampp\\htdocs\\grupocorein\\core\\vendor\\laravel\\framework\\src\\Illuminate\\Foundation\\Http\\Middleware\\TransformsRequest.php(21): Illuminate\\Pipeline\\Pipeline->Illuminate\\Pipeline\\{closure}(Object(Illuminate\\Http\\Request))
#39 C:\\xampp\\htdocs\\grupocorein\\core\\vendor\\laravel\\framework\\src\\Illuminate\\Pipeline\\Pipeline.php(167): Illuminate\\Foundation\\Http\\Middleware\\TransformsRequest->handle(Object(Illuminate\\Http\\Request), Object(Closure))
#40 C:\\xampp\\htdocs\\grupocorein\\core\\vendor\\laravel\\framework\\src\\Illuminate\\Foundation\\Http\\Middleware\\ValidatePostSize.php(27): Illuminate\\Pipeline\\Pipeline->Illuminate\\Pipeline\\{closure}(Object(Illuminate\\Http\\Request))
#41 C:\\xampp\\htdocs\\grupocorein\\core\\vendor\\laravel\\framework\\src\\Illuminate\\Pipeline\\Pipeline.php(167): Illuminate\\Foundation\\Http\\Middleware\\ValidatePostSize->handle(Object(Illuminate\\Http\\Request), Object(Closure))
#42 C:\\xampp\\htdocs\\grupocorein\\core\\vendor\\laravel\\framework\\src\\Illuminate\\Foundation\\Http\\Middleware\\CheckForMaintenanceMode.php(63): Illuminate\\Pipeline\\Pipeline->Illuminate\\Pipeline\\{closure}(Object(Illuminate\\Http\\Request))
#43 C:\\xampp\\htdocs\\grupocorein\\core\\vendor\\laravel\\framework\\src\\Illuminate\\Pipeline\\Pipeline.php(167): Illuminate\\Foundation\\Http\\Middleware\\CheckForMaintenanceMode->handle(Object(Illuminate\\Http\\Request), Object(Closure))
#44 C:\\xampp\\htdocs\\grupocorein\\core\\vendor\\laravel\\framework\\src\\Illuminate\\Pipeline\\Pipeline.php(103): Illuminate\\Pipeline\\Pipeline->Illuminate\\Pipeline\\{closure}(Object(Illuminate\\Http\\Request))
#45 C:\\xampp\\htdocs\\grupocorein\\core\\vendor\\laravel\\framework\\src\\Illuminate\\Foundation\\Http\\Kernel.php(140): Illuminate\\Pipeline\\Pipeline->then(Object(Closure))
#46 C:\\xampp\\htdocs\\grupocorein\\core\\vendor\\laravel\\framework\\src\\Illuminate\\Foundation\\Http\\Kernel.php(109): Illuminate\\Foundation\\Http\\Kernel->sendRequestThroughRouter(Object(Illuminate\\Http\\Request))
#47 C:\\xampp\\htdocs\\grupocorein\\index.php(55): Illuminate\\Foundation\\Http\\Kernel->handle(Object(Illuminate\\Http\\Request))
#48 {main}

[previous exception] [object] (PDOException(code: 2002): SQLSTATE[HY000] [2002] No se puede establecer una conexión ya que el equipo de destino denegó expresamente dicha conexión.

 at C:\\xampp\\htdocs\\grupocorein\\core\\vendor\\doctrine\\dbal\\lib\\Doctrine\\DBAL\\Driver\\PDOConnection.php:40)
[stacktrace]
#0 C:\\xampp\\htdocs\\grupocorein\\core\\vendor\\doctrine\\dbal\\lib\\Doctrine\\DBAL\\Driver\\PDOConnection.php(40): PDO->__construct('mysql:host=127....', 'forge', '', Array)
#1 C:\\xampp\\htdocs\\grupocorein\\core\\vendor\\laravel\\framework\\src\\Illuminate\\Database\\Connectors\\Connector.php(67): Doctrine\\DBAL\\Driver\\PDOConnection->__construct('mysql:host=127....', 'forge', '', Array)
#2 C:\\xampp\\htdocs\\grupocorein\\core\\vendor\\laravel\\framework\\src\\Illuminate\\Database\\Connectors\\Connector.php(46): Illuminate\\Database\\Connectors\\Connector->createPdoConnection('mysql:host=127....', 'forge', '', Array)
#3 C:\\xampp\\htdocs\\grupocorein\\core\\vendor\\laravel\\framework\\src\\Illuminate\\Database\\Connectors\\MySqlConnector.php(24): Illuminate\\Database\\Connectors\\Connector->createConnection('mysql:host=127....', Array, Array)
#4 C:\\xampp\\htdocs\\grupocorein\\core\\vendor\\laravel\\framework\\src\\Illuminate\\Database\\Connectors\\ConnectionFactory.php(184): Illuminate\\Database\\Connectors\\MySqlConnector->connect(Array)
#5 [internal function]: Illuminate\\Database\\Connectors\\ConnectionFactory->Illuminate\\Database\\Connectors\\{closure}()
#6 C:\\xampp\\htdocs\\grupocorein\\core\\vendor\\laravel\\framework\\src\\Illuminate\\Database\\Connection.php(926): call_user_func(Object(Closure))
#7 C:\\xampp\\htdocs\\grupocorein\\core\\vendor\\laravel\\framework\\src\\Illuminate\\Database\\Connection.php(961): Illuminate\\Database\\Connection->getPdo()
#8 C:\\xampp\\htdocs\\grupocorein\\core\\vendor\\laravel\\framework\\src\\Illuminate\\Database\\Connection.php(405): Illuminate\\Database\\Connection->getReadPdo()
#9 C:\\xampp\\htdocs\\grupocorein\\core\\vendor\\laravel\\framework\\src\\Illuminate\\Database\\Connection.php(331): Illuminate\\Database\\Connection->getPdoForSelect(true)
#10 C:\\xampp\\htdocs\\grupocorein\\core\\vendor\\laravel\\framework\\src\\Illuminate\\Database\\Connection.php(664): Illuminate\\Database\\Connection->Illuminate\\Database\\{closure}('select * from `...', Array)
#11 C:\\xampp\\htdocs\\grupocorein\\core\\vendor\\laravel\\framework\\src\\Illuminate\\Database\\Connection.php(631): Illuminate\\Database\\Connection->runQueryCallback('select * from `...', Array, Object(Closure))
#12 C:\\xampp\\htdocs\\grupocorein\\core\\vendor\\laravel\\framework\\src\\Illuminate\\Database\\Connection.php(339): Illuminate\\Database\\Connection->run('select * from `...', Array, Object(Closure))
#13 C:\\xampp\\htdocs\\grupocorein\\core\\vendor\\laravel\\framework\\src\\Illuminate\\Database\\Query\\Builder.php(2270): Illuminate\\Database\\Connection->select('select * from `...', Array, true)
#14 C:\\xampp\\htdocs\\grupocorein\\core\\vendor\\laravel\\framework\\src\\Illuminate\\Database\\Query\\Builder.php(2258): Illuminate\\Database\\Query\\Builder->runSelect()
#15 C:\\xampp\\htdocs\\grupocorein\\core\\vendor\\laravel\\framework\\src\\Illuminate\\Database\\Query\\Builder.php(2753): Illuminate\\Database\\Query\\Builder->Illuminate\\Database\\Query\\{closure}()
#16 C:\\xampp\\htdocs\\grupocorein\\core\\vendor\\laravel\\framework\\src\\Illuminate\\Database\\Query\\Builder.php(2259): Illuminate\\Database\\Query\\Builder->onceWithColumns(Array, Object(Closure))
#17 C:\\xampp\\htdocs\\grupocorein\\core\\vendor\\laravel\\framework\\src\\Illuminate\\Database\\Concerns\\BuildsQueries.php(143): Illuminate\\Database\\Query\\Builder->get(Array)
#18 C:\\xampp\\htdocs\\grupocorein\\core\\vendor\\laravel\\framework\\src\\Illuminate\\Database\\Query\\Builder.php(2233): Illuminate\\Database\\Query\\Builder->first(Array)
#19 C:\\xampp\\htdocs\\grupocorein\\core\\app\\Providers\\AppServiceProvider.php(17): Illuminate\\Database\\Query\\Builder->find(1)
#20 C:\\xampp\\htdocs\\grupocorein\\core\\vendor\\laravel\\framework\\src\\Illuminate\\View\\Concerns\\ManagesEvents.php(162): App\\Providers\\AppServiceProvider->App\\Providers\\{closure}(Object(Illuminate\\View\\View))
#21 C:\\xampp\\htdocs\\grupocorein\\core\\vendor\\laravel\\framework\\src\\Illuminate\\Events\\Dispatcher.php(378): Illuminate\\View\\Factory->Illuminate\\View\\Concerns\\{closure}('composing: erro...', Array)
#22 C:\\xampp\\htdocs\\grupocorein\\core\\vendor\\laravel\\framework\\src\\Illuminate\\Events\\Dispatcher.php(226): Illuminate\\Events\\Dispatcher->Illuminate\\Events\\{closure}('composing: erro...', Array)
#23 C:\\xampp\\htdocs\\grupocorein\\core\\vendor\\laravel\\framework\\src\\Illuminate\\View\\Concerns\\ManagesEvents.php(177): Illuminate\\Events\\Dispatcher->dispatch('composing: erro...', Array)
#24 C:\\xampp\\htdocs\\grupocorein\\core\\vendor\\laravel\\framework\\src\\Illuminate\\View\\View.php(120): Illuminate\\View\\Factory->callComposer(Object(Illuminate\\View\\View))
#25 C:\\xampp\\htdocs\\grupocorein\\core\\vendor\\laravel\\framework\\src\\Illuminate\\View\\View.php(91): Illuminate\\View\\View->renderContents()
#26 C:\\xampp\\htdocs\\grupocorein\\core\\vendor\\laravel\\framework\\src\\Illuminate\\Http\\Response.php(62): Illuminate\\View\\View->render()
#27 C:\\xampp\\htdocs\\grupocorein\\core\\vendor\\laravel\\framework\\src\\Illuminate\\Http\\Response.php(34): Illuminate\\Http\\Response->setContent(Object(Illuminate\\View\\View))
#28 C:\\xampp\\htdocs\\grupocorein\\core\\vendor\\laravel\\framework\\src\\Illuminate\\Routing\\ResponseFactory.php(55): Illuminate\\Http\\Response->__construct(Object(Illuminate\\View\\View), 500, Array)
#29 C:\\xampp\\htdocs\\grupocorein\\core\\vendor\\laravel\\framework\\src\\Illuminate\\Routing\\ResponseFactory.php(85): Illuminate\\Routing\\ResponseFactory->make(Object(Illuminate\\View\\View), 500, Array)
#30 C:\\xampp\\htdocs\\grupocorein\\core\\vendor\\laravel\\framework\\src\\Illuminate\\Foundation\\Exceptions\\Handler.php(409): Illuminate\\Routing\\ResponseFactory->view('errors::500', Array, 500, Array)
#31 C:\\xampp\\htdocs\\grupocorein\\core\\vendor\\laravel\\framework\\src\\Illuminate\\Foundation\\Exceptions\\Handler.php(314): Illuminate\\Foundation\\Exceptions\\Handler->renderHttpException(Object(Symfony\\Component\\HttpKernel\\Exception\\HttpException))
#32 C:\\xampp\\htdocs\\grupocorein\\core\\vendor\\laravel\\framework\\src\\Illuminate\\Foundation\\Exceptions\\Handler.php(211): Illuminate\\Foundation\\Exceptions\\Handler->prepareResponse(Object(Illuminate\\Http\\Request), Object(Symfony\\Component\\HttpKernel\\Exception\\HttpException))
#33 C:\\xampp\\htdocs\\grupocorein\\core\\app\\Exceptions\\Handler.php(58): Illuminate\\Foundation\\Exceptions\\Handler->render(Object(Illuminate\\Http\\Request), Object(Illuminate\\Database\\QueryException))
#34 C:\\xampp\\htdocs\\grupocorein\\core\\vendor\\laravel\\framework\\src\\Illuminate\\Routing\\Pipeline.php(51): App\\Exceptions\\Handler->render(Object(Illuminate\\Http\\Request), Object(Illuminate\\Database\\QueryException))
#35 C:\\xampp\\htdocs\\grupocorein\\core\\vendor\\laravel\\framework\\src\\Illuminate\\Pipeline\\Pipeline.php(172): Illuminate\\Routing\\Pipeline->handleException(Object(Illuminate\\Http\\Request), Object(Illuminate\\Database\\QueryException))
#36 C:\\xampp\\htdocs\\grupocorein\\core\\vendor\\laravel\\framework\\src\\Illuminate\\Foundation\\Http\\Middleware\\TransformsRequest.php(21): Illuminate\\Pipeline\\Pipeline->Illuminate\\Pipeline\\{closure}(Object(Illuminate\\Http\\Request))
#37 C:\\xampp\\htdocs\\grupocorein\\core\\vendor\\laravel\\framework\\src\\Illuminate\\Pipeline\\Pipeline.php(167): Illuminate\\Foundation\\Http\\Middleware\\TransformsRequest->handle(Object(Illuminate\\Http\\Request), Object(Closure))
#38 C:\\xampp\\htdocs\\grupocorein\\core\\vendor\\laravel\\framework\\src\\Illuminate\\Foundation\\Http\\Middleware\\TransformsRequest.php(21): Illuminate\\Pipeline\\Pipeline->Illuminate\\Pipeline\\{closure}(Object(Illuminate\\Http\\Request))
#39 C:\\xampp\\htdocs\\grupocorein\\core\\vendor\\laravel\\framework\\src\\Illuminate\\Pipeline\\Pipeline.php(167): Illuminate\\Foundation\\Http\\Middleware\\TransformsRequest->handle(Object(Illuminate\\Http\\Request), Object(Closure))
#40 C:\\xampp\\htdocs\\grupocorein\\core\\vendor\\laravel\\framework\\src\\Illuminate\\Foundation\\Http\\Middleware\\ValidatePostSize.php(27): Illuminate\\Pipeline\\Pipeline->Illuminate\\Pipeline\\{closure}(Object(Illuminate\\Http\\Request))
#41 C:\\xampp\\htdocs\\grupocorein\\core\\vendor\\laravel\\framework\\src\\Illuminate\\Pipeline\\Pipeline.php(167): Illuminate\\Foundation\\Http\\Middleware\\ValidatePostSize->handle(Object(Illuminate\\Http\\Request), Object(Closure))
#42 C:\\xampp\\htdocs\\grupocorein\\core\\vendor\\laravel\\framework\\src\\Illuminate\\Foundation\\Http\\Middleware\\CheckForMaintenanceMode.php(63): Illuminate\\Pipeline\\Pipeline->Illuminate\\Pipeline\\{closure}(Object(Illuminate\\Http\\Request))
#43 C:\\xampp\\htdocs\\grupocorein\\core\\vendor\\laravel\\framework\\src\\Illuminate\\Pipeline\\Pipeline.php(167): Illuminate\\Foundation\\Http\\Middleware\\CheckForMaintenanceMode->handle(Object(Illuminate\\Http\\Request), Object(Closure))
#44 C:\\xampp\\htdocs\\grupocorein\\core\\vendor\\laravel\\framework\\src\\Illuminate\\Pipeline\\Pipeline.php(103): Illuminate\\Pipeline\\Pipeline->Illuminate\\Pipeline\\{closure}(Object(Illuminate\\Http\\Request))
#45 C:\\xampp\\htdocs\\grupocorein\\core\\vendor\\laravel\\framework\\src\\Illuminate\\Foundation\\Http\\Kernel.php(140): Illuminate\\Pipeline\\Pipeline->then(Object(Closure))
#46 C:\\xampp\\htdocs\\grupocorein\\core\\vendor\\laravel\\framework\\src\\Illuminate\\Foundation\\Http\\Kernel.php(109): Illuminate\\Foundation\\Http\\Kernel->sendRequestThroughRouter(Object(Illuminate\\Http\\Request))
#47 C:\\xampp\\htdocs\\grupocorein\\index.php(55): Illuminate\\Foundation\\Http\\Kernel->handle(Object(Illuminate\\Http\\Request))
#48 {main}
"} 
[2024-04-28 10:21:56] production.ERROR: SQLSTATE[HY000] [2002] No se puede establecer una conexión ya que el equipo de destino denegó expresamente dicha conexión.
 (SQL: select * from `settings` where `id` = 1 limit 1) {"exception":"[object] (Illuminate\\Database\\QueryException(code: 2002): SQLSTATE[HY000] [2002] No se puede establecer una conexión ya que el equipo de destino denegó expresamente dicha conexión.

 (SQL: select * from `settings` where `id` = 1 limit 1) at C:\\xampp\\htdocs\\grupocorein\\core\\vendor\\laravel\\framework\\src\\Illuminate\\Database\\Connection.php:671)
[stacktrace]
#0 C:\\xampp\\htdocs\\grupocorein\\core\\vendor\\laravel\\framework\\src\\Illuminate\\Database\\Connection.php(631): Illuminate\\Database\\Connection->runQueryCallback('select * from `...', Array, Object(Closure))
#1 C:\\xampp\\htdocs\\grupocorein\\core\\vendor\\laravel\\framework\\src\\Illuminate\\Database\\Connection.php(339): Illuminate\\Database\\Connection->run('select * from `...', Array, Object(Closure))
#2 C:\\xampp\\htdocs\\grupocorein\\core\\vendor\\laravel\\framework\\src\\Illuminate\\Database\\Query\\Builder.php(2270): Illuminate\\Database\\Connection->select('select * from `...', Array, true)
#3 C:\\xampp\\htdocs\\grupocorein\\core\\vendor\\laravel\\framework\\src\\Illuminate\\Database\\Query\\Builder.php(2258): Illuminate\\Database\\Query\\Builder->runSelect()
#4 C:\\xampp\\htdocs\\grupocorein\\core\\vendor\\laravel\\framework\\src\\Illuminate\\Database\\Query\\Builder.php(2753): Illuminate\\Database\\Query\\Builder->Illuminate\\Database\\Query\\{closure}()
#5 C:\\xampp\\htdocs\\grupocorein\\core\\vendor\\laravel\\framework\\src\\Illuminate\\Database\\Query\\Builder.php(2259): Illuminate\\Database\\Query\\Builder->onceWithColumns(Array, Object(Closure))
#6 C:\\xampp\\htdocs\\grupocorein\\core\\vendor\\laravel\\framework\\src\\Illuminate\\Database\\Concerns\\BuildsQueries.php(143): Illuminate\\Database\\Query\\Builder->get(Array)
#7 C:\\xampp\\htdocs\\grupocorein\\core\\vendor\\laravel\\framework\\src\\Illuminate\\Database\\Query\\Builder.php(2233): Illuminate\\Database\\Query\\Builder->first(Array)
#8 C:\\xampp\\htdocs\\grupocorein\\core\\app\\Providers\\AppServiceProvider.php(17): Illuminate\\Database\\Query\\Builder->find(1)
#9 C:\\xampp\\htdocs\\grupocorein\\core\\vendor\\laravel\\framework\\src\\Illuminate\\View\\Concerns\\ManagesEvents.php(162): App\\Providers\\AppServiceProvider->App\\Providers\\{closure}(Object(Illuminate\\View\\View))
#10 C:\\xampp\\htdocs\\grupocorein\\core\\vendor\\laravel\\framework\\src\\Illuminate\\Events\\Dispatcher.php(378): Illuminate\\View\\Factory->Illuminate\\View\\Concerns\\{closure}('composing: erro...', Array)
#11 C:\\xampp\\htdocs\\grupocorein\\core\\vendor\\laravel\\framework\\src\\Illuminate\\Events\\Dispatcher.php(226): Illuminate\\Events\\Dispatcher->Illuminate\\Events\\{closure}('composing: erro...', Array)
#12 C:\\xampp\\htdocs\\grupocorein\\core\\vendor\\laravel\\framework\\src\\Illuminate\\View\\Concerns\\ManagesEvents.php(177): Illuminate\\Events\\Dispatcher->dispatch('composing: erro...', Array)
#13 C:\\xampp\\htdocs\\grupocorein\\core\\vendor\\laravel\\framework\\src\\Illuminate\\View\\View.php(120): Illuminate\\View\\Factory->callComposer(Object(Illuminate\\View\\View))
#14 C:\\xampp\\htdocs\\grupocorein\\core\\vendor\\laravel\\framework\\src\\Illuminate\\View\\View.php(91): Illuminate\\View\\View->renderContents()
#15 C:\\xampp\\htdocs\\grupocorein\\core\\vendor\\laravel\\framework\\src\\Illuminate\\Http\\Response.php(62): Illuminate\\View\\View->render()
#16 C:\\xampp\\htdocs\\grupocorein\\core\\vendor\\laravel\\framework\\src\\Illuminate\\Http\\Response.php(34): Illuminate\\Http\\Response->setContent(Object(Illuminate\\View\\View))
#17 C:\\xampp\\htdocs\\grupocorein\\core\\vendor\\laravel\\framework\\src\\Illuminate\\Routing\\ResponseFactory.php(55): Illuminate\\Http\\Response->__construct(Object(Illuminate\\View\\View), 500, Array)
#18 C:\\xampp\\htdocs\\grupocorein\\core\\vendor\\laravel\\framework\\src\\Illuminate\\Routing\\ResponseFactory.php(85): Illuminate\\Routing\\ResponseFactory->make(Object(Illuminate\\View\\View), 500, Array)
#19 C:\\xampp\\htdocs\\grupocorein\\core\\vendor\\laravel\\framework\\src\\Illuminate\\Foundation\\Exceptions\\Handler.php(409): Illuminate\\Routing\\ResponseFactory->view('errors::500', Array, 500, Array)
#20 C:\\xampp\\htdocs\\grupocorein\\core\\vendor\\laravel\\framework\\src\\Illuminate\\Foundation\\Exceptions\\Handler.php(314): Illuminate\\Foundation\\Exceptions\\Handler->renderHttpException(Object(Symfony\\Component\\HttpKernel\\Exception\\HttpException))
#21 C:\\xampp\\htdocs\\grupocorein\\core\\vendor\\laravel\\framework\\src\\Illuminate\\Foundation\\Exceptions\\Handler.php(211): Illuminate\\Foundation\\Exceptions\\Handler->prepareResponse(Object(Illuminate\\Http\\Request), Object(Symfony\\Component\\HttpKernel\\Exception\\HttpException))
#22 C:\\xampp\\htdocs\\grupocorein\\core\\app\\Exceptions\\Handler.php(58): Illuminate\\Foundation\\Exceptions\\Handler->render(Object(Illuminate\\Http\\Request), Object(Illuminate\\Database\\QueryException))
#23 C:\\xampp\\htdocs\\grupocorein\\core\\vendor\\laravel\\framework\\src\\Illuminate\\Routing\\Pipeline.php(51): App\\Exceptions\\Handler->render(Object(Illuminate\\Http\\Request), Object(Illuminate\\Database\\QueryException))
#24 C:\\xampp\\htdocs\\grupocorein\\core\\vendor\\laravel\\framework\\src\\Illuminate\\Pipeline\\Pipeline.php(172): Illuminate\\Routing\\Pipeline->handleException(Object(Illuminate\\Http\\Request), Object(Illuminate\\Database\\QueryException))
#25 C:\\xampp\\htdocs\\grupocorein\\core\\vendor\\laravel\\framework\\src\\Illuminate\\Foundation\\Http\\Middleware\\TransformsRequest.php(21): Illuminate\\Pipeline\\Pipeline->Illuminate\\Pipeline\\{closure}(Object(Illuminate\\Http\\Request))
#26 C:\\xampp\\htdocs\\grupocorein\\core\\vendor\\laravel\\framework\\src\\Illuminate\\Pipeline\\Pipeline.php(167): Illuminate\\Foundation\\Http\\Middleware\\TransformsRequest->handle(Object(Illuminate\\Http\\Request), Object(Closure))
#27 C:\\xampp\\htdocs\\grupocorein\\core\\vendor\\laravel\\framework\\src\\Illuminate\\Foundation\\Http\\Middleware\\ValidatePostSize.php(27): Illuminate\\Pipeline\\Pipeline->Illuminate\\Pipeline\\{closure}(Object(Illuminate\\Http\\Request))
#28 C:\\xampp\\htdocs\\grupocorein\\core\\vendor\\laravel\\framework\\src\\Illuminate\\Pipeline\\Pipeline.php(167): Illuminate\\Foundation\\Http\\Middleware\\ValidatePostSize->handle(Object(Illuminate\\Http\\Request), Object(Closure))
#29 C:\\xampp\\htdocs\\grupocorein\\core\\vendor\\laravel\\framework\\src\\Illuminate\\Foundation\\Http\\Middleware\\CheckForMaintenanceMode.php(63): Illuminate\\Pipeline\\Pipeline->Illuminate\\Pipeline\\{closure}(Object(Illuminate\\Http\\Request))
#30 C:\\xampp\\htdocs\\grupocorein\\core\\vendor\\laravel\\framework\\src\\Illuminate\\Pipeline\\Pipeline.php(167): Illuminate\\Foundation\\Http\\Middleware\\CheckForMaintenanceMode->handle(Object(Illuminate\\Http\\Request), Object(Closure))
#31 C:\\xampp\\htdocs\\grupocorein\\core\\vendor\\laravel\\framework\\src\\Illuminate\\Pipeline\\Pipeline.php(103): Illuminate\\Pipeline\\Pipeline->Illuminate\\Pipeline\\{closure}(Object(Illuminate\\Http\\Request))
#32 C:\\xampp\\htdocs\\grupocorein\\core\\vendor\\laravel\\framework\\src\\Illuminate\\Foundation\\Http\\Kernel.php(140): Illuminate\\Pipeline\\Pipeline->then(Object(Closure))
#33 C:\\xampp\\htdocs\\grupocorein\\core\\vendor\\laravel\\framework\\src\\Illuminate\\Foundation\\Http\\Kernel.php(109): Illuminate\\Foundation\\Http\\Kernel->sendRequestThroughRouter(Object(Illuminate\\Http\\Request))
#34 C:\\xampp\\htdocs\\grupocorein\\index.php(55): Illuminate\\Foundation\\Http\\Kernel->handle(Object(Illuminate\\Http\\Request))
#35 {main}

[previous exception] [object] (Doctrine\\DBAL\\Driver\\PDO\\Exception(code: 2002): SQLSTATE[HY000] [2002] No se puede establecer una conexión ya que el equipo de destino denegó expresamente dicha conexión.

 at C:\\xampp\\htdocs\\grupocorein\\core\\vendor\\doctrine\\dbal\\lib\\Doctrine\\DBAL\\Driver\\PDO\\Exception.php:18)
[stacktrace]
#0 C:\\xampp\\htdocs\\grupocorein\\core\\vendor\\doctrine\\dbal\\lib\\Doctrine\\DBAL\\Driver\\PDOConnection.php(44): Doctrine\\DBAL\\Driver\\PDO\\Exception::new(Object(PDOException))
#1 C:\\xampp\\htdocs\\grupocorein\\core\\vendor\\laravel\\framework\\src\\Illuminate\\Database\\Connectors\\Connector.php(67): Doctrine\\DBAL\\Driver\\PDOConnection->__construct('mysql:host=127....', 'forge', '', Array)
#2 C:\\xampp\\htdocs\\grupocorein\\core\\vendor\\laravel\\framework\\src\\Illuminate\\Database\\Connectors\\Connector.php(46): Illuminate\\Database\\Connectors\\Connector->createPdoConnection('mysql:host=127....', 'forge', '', Array)
#3 C:\\xampp\\htdocs\\grupocorein\\core\\vendor\\laravel\\framework\\src\\Illuminate\\Database\\Connectors\\MySqlConnector.php(24): Illuminate\\Database\\Connectors\\Connector->createConnection('mysql:host=127....', Array, Array)
#4 C:\\xampp\\htdocs\\grupocorein\\core\\vendor\\laravel\\framework\\src\\Illuminate\\Database\\Connectors\\ConnectionFactory.php(184): Illuminate\\Database\\Connectors\\MySqlConnector->connect(Array)
#5 [internal function]: Illuminate\\Database\\Connectors\\ConnectionFactory->Illuminate\\Database\\Connectors\\{closure}()
#6 C:\\xampp\\htdocs\\grupocorein\\core\\vendor\\laravel\\framework\\src\\Illuminate\\Database\\Connection.php(926): call_user_func(Object(Closure))
#7 C:\\xampp\\htdocs\\grupocorein\\core\\vendor\\laravel\\framework\\src\\Illuminate\\Database\\Connection.php(961): Illuminate\\Database\\Connection->getPdo()
#8 C:\\xampp\\htdocs\\grupocorein\\core\\vendor\\laravel\\framework\\src\\Illuminate\\Database\\Connection.php(405): Illuminate\\Database\\Connection->getReadPdo()
#9 C:\\xampp\\htdocs\\grupocorein\\core\\vendor\\laravel\\framework\\src\\Illuminate\\Database\\Connection.php(331): Illuminate\\Database\\Connection->getPdoForSelect(true)
#10 C:\\xampp\\htdocs\\grupocorein\\core\\vendor\\laravel\\framework\\src\\Illuminate\\Database\\Connection.php(664): Illuminate\\Database\\Connection->Illuminate\\Database\\{closure}('select * from `...', Array)
#11 C:\\xampp\\htdocs\\grupocorein\\core\\vendor\\laravel\\framework\\src\\Illuminate\\Database\\Connection.php(631): Illuminate\\Database\\Connection->runQueryCallback('select * from `...', Array, Object(Closure))
#12 C:\\xampp\\htdocs\\grupocorein\\core\\vendor\\laravel\\framework\\src\\Illuminate\\Database\\Connection.php(339): Illuminate\\Database\\Connection->run('select * from `...', Array, Object(Closure))
#13 C:\\xampp\\htdocs\\grupocorein\\core\\vendor\\laravel\\framework\\src\\Illuminate\\Database\\Query\\Builder.php(2270): Illuminate\\Database\\Connection->select('select * from `...', Array, true)
#14 C:\\xampp\\htdocs\\grupocorein\\core\\vendor\\laravel\\framework\\src\\Illuminate\\Database\\Query\\Builder.php(2258): Illuminate\\Database\\Query\\Builder->runSelect()
#15 C:\\xampp\\htdocs\\grupocorein\\core\\vendor\\laravel\\framework\\src\\Illuminate\\Database\\Query\\Builder.php(2753): Illuminate\\Database\\Query\\Builder->Illuminate\\Database\\Query\\{closure}()
#16 C:\\xampp\\htdocs\\grupocorein\\core\\vendor\\laravel\\framework\\src\\Illuminate\\Database\\Query\\Builder.php(2259): Illuminate\\Database\\Query\\Builder->onceWithColumns(Array, Object(Closure))
#17 C:\\xampp\\htdocs\\grupocorein\\core\\vendor\\laravel\\framework\\src\\Illuminate\\Database\\Concerns\\BuildsQueries.php(143): Illuminate\\Database\\Query\\Builder->get(Array)
#18 C:\\xampp\\htdocs\\grupocorein\\core\\vendor\\laravel\\framework\\src\\Illuminate\\Database\\Query\\Builder.php(2233): Illuminate\\Database\\Query\\Builder->first(Array)
#19 C:\\xampp\\htdocs\\grupocorein\\core\\app\\Providers\\AppServiceProvider.php(17): Illuminate\\Database\\Query\\Builder->find(1)
#20 C:\\xampp\\htdocs\\grupocorein\\core\\vendor\\laravel\\framework\\src\\Illuminate\\View\\Concerns\\ManagesEvents.php(162): App\\Providers\\AppServiceProvider->App\\Providers\\{closure}(Object(Illuminate\\View\\View))
#21 C:\\xampp\\htdocs\\grupocorein\\core\\vendor\\laravel\\framework\\src\\Illuminate\\Events\\Dispatcher.php(378): Illuminate\\View\\Factory->Illuminate\\View\\Concerns\\{closure}('composing: erro...', Array)
#22 C:\\xampp\\htdocs\\grupocorein\\core\\vendor\\laravel\\framework\\src\\Illuminate\\Events\\Dispatcher.php(226): Illuminate\\Events\\Dispatcher->Illuminate\\Events\\{closure}('composing: erro...', Array)
#23 C:\\xampp\\htdocs\\grupocorein\\core\\vendor\\laravel\\framework\\src\\Illuminate\\View\\Concerns\\ManagesEvents.php(177): Illuminate\\Events\\Dispatcher->dispatch('composing: erro...', Array)
#24 C:\\xampp\\htdocs\\grupocorein\\core\\vendor\\laravel\\framework\\src\\Illuminate\\View\\View.php(120): Illuminate\\View\\Factory->callComposer(Object(Illuminate\\View\\View))
#25 C:\\xampp\\htdocs\\grupocorein\\core\\vendor\\laravel\\framework\\src\\Illuminate\\View\\View.php(91): Illuminate\\View\\View->renderContents()
#26 C:\\xampp\\htdocs\\grupocorein\\core\\vendor\\laravel\\framework\\src\\Illuminate\\Http\\Response.php(62): Illuminate\\View\\View->render()
#27 C:\\xampp\\htdocs\\grupocorein\\core\\vendor\\laravel\\framework\\src\\Illuminate\\Http\\Response.php(34): Illuminate\\Http\\Response->setContent(Object(Illuminate\\View\\View))
#28 C:\\xampp\\htdocs\\grupocorein\\core\\vendor\\laravel\\framework\\src\\Illuminate\\Routing\\ResponseFactory.php(55): Illuminate\\Http\\Response->__construct(Object(Illuminate\\View\\View), 500, Array)
#29 C:\\xampp\\htdocs\\grupocorein\\core\\vendor\\laravel\\framework\\src\\Illuminate\\Routing\\ResponseFactory.php(85): Illuminate\\Routing\\ResponseFactory->make(Object(Illuminate\\View\\View), 500, Array)
#30 C:\\xampp\\htdocs\\grupocorein\\core\\vendor\\laravel\\framework\\src\\Illuminate\\Foundation\\Exceptions\\Handler.php(409): Illuminate\\Routing\\ResponseFactory->view('errors::500', Array, 500, Array)
#31 C:\\xampp\\htdocs\\grupocorein\\core\\vendor\\laravel\\framework\\src\\Illuminate\\Foundation\\Exceptions\\Handler.php(314): Illuminate\\Foundation\\Exceptions\\Handler->renderHttpException(Object(Symfony\\Component\\HttpKernel\\Exception\\HttpException))
#32 C:\\xampp\\htdocs\\grupocorein\\core\\vendor\\laravel\\framework\\src\\Illuminate\\Foundation\\Exceptions\\Handler.php(211): Illuminate\\Foundation\\Exceptions\\Handler->prepareResponse(Object(Illuminate\\Http\\Request), Object(Symfony\\Component\\HttpKernel\\Exception\\HttpException))
#33 C:\\xampp\\htdocs\\grupocorein\\core\\app\\Exceptions\\Handler.php(58): Illuminate\\Foundation\\Exceptions\\Handler->render(Object(Illuminate\\Http\\Request), Object(Illuminate\\Database\\QueryException))
#34 C:\\xampp\\htdocs\\grupocorein\\core\\vendor\\laravel\\framework\\src\\Illuminate\\Routing\\Pipeline.php(51): App\\Exceptions\\Handler->render(Object(Illuminate\\Http\\Request), Object(Illuminate\\Database\\QueryException))
#35 C:\\xampp\\htdocs\\grupocorein\\core\\vendor\\laravel\\framework\\src\\Illuminate\\Pipeline\\Pipeline.php(172): Illuminate\\Routing\\Pipeline->handleException(Object(Illuminate\\Http\\Request), Object(Illuminate\\Database\\QueryException))
#36 C:\\xampp\\htdocs\\grupocorein\\core\\vendor\\laravel\\framework\\src\\Illuminate\\Foundation\\Http\\Middleware\\TransformsRequest.php(21): Illuminate\\Pipeline\\Pipeline->Illuminate\\Pipeline\\{closure}(Object(Illuminate\\Http\\Request))
#37 C:\\xampp\\htdocs\\grupocorein\\core\\vendor\\laravel\\framework\\src\\Illuminate\\Pipeline\\Pipeline.php(167): Illuminate\\Foundation\\Http\\Middleware\\TransformsRequest->handle(Object(Illuminate\\Http\\Request), Object(Closure))
#38 C:\\xampp\\htdocs\\grupocorein\\core\\vendor\\laravel\\framework\\src\\Illuminate\\Foundation\\Http\\Middleware\\ValidatePostSize.php(27): Illuminate\\Pipeline\\Pipeline->Illuminate\\Pipeline\\{closure}(Object(Illuminate\\Http\\Request))
#39 C:\\xampp\\htdocs\\grupocorein\\core\\vendor\\laravel\\framework\\src\\Illuminate\\Pipeline\\Pipeline.php(167): Illuminate\\Foundation\\Http\\Middleware\\ValidatePostSize->handle(Object(Illuminate\\Http\\Request), Object(Closure))
#40 C:\\xampp\\htdocs\\grupocorein\\core\\vendor\\laravel\\framework\\src\\Illuminate\\Foundation\\Http\\Middleware\\CheckForMaintenanceMode.php(63): Illuminate\\Pipeline\\Pipeline->Illuminate\\Pipeline\\{closure}(Object(Illuminate\\Http\\Request))
#41 C:\\xampp\\htdocs\\grupocorein\\core\\vendor\\laravel\\framework\\src\\Illuminate\\Pipeline\\Pipeline.php(167): Illuminate\\Foundation\\Http\\Middleware\\CheckForMaintenanceMode->handle(Object(Illuminate\\Http\\Request), Object(Closure))
#42 C:\\xampp\\htdocs\\grupocorein\\core\\vendor\\laravel\\framework\\src\\Illuminate\\Pipeline\\Pipeline.php(103): Illuminate\\Pipeline\\Pipeline->Illuminate\\Pipeline\\{closure}(Object(Illuminate\\Http\\Request))
#43 C:\\xampp\\htdocs\\grupocorein\\core\\vendor\\laravel\\framework\\src\\Illuminate\\Foundation\\Http\\Kernel.php(140): Illuminate\\Pipeline\\Pipeline->then(Object(Closure))
#44 C:\\xampp\\htdocs\\grupocorein\\core\\vendor\\laravel\\framework\\src\\Illuminate\\Foundation\\Http\\Kernel.php(109): Illuminate\\Foundation\\Http\\Kernel->sendRequestThroughRouter(Object(Illuminate\\Http\\Request))
#45 C:\\xampp\\htdocs\\grupocorein\\index.php(55): Illuminate\\Foundation\\Http\\Kernel->handle(Object(Illuminate\\Http\\Request))
#46 {main}

[previous exception] [object] (PDOException(code: 2002): SQLSTATE[HY000] [2002] No se puede establecer una conexión ya que el equipo de destino denegó expresamente dicha conexión.

 at C:\\xampp\\htdocs\\grupocorein\\core\\vendor\\doctrine\\dbal\\lib\\Doctrine\\DBAL\\Driver\\PDOConnection.php:40)
[stacktrace]
#0 C:\\xampp\\htdocs\\grupocorein\\core\\vendor\\doctrine\\dbal\\lib\\Doctrine\\DBAL\\Driver\\PDOConnection.php(40): PDO->__construct('mysql:host=127....', 'forge', '', Array)
#1 C:\\xampp\\htdocs\\grupocorein\\core\\vendor\\laravel\\framework\\src\\Illuminate\\Database\\Connectors\\Connector.php(67): Doctrine\\DBAL\\Driver\\PDOConnection->__construct('mysql:host=127....', 'forge', '', Array)
#2 C:\\xampp\\htdocs\\grupocorein\\core\\vendor\\laravel\\framework\\src\\Illuminate\\Database\\Connectors\\Connector.php(46): Illuminate\\Database\\Connectors\\Connector->createPdoConnection('mysql:host=127....', 'forge', '', Array)
#3 C:\\xampp\\htdocs\\grupocorein\\core\\vendor\\laravel\\framework\\src\\Illuminate\\Database\\Connectors\\MySqlConnector.php(24): Illuminate\\Database\\Connectors\\Connector->createConnection('mysql:host=127....', Array, Array)
#4 C:\\xampp\\htdocs\\grupocorein\\core\\vendor\\laravel\\framework\\src\\Illuminate\\Database\\Connectors\\ConnectionFactory.php(184): Illuminate\\Database\\Connectors\\MySqlConnector->connect(Array)
#5 [internal function]: Illuminate\\Database\\Connectors\\ConnectionFactory->Illuminate\\Database\\Connectors\\{closure}()
#6 C:\\xampp\\htdocs\\grupocorein\\core\\vendor\\laravel\\framework\\src\\Illuminate\\Database\\Connection.php(926): call_user_func(Object(Closure))
#7 C:\\xampp\\htdocs\\grupocorein\\core\\vendor\\laravel\\framework\\src\\Illuminate\\Database\\Connection.php(961): Illuminate\\Database\\Connection->getPdo()
#8 C:\\xampp\\htdocs\\grupocorein\\core\\vendor\\laravel\\framework\\src\\Illuminate\\Database\\Connection.php(405): Illuminate\\Database\\Connection->getReadPdo()
#9 C:\\xampp\\htdocs\\grupocorein\\core\\vendor\\laravel\\framework\\src\\Illuminate\\Database\\Connection.php(331): Illuminate\\Database\\Connection->getPdoForSelect(true)
#10 C:\\xampp\\htdocs\\grupocorein\\core\\vendor\\laravel\\framework\\src\\Illuminate\\Database\\Connection.php(664): Illuminate\\Database\\Connection->Illuminate\\Database\\{closure}('select * from `...', Array)
#11 C:\\xampp\\htdocs\\grupocorein\\core\\vendor\\laravel\\framework\\src\\Illuminate\\Database\\Connection.php(631): Illuminate\\Database\\Connection->runQueryCallback('select * from `...', Array, Object(Closure))
#12 C:\\xampp\\htdocs\\grupocorein\\core\\vendor\\laravel\\framework\\src\\Illuminate\\Database\\Connection.php(339): Illuminate\\Database\\Connection->run('select * from `...', Array, Object(Closure))
#13 C:\\xampp\\htdocs\\grupocorein\\core\\vendor\\laravel\\framework\\src\\Illuminate\\Database\\Query\\Builder.php(2270): Illuminate\\Database\\Connection->select('select * from `...', Array, true)
#14 C:\\xampp\\htdocs\\grupocorein\\core\\vendor\\laravel\\framework\\src\\Illuminate\\Database\\Query\\Builder.php(2258): Illuminate\\Database\\Query\\Builder->runSelect()
#15 C:\\xampp\\htdocs\\grupocorein\\core\\vendor\\laravel\\framework\\src\\Illuminate\\Database\\Query\\Builder.php(2753): Illuminate\\Database\\Query\\Builder->Illuminate\\Database\\Query\\{closure}()
#16 C:\\xampp\\htdocs\\grupocorein\\core\\vendor\\laravel\\framework\\src\\Illuminate\\Database\\Query\\Builder.php(2259): Illuminate\\Database\\Query\\Builder->onceWithColumns(Array, Object(Closure))
#17 C:\\xampp\\htdocs\\grupocorein\\core\\vendor\\laravel\\framework\\src\\Illuminate\\Database\\Concerns\\BuildsQueries.php(143): Illuminate\\Database\\Query\\Builder->get(Array)
#18 C:\\xampp\\htdocs\\grupocorein\\core\\vendor\\laravel\\framework\\src\\Illuminate\\Database\\Query\\Builder.php(2233): Illuminate\\Database\\Query\\Builder->first(Array)
#19 C:\\xampp\\htdocs\\grupocorein\\core\\app\\Providers\\AppServiceProvider.php(17): Illuminate\\Database\\Query\\Builder->find(1)
#20 C:\\xampp\\htdocs\\grupocorein\\core\\vendor\\laravel\\framework\\src\\Illuminate\\View\\Concerns\\ManagesEvents.php(162): App\\Providers\\AppServiceProvider->App\\Providers\\{closure}(Object(Illuminate\\View\\View))
#21 C:\\xampp\\htdocs\\grupocorein\\core\\vendor\\laravel\\framework\\src\\Illuminate\\Events\\Dispatcher.php(378): Illuminate\\View\\Factory->Illuminate\\View\\Concerns\\{closure}('composing: erro...', Array)
#22 C:\\xampp\\htdocs\\grupocorein\\core\\vendor\\laravel\\framework\\src\\Illuminate\\Events\\Dispatcher.php(226): Illuminate\\Events\\Dispatcher->Illuminate\\Events\\{closure}('composing: erro...', Array)
#23 C:\\xampp\\htdocs\\grupocorein\\core\\vendor\\laravel\\framework\\src\\Illuminate\\View\\Concerns\\ManagesEvents.php(177): Illuminate\\Events\\Dispatcher->dispatch('composing: erro...', Array)
#24 C:\\xampp\\htdocs\\grupocorein\\core\\vendor\\laravel\\framework\\src\\Illuminate\\View\\View.php(120): Illuminate\\View\\Factory->callComposer(Object(Illuminate\\View\\View))
#25 C:\\xampp\\htdocs\\grupocorein\\core\\vendor\\laravel\\framework\\src\\Illuminate\\View\\View.php(91): Illuminate\\View\\View->renderContents()
#26 C:\\xampp\\htdocs\\grupocorein\\core\\vendor\\laravel\\framework\\src\\Illuminate\\Http\\Response.php(62): Illuminate\\View\\View->render()
#27 C:\\xampp\\htdocs\\grupocorein\\core\\vendor\\laravel\\framework\\src\\Illuminate\\Http\\Response.php(34): Illuminate\\Http\\Response->setContent(Object(Illuminate\\View\\View))
#28 C:\\xampp\\htdocs\\grupocorein\\core\\vendor\\laravel\\framework\\src\\Illuminate\\Routing\\ResponseFactory.php(55): Illuminate\\Http\\Response->__construct(Object(Illuminate\\View\\View), 500, Array)
#29 C:\\xampp\\htdocs\\grupocorein\\core\\vendor\\laravel\\framework\\src\\Illuminate\\Routing\\ResponseFactory.php(85): Illuminate\\Routing\\ResponseFactory->make(Object(Illuminate\\View\\View), 500, Array)
#30 C:\\xampp\\htdocs\\grupocorein\\core\\vendor\\laravel\\framework\\src\\Illuminate\\Foundation\\Exceptions\\Handler.php(409): Illuminate\\Routing\\ResponseFactory->view('errors::500', Array, 500, Array)
#31 C:\\xampp\\htdocs\\grupocorein\\core\\vendor\\laravel\\framework\\src\\Illuminate\\Foundation\\Exceptions\\Handler.php(314): Illuminate\\Foundation\\Exceptions\\Handler->renderHttpException(Object(Symfony\\Component\\HttpKernel\\Exception\\HttpException))
#32 C:\\xampp\\htdocs\\grupocorein\\core\\vendor\\laravel\\framework\\src\\Illuminate\\Foundation\\Exceptions\\Handler.php(211): Illuminate\\Foundation\\Exceptions\\Handler->prepareResponse(Object(Illuminate\\Http\\Request), Object(Symfony\\Component\\HttpKernel\\Exception\\HttpException))
#33 C:\\xampp\\htdocs\\grupocorein\\core\\app\\Exceptions\\Handler.php(58): Illuminate\\Foundation\\Exceptions\\Handler->render(Object(Illuminate\\Http\\Request), Object(Illuminate\\Database\\QueryException))
#34 C:\\xampp\\htdocs\\grupocorein\\core\\vendor\\laravel\\framework\\src\\Illuminate\\Routing\\Pipeline.php(51): App\\Exceptions\\Handler->render(Object(Illuminate\\Http\\Request), Object(Illuminate\\Database\\QueryException))
#35 C:\\xampp\\htdocs\\grupocorein\\core\\vendor\\laravel\\framework\\src\\Illuminate\\Pipeline\\Pipeline.php(172): Illuminate\\Routing\\Pipeline->handleException(Object(Illuminate\\Http\\Request), Object(Illuminate\\Database\\QueryException))
#36 C:\\xampp\\htdocs\\grupocorein\\core\\vendor\\laravel\\framework\\src\\Illuminate\\Foundation\\Http\\Middleware\\TransformsRequest.php(21): Illuminate\\Pipeline\\Pipeline->Illuminate\\Pipeline\\{closure}(Object(Illuminate\\Http\\Request))
#37 C:\\xampp\\htdocs\\grupocorein\\core\\vendor\\laravel\\framework\\src\\Illuminate\\Pipeline\\Pipeline.php(167): Illuminate\\Foundation\\Http\\Middleware\\TransformsRequest->handle(Object(Illuminate\\Http\\Request), Object(Closure))
#38 C:\\xampp\\htdocs\\grupocorein\\core\\vendor\\laravel\\framework\\src\\Illuminate\\Foundation\\Http\\Middleware\\ValidatePostSize.php(27): Illuminate\\Pipeline\\Pipeline->Illuminate\\Pipeline\\{closure}(Object(Illuminate\\Http\\Request))
#39 C:\\xampp\\htdocs\\grupocorein\\core\\vendor\\laravel\\framework\\src\\Illuminate\\Pipeline\\Pipeline.php(167): Illuminate\\Foundation\\Http\\Middleware\\ValidatePostSize->handle(Object(Illuminate\\Http\\Request), Object(Closure))
#40 C:\\xampp\\htdocs\\grupocorein\\core\\vendor\\laravel\\framework\\src\\Illuminate\\Foundation\\Http\\Middleware\\CheckForMaintenanceMode.php(63): Illuminate\\Pipeline\\Pipeline->Illuminate\\Pipeline\\{closure}(Object(Illuminate\\Http\\Request))
#41 C:\\xampp\\htdocs\\grupocorein\\core\\vendor\\laravel\\framework\\src\\Illuminate\\Pipeline\\Pipeline.php(167): Illuminate\\Foundation\\Http\\Middleware\\CheckForMaintenanceMode->handle(Object(Illuminate\\Http\\Request), Object(Closure))
#42 C:\\xampp\\htdocs\\grupocorein\\core\\vendor\\laravel\\framework\\src\\Illuminate\\Pipeline\\Pipeline.php(103): Illuminate\\Pipeline\\Pipeline->Illuminate\\Pipeline\\{closure}(Object(Illuminate\\Http\\Request))
#43 C:\\xampp\\htdocs\\grupocorein\\core\\vendor\\laravel\\framework\\src\\Illuminate\\Foundation\\Http\\Kernel.php(140): Illuminate\\Pipeline\\Pipeline->then(Object(Closure))
#44 C:\\xampp\\htdocs\\grupocorein\\core\\vendor\\laravel\\framework\\src\\Illuminate\\Foundation\\Http\\Kernel.php(109): Illuminate\\Foundation\\Http\\Kernel->sendRequestThroughRouter(Object(Illuminate\\Http\\Request))
#45 C:\\xampp\\htdocs\\grupocorein\\index.php(55): Illuminate\\Foundation\\Http\\Kernel->handle(Object(Illuminate\\Http\\Request))
#46 {main}
"} 
[2024-04-28 10:21:58] production.ERROR: SQLSTATE[HY000] [2002] No se puede establecer una conexión ya que el equipo de destino denegó expresamente dicha conexión.
 (SQL: select * from `settings` where `id` = 1 limit 1) {"exception":"[object] (Illuminate\\Database\\QueryException(code: 2002): SQLSTATE[HY000] [2002] No se puede establecer una conexión ya que el equipo de destino denegó expresamente dicha conexión.

 (SQL: select * from `settings` where `id` = 1 limit 1) at C:\\xampp\\htdocs\\grupocorein\\core\\vendor\\laravel\\framework\\src\\Illuminate\\Database\\Connection.php:671)
[stacktrace]
#0 C:\\xampp\\htdocs\\grupocorein\\core\\vendor\\laravel\\framework\\src\\Illuminate\\Database\\Connection.php(631): Illuminate\\Database\\Connection->runQueryCallback('select * from `...', Array, Object(Closure))
#1 C:\\xampp\\htdocs\\grupocorein\\core\\vendor\\laravel\\framework\\src\\Illuminate\\Database\\Connection.php(339): Illuminate\\Database\\Connection->run('select * from `...', Array, Object(Closure))
#2 C:\\xampp\\htdocs\\grupocorein\\core\\vendor\\laravel\\framework\\src\\Illuminate\\Database\\Query\\Builder.php(2270): Illuminate\\Database\\Connection->select('select * from `...', Array, true)
#3 C:\\xampp\\htdocs\\grupocorein\\core\\vendor\\laravel\\framework\\src\\Illuminate\\Database\\Query\\Builder.php(2258): Illuminate\\Database\\Query\\Builder->runSelect()
#4 C:\\xampp\\htdocs\\grupocorein\\core\\vendor\\laravel\\framework\\src\\Illuminate\\Database\\Query\\Builder.php(2753): Illuminate\\Database\\Query\\Builder->Illuminate\\Database\\Query\\{closure}()
#5 C:\\xampp\\htdocs\\grupocorein\\core\\vendor\\laravel\\framework\\src\\Illuminate\\Database\\Query\\Builder.php(2259): Illuminate\\Database\\Query\\Builder->onceWithColumns(Array, Object(Closure))
#6 C:\\xampp\\htdocs\\grupocorein\\core\\vendor\\laravel\\framework\\src\\Illuminate\\Database\\Concerns\\BuildsQueries.php(143): Illuminate\\Database\\Query\\Builder->get(Array)
#7 C:\\xampp\\htdocs\\grupocorein\\core\\vendor\\laravel\\framework\\src\\Illuminate\\Database\\Query\\Builder.php(2233): Illuminate\\Database\\Query\\Builder->first(Array)
#8 C:\\xampp\\htdocs\\grupocorein\\core\\app\\Providers\\AppServiceProvider.php(17): Illuminate\\Database\\Query\\Builder->find(1)
#9 C:\\xampp\\htdocs\\grupocorein\\core\\vendor\\laravel\\framework\\src\\Illuminate\\View\\Concerns\\ManagesEvents.php(162): App\\Providers\\AppServiceProvider->App\\Providers\\{closure}(Object(Illuminate\\View\\View))
#10 C:\\xampp\\htdocs\\grupocorein\\core\\vendor\\laravel\\framework\\src\\Illuminate\\Events\\Dispatcher.php(378): Illuminate\\View\\Factory->Illuminate\\View\\Concerns\\{closure}('composing: erro...', Array)
#11 C:\\xampp\\htdocs\\grupocorein\\core\\vendor\\laravel\\framework\\src\\Illuminate\\Events\\Dispatcher.php(226): Illuminate\\Events\\Dispatcher->Illuminate\\Events\\{closure}('composing: erro...', Array)
#12 C:\\xampp\\htdocs\\grupocorein\\core\\vendor\\laravel\\framework\\src\\Illuminate\\View\\Concerns\\ManagesEvents.php(177): Illuminate\\Events\\Dispatcher->dispatch('composing: erro...', Array)
#13 C:\\xampp\\htdocs\\grupocorein\\core\\vendor\\laravel\\framework\\src\\Illuminate\\View\\View.php(120): Illuminate\\View\\Factory->callComposer(Object(Illuminate\\View\\View))
#14 C:\\xampp\\htdocs\\grupocorein\\core\\vendor\\laravel\\framework\\src\\Illuminate\\View\\View.php(91): Illuminate\\View\\View->renderContents()
#15 C:\\xampp\\htdocs\\grupocorein\\core\\vendor\\laravel\\framework\\src\\Illuminate\\Http\\Response.php(62): Illuminate\\View\\View->render()
#16 C:\\xampp\\htdocs\\grupocorein\\core\\vendor\\laravel\\framework\\src\\Illuminate\\Http\\Response.php(34): Illuminate\\Http\\Response->setContent(Object(Illuminate\\View\\View))
#17 C:\\xampp\\htdocs\\grupocorein\\core\\vendor\\laravel\\framework\\src\\Illuminate\\Routing\\ResponseFactory.php(55): Illuminate\\Http\\Response->__construct(Object(Illuminate\\View\\View), 500, Array)
#18 C:\\xampp\\htdocs\\grupocorein\\core\\vendor\\laravel\\framework\\src\\Illuminate\\Routing\\ResponseFactory.php(85): Illuminate\\Routing\\ResponseFactory->make(Object(Illuminate\\View\\View), 500, Array)
#19 C:\\xampp\\htdocs\\grupocorein\\core\\vendor\\laravel\\framework\\src\\Illuminate\\Foundation\\Exceptions\\Handler.php(409): Illuminate\\Routing\\ResponseFactory->view('errors::500', Array, 500, Array)
#20 C:\\xampp\\htdocs\\grupocorein\\core\\vendor\\laravel\\framework\\src\\Illuminate\\Foundation\\Exceptions\\Handler.php(314): Illuminate\\Foundation\\Exceptions\\Handler->renderHttpException(Object(Symfony\\Component\\HttpKernel\\Exception\\HttpException))
#21 C:\\xampp\\htdocs\\grupocorein\\core\\vendor\\laravel\\framework\\src\\Illuminate\\Foundation\\Exceptions\\Handler.php(211): Illuminate\\Foundation\\Exceptions\\Handler->prepareResponse(Object(Illuminate\\Http\\Request), Object(Symfony\\Component\\HttpKernel\\Exception\\HttpException))
#22 C:\\xampp\\htdocs\\grupocorein\\core\\app\\Exceptions\\Handler.php(58): Illuminate\\Foundation\\Exceptions\\Handler->render(Object(Illuminate\\Http\\Request), Object(Illuminate\\Database\\QueryException))
#23 C:\\xampp\\htdocs\\grupocorein\\core\\vendor\\laravel\\framework\\src\\Illuminate\\Routing\\Pipeline.php(51): App\\Exceptions\\Handler->render(Object(Illuminate\\Http\\Request), Object(Illuminate\\Database\\QueryException))
#24 C:\\xampp\\htdocs\\grupocorein\\core\\vendor\\laravel\\framework\\src\\Illuminate\\Pipeline\\Pipeline.php(172): Illuminate\\Routing\\Pipeline->handleException(Object(Illuminate\\Http\\Request), Object(Illuminate\\Database\\QueryException))
#25 C:\\xampp\\htdocs\\grupocorein\\core\\vendor\\laravel\\framework\\src\\Illuminate\\Foundation\\Http\\Middleware\\ValidatePostSize.php(27): Illuminate\\Pipeline\\Pipeline->Illuminate\\Pipeline\\{closure}(Object(Illuminate\\Http\\Request))
#26 C:\\xampp\\htdocs\\grupocorein\\core\\vendor\\laravel\\framework\\src\\Illuminate\\Pipeline\\Pipeline.php(167): Illuminate\\Foundation\\Http\\Middleware\\ValidatePostSize->handle(Object(Illuminate\\Http\\Request), Object(Closure))
#27 C:\\xampp\\htdocs\\grupocorein\\core\\vendor\\laravel\\framework\\src\\Illuminate\\Foundation\\Http\\Middleware\\CheckForMaintenanceMode.php(63): Illuminate\\Pipeline\\Pipeline->Illuminate\\Pipeline\\{closure}(Object(Illuminate\\Http\\Request))
#28 C:\\xampp\\htdocs\\grupocorein\\core\\vendor\\laravel\\framework\\src\\Illuminate\\Pipeline\\Pipeline.php(167): Illuminate\\Foundation\\Http\\Middleware\\CheckForMaintenanceMode->handle(Object(Illuminate\\Http\\Request), Object(Closure))
#29 C:\\xampp\\htdocs\\grupocorein\\core\\vendor\\laravel\\framework\\src\\Illuminate\\Pipeline\\Pipeline.php(103): Illuminate\\Pipeline\\Pipeline->Illuminate\\Pipeline\\{closure}(Object(Illuminate\\Http\\Request))
#30 C:\\xampp\\htdocs\\grupocorein\\core\\vendor\\laravel\\framework\\src\\Illuminate\\Foundation\\Http\\Kernel.php(140): Illuminate\\Pipeline\\Pipeline->then(Object(Closure))
#31 C:\\xampp\\htdocs\\grupocorein\\core\\vendor\\laravel\\framework\\src\\Illuminate\\Foundation\\Http\\Kernel.php(109): Illuminate\\Foundation\\Http\\Kernel->sendRequestThroughRouter(Object(Illuminate\\Http\\Request))
#32 C:\\xampp\\htdocs\\grupocorein\\index.php(55): Illuminate\\Foundation\\Http\\Kernel->handle(Object(Illuminate\\Http\\Request))
#33 {main}

[previous exception] [object] (Doctrine\\DBAL\\Driver\\PDO\\Exception(code: 2002): SQLSTATE[HY000] [2002] No se puede establecer una conexión ya que el equipo de destino denegó expresamente dicha conexión.

 at C:\\xampp\\htdocs\\grupocorein\\core\\vendor\\doctrine\\dbal\\lib\\Doctrine\\DBAL\\Driver\\PDO\\Exception.php:18)
[stacktrace]
#0 C:\\xampp\\htdocs\\grupocorein\\core\\vendor\\doctrine\\dbal\\lib\\Doctrine\\DBAL\\Driver\\PDOConnection.php(44): Doctrine\\DBAL\\Driver\\PDO\\Exception::new(Object(PDOException))
#1 C:\\xampp\\htdocs\\grupocorein\\core\\vendor\\laravel\\framework\\src\\Illuminate\\Database\\Connectors\\Connector.php(67): Doctrine\\DBAL\\Driver\\PDOConnection->__construct('mysql:host=127....', 'forge', '', Array)
#2 C:\\xampp\\htdocs\\grupocorein\\core\\vendor\\laravel\\framework\\src\\Illuminate\\Database\\Connectors\\Connector.php(46): Illuminate\\Database\\Connectors\\Connector->createPdoConnection('mysql:host=127....', 'forge', '', Array)
#3 C:\\xampp\\htdocs\\grupocorein\\core\\vendor\\laravel\\framework\\src\\Illuminate\\Database\\Connectors\\MySqlConnector.php(24): Illuminate\\Database\\Connectors\\Connector->createConnection('mysql:host=127....', Array, Array)
#4 C:\\xampp\\htdocs\\grupocorein\\core\\vendor\\laravel\\framework\\src\\Illuminate\\Database\\Connectors\\ConnectionFactory.php(184): Illuminate\\Database\\Connectors\\MySqlConnector->connect(Array)
#5 [internal function]: Illuminate\\Database\\Connectors\\ConnectionFactory->Illuminate\\Database\\Connectors\\{closure}()
#6 C:\\xampp\\htdocs\\grupocorein\\core\\vendor\\laravel\\framework\\src\\Illuminate\\Database\\Connection.php(926): call_user_func(Object(Closure))
#7 C:\\xampp\\htdocs\\grupocorein\\core\\vendor\\laravel\\framework\\src\\Illuminate\\Database\\Connection.php(961): Illuminate\\Database\\Connection->getPdo()
#8 C:\\xampp\\htdocs\\grupocorein\\core\\vendor\\laravel\\framework\\src\\Illuminate\\Database\\Connection.php(405): Illuminate\\Database\\Connection->getReadPdo()
#9 C:\\xampp\\htdocs\\grupocorein\\core\\vendor\\laravel\\framework\\src\\Illuminate\\Database\\Connection.php(331): Illuminate\\Database\\Connection->getPdoForSelect(true)
#10 C:\\xampp\\htdocs\\grupocorein\\core\\vendor\\laravel\\framework\\src\\Illuminate\\Database\\Connection.php(664): Illuminate\\Database\\Connection->Illuminate\\Database\\{closure}('select * from `...', Array)
#11 C:\\xampp\\htdocs\\grupocorein\\core\\vendor\\laravel\\framework\\src\\Illuminate\\Database\\Connection.php(631): Illuminate\\Database\\Connection->runQueryCallback('select * from `...', Array, Object(Closure))
#12 C:\\xampp\\htdocs\\grupocorein\\core\\vendor\\laravel\\framework\\src\\Illuminate\\Database\\Connection.php(339): Illuminate\\Database\\Connection->run('select * from `...', Array, Object(Closure))
#13 C:\\xampp\\htdocs\\grupocorein\\core\\vendor\\laravel\\framework\\src\\Illuminate\\Database\\Query\\Builder.php(2270): Illuminate\\Database\\Connection->select('select * from `...', Array, true)
#14 C:\\xampp\\htdocs\\grupocorein\\core\\vendor\\laravel\\framework\\src\\Illuminate\\Database\\Query\\Builder.php(2258): Illuminate\\Database\\Query\\Builder->runSelect()
#15 C:\\xampp\\htdocs\\grupocorein\\core\\vendor\\laravel\\framework\\src\\Illuminate\\Database\\Query\\Builder.php(2753): Illuminate\\Database\\Query\\Builder->Illuminate\\Database\\Query\\{closure}()
#16 C:\\xampp\\htdocs\\grupocorein\\core\\vendor\\laravel\\framework\\src\\Illuminate\\Database\\Query\\Builder.php(2259): Illuminate\\Database\\Query\\Builder->onceWithColumns(Array, Object(Closure))
#17 C:\\xampp\\htdocs\\grupocorein\\core\\vendor\\laravel\\framework\\src\\Illuminate\\Database\\Concerns\\BuildsQueries.php(143): Illuminate\\Database\\Query\\Builder->get(Array)
#18 C:\\xampp\\htdocs\\grupocorein\\core\\vendor\\laravel\\framework\\src\\Illuminate\\Database\\Query\\Builder.php(2233): Illuminate\\Database\\Query\\Builder->first(Array)
#19 C:\\xampp\\htdocs\\grupocorein\\core\\app\\Providers\\AppServiceProvider.php(17): Illuminate\\Database\\Query\\Builder->find(1)
#20 C:\\xampp\\htdocs\\grupocorein\\core\\vendor\\laravel\\framework\\src\\Illuminate\\View\\Concerns\\ManagesEvents.php(162): App\\Providers\\AppServiceProvider->App\\Providers\\{closure}(Object(Illuminate\\View\\View))
#21 C:\\xampp\\htdocs\\grupocorein\\core\\vendor\\laravel\\framework\\src\\Illuminate\\Events\\Dispatcher.php(378): Illuminate\\View\\Factory->Illuminate\\View\\Concerns\\{closure}('composing: erro...', Array)
#22 C:\\xampp\\htdocs\\grupocorein\\core\\vendor\\laravel\\framework\\src\\Illuminate\\Events\\Dispatcher.php(226): Illuminate\\Events\\Dispatcher->Illuminate\\Events\\{closure}('composing: erro...', Array)
#23 C:\\xampp\\htdocs\\grupocorein\\core\\vendor\\laravel\\framework\\src\\Illuminate\\View\\Concerns\\ManagesEvents.php(177): Illuminate\\Events\\Dispatcher->dispatch('composing: erro...', Array)
#24 C:\\xampp\\htdocs\\grupocorein\\core\\vendor\\laravel\\framework\\src\\Illuminate\\View\\View.php(120): Illuminate\\View\\Factory->callComposer(Object(Illuminate\\View\\View))
#25 C:\\xampp\\htdocs\\grupocorein\\core\\vendor\\laravel\\framework\\src\\Illuminate\\View\\View.php(91): Illuminate\\View\\View->renderContents()
#26 C:\\xampp\\htdocs\\grupocorein\\core\\vendor\\laravel\\framework\\src\\Illuminate\\Http\\Response.php(62): Illuminate\\View\\View->render()
#27 C:\\xampp\\htdocs\\grupocorein\\core\\vendor\\laravel\\framework\\src\\Illuminate\\Http\\Response.php(34): Illuminate\\Http\\Response->setContent(Object(Illuminate\\View\\View))
#28 C:\\xampp\\htdocs\\grupocorein\\core\\vendor\\laravel\\framework\\src\\Illuminate\\Routing\\ResponseFactory.php(55): Illuminate\\Http\\Response->__construct(Object(Illuminate\\View\\View), 500, Array)
#29 C:\\xampp\\htdocs\\grupocorein\\core\\vendor\\laravel\\framework\\src\\Illuminate\\Routing\\ResponseFactory.php(85): Illuminate\\Routing\\ResponseFactory->make(Object(Illuminate\\View\\View), 500, Array)
#30 C:\\xampp\\htdocs\\grupocorein\\core\\vendor\\laravel\\framework\\src\\Illuminate\\Foundation\\Exceptions\\Handler.php(409): Illuminate\\Routing\\ResponseFactory->view('errors::500', Array, 500, Array)
#31 C:\\xampp\\htdocs\\grupocorein\\core\\vendor\\laravel\\framework\\src\\Illuminate\\Foundation\\Exceptions\\Handler.php(314): Illuminate\\Foundation\\Exceptions\\Handler->renderHttpException(Object(Symfony\\Component\\HttpKernel\\Exception\\HttpException))
#32 C:\\xampp\\htdocs\\grupocorein\\core\\vendor\\laravel\\framework\\src\\Illuminate\\Foundation\\Exceptions\\Handler.php(211): Illuminate\\Foundation\\Exceptions\\Handler->prepareResponse(Object(Illuminate\\Http\\Request), Object(Symfony\\Component\\HttpKernel\\Exception\\HttpException))
#33 C:\\xampp\\htdocs\\grupocorein\\core\\app\\Exceptions\\Handler.php(58): Illuminate\\Foundation\\Exceptions\\Handler->render(Object(Illuminate\\Http\\Request), Object(Illuminate\\Database\\QueryException))
#34 C:\\xampp\\htdocs\\grupocorein\\core\\vendor\\laravel\\framework\\src\\Illuminate\\Routing\\Pipeline.php(51): App\\Exceptions\\Handler->render(Object(Illuminate\\Http\\Request), Object(Illuminate\\Database\\QueryException))
#35 C:\\xampp\\htdocs\\grupocorein\\core\\vendor\\laravel\\framework\\src\\Illuminate\\Pipeline\\Pipeline.php(172): Illuminate\\Routing\\Pipeline->handleException(Object(Illuminate\\Http\\Request), Object(Illuminate\\Database\\QueryException))
#36 C:\\xampp\\htdocs\\grupocorein\\core\\vendor\\laravel\\framework\\src\\Illuminate\\Foundation\\Http\\Middleware\\ValidatePostSize.php(27): Illuminate\\Pipeline\\Pipeline->Illuminate\\Pipeline\\{closure}(Object(Illuminate\\Http\\Request))
#37 C:\\xampp\\htdocs\\grupocorein\\core\\vendor\\laravel\\framework\\src\\Illuminate\\Pipeline\\Pipeline.php(167): Illuminate\\Foundation\\Http\\Middleware\\ValidatePostSize->handle(Object(Illuminate\\Http\\Request), Object(Closure))
#38 C:\\xampp\\htdocs\\grupocorein\\core\\vendor\\laravel\\framework\\src\\Illuminate\\Foundation\\Http\\Middleware\\CheckForMaintenanceMode.php(63): Illuminate\\Pipeline\\Pipeline->Illuminate\\Pipeline\\{closure}(Object(Illuminate\\Http\\Request))
#39 C:\\xampp\\htdocs\\grupocorein\\core\\vendor\\laravel\\framework\\src\\Illuminate\\Pipeline\\Pipeline.php(167): Illuminate\\Foundation\\Http\\Middleware\\CheckForMaintenanceMode->handle(Object(Illuminate\\Http\\Request), Object(Closure))
#40 C:\\xampp\\htdocs\\grupocorein\\core\\vendor\\laravel\\framework\\src\\Illuminate\\Pipeline\\Pipeline.php(103): Illuminate\\Pipeline\\Pipeline->Illuminate\\Pipeline\\{closure}(Object(Illuminate\\Http\\Request))
#41 C:\\xampp\\htdocs\\grupocorein\\core\\vendor\\laravel\\framework\\src\\Illuminate\\Foundation\\Http\\Kernel.php(140): Illuminate\\Pipeline\\Pipeline->then(Object(Closure))
#42 C:\\xampp\\htdocs\\grupocorein\\core\\vendor\\laravel\\framework\\src\\Illuminate\\Foundation\\Http\\Kernel.php(109): Illuminate\\Foundation\\Http\\Kernel->sendRequestThroughRouter(Object(Illuminate\\Http\\Request))
#43 C:\\xampp\\htdocs\\grupocorein\\index.php(55): Illuminate\\Foundation\\Http\\Kernel->handle(Object(Illuminate\\Http\\Request))
#44 {main}

[previous exception] [object] (PDOException(code: 2002): SQLSTATE[HY000] [2002] No se puede establecer una conexión ya que el equipo de destino denegó expresamente dicha conexión.

 at C:\\xampp\\htdocs\\grupocorein\\core\\vendor\\doctrine\\dbal\\lib\\Doctrine\\DBAL\\Driver\\PDOConnection.php:40)
[stacktrace]
#0 C:\\xampp\\htdocs\\grupocorein\\core\\vendor\\doctrine\\dbal\\lib\\Doctrine\\DBAL\\Driver\\PDOConnection.php(40): PDO->__construct('mysql:host=127....', 'forge', '', Array)
#1 C:\\xampp\\htdocs\\grupocorein\\core\\vendor\\laravel\\framework\\src\\Illuminate\\Database\\Connectors\\Connector.php(67): Doctrine\\DBAL\\Driver\\PDOConnection->__construct('mysql:host=127....', 'forge', '', Array)
#2 C:\\xampp\\htdocs\\grupocorein\\core\\vendor\\laravel\\framework\\src\\Illuminate\\Database\\Connectors\\Connector.php(46): Illuminate\\Database\\Connectors\\Connector->createPdoConnection('mysql:host=127....', 'forge', '', Array)
#3 C:\\xampp\\htdocs\\grupocorein\\core\\vendor\\laravel\\framework\\src\\Illuminate\\Database\\Connectors\\MySqlConnector.php(24): Illuminate\\Database\\Connectors\\Connector->createConnection('mysql:host=127....', Array, Array)
#4 C:\\xampp\\htdocs\\grupocorein\\core\\vendor\\laravel\\framework\\src\\Illuminate\\Database\\Connectors\\ConnectionFactory.php(184): Illuminate\\Database\\Connectors\\MySqlConnector->connect(Array)
#5 [internal function]: Illuminate\\Database\\Connectors\\ConnectionFactory->Illuminate\\Database\\Connectors\\{closure}()
#6 C:\\xampp\\htdocs\\grupocorein\\core\\vendor\\laravel\\framework\\src\\Illuminate\\Database\\Connection.php(926): call_user_func(Object(Closure))
#7 C:\\xampp\\htdocs\\grupocorein\\core\\vendor\\laravel\\framework\\src\\Illuminate\\Database\\Connection.php(961): Illuminate\\Database\\Connection->getPdo()
#8 C:\\xampp\\htdocs\\grupocorein\\core\\vendor\\laravel\\framework\\src\\Illuminate\\Database\\Connection.php(405): Illuminate\\Database\\Connection->getReadPdo()
#9 C:\\xampp\\htdocs\\grupocorein\\core\\vendor\\laravel\\framework\\src\\Illuminate\\Database\\Connection.php(331): Illuminate\\Database\\Connection->getPdoForSelect(true)
#10 C:\\xampp\\htdocs\\grupocorein\\core\\vendor\\laravel\\framework\\src\\Illuminate\\Database\\Connection.php(664): Illuminate\\Database\\Connection->Illuminate\\Database\\{closure}('select * from `...', Array)
#11 C:\\xampp\\htdocs\\grupocorein\\core\\vendor\\laravel\\framework\\src\\Illuminate\\Database\\Connection.php(631): Illuminate\\Database\\Connection->runQueryCallback('select * from `...', Array, Object(Closure))
#12 C:\\xampp\\htdocs\\grupocorein\\core\\vendor\\laravel\\framework\\src\\Illuminate\\Database\\Connection.php(339): Illuminate\\Database\\Connection->run('select * from `...', Array, Object(Closure))
#13 C:\\xampp\\htdocs\\grupocorein\\core\\vendor\\laravel\\framework\\src\\Illuminate\\Database\\Query\\Builder.php(2270): Illuminate\\Database\\Connection->select('select * from `...', Array, true)
#14 C:\\xampp\\htdocs\\grupocorein\\core\\vendor\\laravel\\framework\\src\\Illuminate\\Database\\Query\\Builder.php(2258): Illuminate\\Database\\Query\\Builder->runSelect()
#15 C:\\xampp\\htdocs\\grupocorein\\core\\vendor\\laravel\\framework\\src\\Illuminate\\Database\\Query\\Builder.php(2753): Illuminate\\Database\\Query\\Builder->Illuminate\\Database\\Query\\{closure}()
#16 C:\\xampp\\htdocs\\grupocorein\\core\\vendor\\laravel\\framework\\src\\Illuminate\\Database\\Query\\Builder.php(2259): Illuminate\\Database\\Query\\Builder->onceWithColumns(Array, Object(Closure))
#17 C:\\xampp\\htdocs\\grupocorein\\core\\vendor\\laravel\\framework\\src\\Illuminate\\Database\\Concerns\\BuildsQueries.php(143): Illuminate\\Database\\Query\\Builder->get(Array)
#18 C:\\xampp\\htdocs\\grupocorein\\core\\vendor\\laravel\\framework\\src\\Illuminate\\Database\\Query\\Builder.php(2233): Illuminate\\Database\\Query\\Builder->first(Array)
#19 C:\\xampp\\htdocs\\grupocorein\\core\\app\\Providers\\AppServiceProvider.php(17): Illuminate\\Database\\Query\\Builder->find(1)
#20 C:\\xampp\\htdocs\\grupocorein\\core\\vendor\\laravel\\framework\\src\\Illuminate\\View\\Concerns\\ManagesEvents.php(162): App\\Providers\\AppServiceProvider->App\\Providers\\{closure}(Object(Illuminate\\View\\View))
#21 C:\\xampp\\htdocs\\grupocorein\\core\\vendor\\laravel\\framework\\src\\Illuminate\\Events\\Dispatcher.php(378): Illuminate\\View\\Factory->Illuminate\\View\\Concerns\\{closure}('composing: erro...', Array)
#22 C:\\xampp\\htdocs\\grupocorein\\core\\vendor\\laravel\\framework\\src\\Illuminate\\Events\\Dispatcher.php(226): Illuminate\\Events\\Dispatcher->Illuminate\\Events\\{closure}('composing: erro...', Array)
#23 C:\\xampp\\htdocs\\grupocorein\\core\\vendor\\laravel\\framework\\src\\Illuminate\\View\\Concerns\\ManagesEvents.php(177): Illuminate\\Events\\Dispatcher->dispatch('composing: erro...', Array)
#24 C:\\xampp\\htdocs\\grupocorein\\core\\vendor\\laravel\\framework\\src\\Illuminate\\View\\View.php(120): Illuminate\\View\\Factory->callComposer(Object(Illuminate\\View\\View))
#25 C:\\xampp\\htdocs\\grupocorein\\core\\vendor\\laravel\\framework\\src\\Illuminate\\View\\View.php(91): Illuminate\\View\\View->renderContents()
#26 C:\\xampp\\htdocs\\grupocorein\\core\\vendor\\laravel\\framework\\src\\Illuminate\\Http\\Response.php(62): Illuminate\\View\\View->render()
#27 C:\\xampp\\htdocs\\grupocorein\\core\\vendor\\laravel\\framework\\src\\Illuminate\\Http\\Response.php(34): Illuminate\\Http\\Response->setContent(Object(Illuminate\\View\\View))
#28 C:\\xampp\\htdocs\\grupocorein\\core\\vendor\\laravel\\framework\\src\\Illuminate\\Routing\\ResponseFactory.php(55): Illuminate\\Http\\Response->__construct(Object(Illuminate\\View\\View), 500, Array)
#29 C:\\xampp\\htdocs\\grupocorein\\core\\vendor\\laravel\\framework\\src\\Illuminate\\Routing\\ResponseFactory.php(85): Illuminate\\Routing\\ResponseFactory->make(Object(Illuminate\\View\\View), 500, Array)
#30 C:\\xampp\\htdocs\\grupocorein\\core\\vendor\\laravel\\framework\\src\\Illuminate\\Foundation\\Exceptions\\Handler.php(409): Illuminate\\Routing\\ResponseFactory->view('errors::500', Array, 500, Array)
#31 C:\\xampp\\htdocs\\grupocorein\\core\\vendor\\laravel\\framework\\src\\Illuminate\\Foundation\\Exceptions\\Handler.php(314): Illuminate\\Foundation\\Exceptions\\Handler->renderHttpException(Object(Symfony\\Component\\HttpKernel\\Exception\\HttpException))
#32 C:\\xampp\\htdocs\\grupocorein\\core\\vendor\\laravel\\framework\\src\\Illuminate\\Foundation\\Exceptions\\Handler.php(211): Illuminate\\Foundation\\Exceptions\\Handler->prepareResponse(Object(Illuminate\\Http\\Request), Object(Symfony\\Component\\HttpKernel\\Exception\\HttpException))
#33 C:\\xampp\\htdocs\\grupocorein\\core\\app\\Exceptions\\Handler.php(58): Illuminate\\Foundation\\Exceptions\\Handler->render(Object(Illuminate\\Http\\Request), Object(Illuminate\\Database\\QueryException))
#34 C:\\xampp\\htdocs\\grupocorein\\core\\vendor\\laravel\\framework\\src\\Illuminate\\Routing\\Pipeline.php(51): App\\Exceptions\\Handler->render(Object(Illuminate\\Http\\Request), Object(Illuminate\\Database\\QueryException))
#35 C:\\xampp\\htdocs\\grupocorein\\core\\vendor\\laravel\\framework\\src\\Illuminate\\Pipeline\\Pipeline.php(172): Illuminate\\Routing\\Pipeline->handleException(Object(Illuminate\\Http\\Request), Object(Illuminate\\Database\\QueryException))
#36 C:\\xampp\\htdocs\\grupocorein\\core\\vendor\\laravel\\framework\\src\\Illuminate\\Foundation\\Http\\Middleware\\ValidatePostSize.php(27): Illuminate\\Pipeline\\Pipeline->Illuminate\\Pipeline\\{closure}(Object(Illuminate\\Http\\Request))
#37 C:\\xampp\\htdocs\\grupocorein\\core\\vendor\\laravel\\framework\\src\\Illuminate\\Pipeline\\Pipeline.php(167): Illuminate\\Foundation\\Http\\Middleware\\ValidatePostSize->handle(Object(Illuminate\\Http\\Request), Object(Closure))
#38 C:\\xampp\\htdocs\\grupocorein\\core\\vendor\\laravel\\framework\\src\\Illuminate\\Foundation\\Http\\Middleware\\CheckForMaintenanceMode.php(63): Illuminate\\Pipeline\\Pipeline->Illuminate\\Pipeline\\{closure}(Object(Illuminate\\Http\\Request))
#39 C:\\xampp\\htdocs\\grupocorein\\core\\vendor\\laravel\\framework\\src\\Illuminate\\Pipeline\\Pipeline.php(167): Illuminate\\Foundation\\Http\\Middleware\\CheckForMaintenanceMode->handle(Object(Illuminate\\Http\\Request), Object(Closure))
#40 C:\\xampp\\htdocs\\grupocorein\\core\\vendor\\laravel\\framework\\src\\Illuminate\\Pipeline\\Pipeline.php(103): Illuminate\\Pipeline\\Pipeline->Illuminate\\Pipeline\\{closure}(Object(Illuminate\\Http\\Request))
#41 C:\\xampp\\htdocs\\grupocorein\\core\\vendor\\laravel\\framework\\src\\Illuminate\\Foundation\\Http\\Kernel.php(140): Illuminate\\Pipeline\\Pipeline->then(Object(Closure))
#42 C:\\xampp\\htdocs\\grupocorein\\core\\vendor\\laravel\\framework\\src\\Illuminate\\Foundation\\Http\\Kernel.php(109): Illuminate\\Foundation\\Http\\Kernel->sendRequestThroughRouter(Object(Illuminate\\Http\\Request))
#43 C:\\xampp\\htdocs\\grupocorein\\index.php(55): Illuminate\\Foundation\\Http\\Kernel->handle(Object(Illuminate\\Http\\Request))
#44 {main}
"} 
[2024-04-28 10:22:00] production.ERROR: SQLSTATE[HY000] [2002] No se puede establecer una conexión ya que el equipo de destino denegó expresamente dicha conexión.
 (SQL: select * from `settings` where `id` = 1 limit 1) {"exception":"[object] (Illuminate\\Database\\QueryException(code: 2002): SQLSTATE[HY000] [2002] No se puede establecer una conexión ya que el equipo de destino denegó expresamente dicha conexión.

 (SQL: select * from `settings` where `id` = 1 limit 1) at C:\\xampp\\htdocs\\grupocorein\\core\\vendor\\laravel\\framework\\src\\Illuminate\\Database\\Connection.php:671)
[stacktrace]
#0 C:\\xampp\\htdocs\\grupocorein\\core\\vendor\\laravel\\framework\\src\\Illuminate\\Database\\Connection.php(631): Illuminate\\Database\\Connection->runQueryCallback('select * from `...', Array, Object(Closure))
#1 C:\\xampp\\htdocs\\grupocorein\\core\\vendor\\laravel\\framework\\src\\Illuminate\\Database\\Connection.php(339): Illuminate\\Database\\Connection->run('select * from `...', Array, Object(Closure))
#2 C:\\xampp\\htdocs\\grupocorein\\core\\vendor\\laravel\\framework\\src\\Illuminate\\Database\\Query\\Builder.php(2270): Illuminate\\Database\\Connection->select('select * from `...', Array, true)
#3 C:\\xampp\\htdocs\\grupocorein\\core\\vendor\\laravel\\framework\\src\\Illuminate\\Database\\Query\\Builder.php(2258): Illuminate\\Database\\Query\\Builder->runSelect()
#4 C:\\xampp\\htdocs\\grupocorein\\core\\vendor\\laravel\\framework\\src\\Illuminate\\Database\\Query\\Builder.php(2753): Illuminate\\Database\\Query\\Builder->Illuminate\\Database\\Query\\{closure}()
#5 C:\\xampp\\htdocs\\grupocorein\\core\\vendor\\laravel\\framework\\src\\Illuminate\\Database\\Query\\Builder.php(2259): Illuminate\\Database\\Query\\Builder->onceWithColumns(Array, Object(Closure))
#6 C:\\xampp\\htdocs\\grupocorein\\core\\vendor\\laravel\\framework\\src\\Illuminate\\Database\\Concerns\\BuildsQueries.php(143): Illuminate\\Database\\Query\\Builder->get(Array)
#7 C:\\xampp\\htdocs\\grupocorein\\core\\vendor\\laravel\\framework\\src\\Illuminate\\Database\\Query\\Builder.php(2233): Illuminate\\Database\\Query\\Builder->first(Array)
#8 C:\\xampp\\htdocs\\grupocorein\\core\\app\\Providers\\AppServiceProvider.php(17): Illuminate\\Database\\Query\\Builder->find(1)
#9 C:\\xampp\\htdocs\\grupocorein\\core\\vendor\\laravel\\framework\\src\\Illuminate\\View\\Concerns\\ManagesEvents.php(162): App\\Providers\\AppServiceProvider->App\\Providers\\{closure}(Object(Illuminate\\View\\View))
#10 C:\\xampp\\htdocs\\grupocorein\\core\\vendor\\laravel\\framework\\src\\Illuminate\\Events\\Dispatcher.php(378): Illuminate\\View\\Factory->Illuminate\\View\\Concerns\\{closure}('composing: erro...', Array)
#11 C:\\xampp\\htdocs\\grupocorein\\core\\vendor\\laravel\\framework\\src\\Illuminate\\Events\\Dispatcher.php(226): Illuminate\\Events\\Dispatcher->Illuminate\\Events\\{closure}('composing: erro...', Array)
#12 C:\\xampp\\htdocs\\grupocorein\\core\\vendor\\laravel\\framework\\src\\Illuminate\\View\\Concerns\\ManagesEvents.php(177): Illuminate\\Events\\Dispatcher->dispatch('composing: erro...', Array)
#13 C:\\xampp\\htdocs\\grupocorein\\core\\vendor\\laravel\\framework\\src\\Illuminate\\View\\View.php(120): Illuminate\\View\\Factory->callComposer(Object(Illuminate\\View\\View))
#14 C:\\xampp\\htdocs\\grupocorein\\core\\vendor\\laravel\\framework\\src\\Illuminate\\View\\View.php(91): Illuminate\\View\\View->renderContents()
#15 C:\\xampp\\htdocs\\grupocorein\\core\\vendor\\laravel\\framework\\src\\Illuminate\\Http\\Response.php(62): Illuminate\\View\\View->render()
#16 C:\\xampp\\htdocs\\grupocorein\\core\\vendor\\laravel\\framework\\src\\Illuminate\\Http\\Response.php(34): Illuminate\\Http\\Response->setContent(Object(Illuminate\\View\\View))
#17 C:\\xampp\\htdocs\\grupocorein\\core\\vendor\\laravel\\framework\\src\\Illuminate\\Routing\\ResponseFactory.php(55): Illuminate\\Http\\Response->__construct(Object(Illuminate\\View\\View), 500, Array)
#18 C:\\xampp\\htdocs\\grupocorein\\core\\vendor\\laravel\\framework\\src\\Illuminate\\Routing\\ResponseFactory.php(85): Illuminate\\Routing\\ResponseFactory->make(Object(Illuminate\\View\\View), 500, Array)
#19 C:\\xampp\\htdocs\\grupocorein\\core\\vendor\\laravel\\framework\\src\\Illuminate\\Foundation\\Exceptions\\Handler.php(409): Illuminate\\Routing\\ResponseFactory->view('errors::500', Array, 500, Array)
#20 C:\\xampp\\htdocs\\grupocorein\\core\\vendor\\laravel\\framework\\src\\Illuminate\\Foundation\\Exceptions\\Handler.php(314): Illuminate\\Foundation\\Exceptions\\Handler->renderHttpException(Object(Symfony\\Component\\HttpKernel\\Exception\\HttpException))
#21 C:\\xampp\\htdocs\\grupocorein\\core\\vendor\\laravel\\framework\\src\\Illuminate\\Foundation\\Exceptions\\Handler.php(211): Illuminate\\Foundation\\Exceptions\\Handler->prepareResponse(Object(Illuminate\\Http\\Request), Object(Symfony\\Component\\HttpKernel\\Exception\\HttpException))
#22 C:\\xampp\\htdocs\\grupocorein\\core\\app\\Exceptions\\Handler.php(58): Illuminate\\Foundation\\Exceptions\\Handler->render(Object(Illuminate\\Http\\Request), Object(Illuminate\\Database\\QueryException))
#23 C:\\xampp\\htdocs\\grupocorein\\core\\vendor\\laravel\\framework\\src\\Illuminate\\Routing\\Pipeline.php(51): App\\Exceptions\\Handler->render(Object(Illuminate\\Http\\Request), Object(Illuminate\\Database\\QueryException))
#24 C:\\xampp\\htdocs\\grupocorein\\core\\vendor\\laravel\\framework\\src\\Illuminate\\Pipeline\\Pipeline.php(172): Illuminate\\Routing\\Pipeline->handleException(Object(Illuminate\\Http\\Request), Object(Illuminate\\Database\\QueryException))
#25 C:\\xampp\\htdocs\\grupocorein\\core\\vendor\\laravel\\framework\\src\\Illuminate\\Foundation\\Http\\Middleware\\CheckForMaintenanceMode.php(63): Illuminate\\Pipeline\\Pipeline->Illuminate\\Pipeline\\{closure}(Object(Illuminate\\Http\\Request))
#26 C:\\xampp\\htdocs\\grupocorein\\core\\vendor\\laravel\\framework\\src\\Illuminate\\Pipeline\\Pipeline.php(167): Illuminate\\Foundation\\Http\\Middleware\\CheckForMaintenanceMode->handle(Object(Illuminate\\Http\\Request), Object(Closure))
#27 C:\\xampp\\htdocs\\grupocorein\\core\\vendor\\laravel\\framework\\src\\Illuminate\\Pipeline\\Pipeline.php(103): Illuminate\\Pipeline\\Pipeline->Illuminate\\Pipeline\\{closure}(Object(Illuminate\\Http\\Request))
#28 C:\\xampp\\htdocs\\grupocorein\\core\\vendor\\laravel\\framework\\src\\Illuminate\\Foundation\\Http\\Kernel.php(140): Illuminate\\Pipeline\\Pipeline->then(Object(Closure))
#29 C:\\xampp\\htdocs\\grupocorein\\core\\vendor\\laravel\\framework\\src\\Illuminate\\Foundation\\Http\\Kernel.php(109): Illuminate\\Foundation\\Http\\Kernel->sendRequestThroughRouter(Object(Illuminate\\Http\\Request))
#30 C:\\xampp\\htdocs\\grupocorein\\index.php(55): Illuminate\\Foundation\\Http\\Kernel->handle(Object(Illuminate\\Http\\Request))
#31 {main}

[previous exception] [object] (Doctrine\\DBAL\\Driver\\PDO\\Exception(code: 2002): SQLSTATE[HY000] [2002] No se puede establecer una conexión ya que el equipo de destino denegó expresamente dicha conexión.

 at C:\\xampp\\htdocs\\grupocorein\\core\\vendor\\doctrine\\dbal\\lib\\Doctrine\\DBAL\\Driver\\PDO\\Exception.php:18)
[stacktrace]
#0 C:\\xampp\\htdocs\\grupocorein\\core\\vendor\\doctrine\\dbal\\lib\\Doctrine\\DBAL\\Driver\\PDOConnection.php(44): Doctrine\\DBAL\\Driver\\PDO\\Exception::new(Object(PDOException))
#1 C:\\xampp\\htdocs\\grupocorein\\core\\vendor\\laravel\\framework\\src\\Illuminate\\Database\\Connectors\\Connector.php(67): Doctrine\\DBAL\\Driver\\PDOConnection->__construct('mysql:host=127....', 'forge', '', Array)
#2 C:\\xampp\\htdocs\\grupocorein\\core\\vendor\\laravel\\framework\\src\\Illuminate\\Database\\Connectors\\Connector.php(46): Illuminate\\Database\\Connectors\\Connector->createPdoConnection('mysql:host=127....', 'forge', '', Array)
#3 C:\\xampp\\htdocs\\grupocorein\\core\\vendor\\laravel\\framework\\src\\Illuminate\\Database\\Connectors\\MySqlConnector.php(24): Illuminate\\Database\\Connectors\\Connector->createConnection('mysql:host=127....', Array, Array)
#4 C:\\xampp\\htdocs\\grupocorein\\core\\vendor\\laravel\\framework\\src\\Illuminate\\Database\\Connectors\\ConnectionFactory.php(184): Illuminate\\Database\\Connectors\\MySqlConnector->connect(Array)
#5 [internal function]: Illuminate\\Database\\Connectors\\ConnectionFactory->Illuminate\\Database\\Connectors\\{closure}()
#6 C:\\xampp\\htdocs\\grupocorein\\core\\vendor\\laravel\\framework\\src\\Illuminate\\Database\\Connection.php(926): call_user_func(Object(Closure))
#7 C:\\xampp\\htdocs\\grupocorein\\core\\vendor\\laravel\\framework\\src\\Illuminate\\Database\\Connection.php(961): Illuminate\\Database\\Connection->getPdo()
#8 C:\\xampp\\htdocs\\grupocorein\\core\\vendor\\laravel\\framework\\src\\Illuminate\\Database\\Connection.php(405): Illuminate\\Database\\Connection->getReadPdo()
#9 C:\\xampp\\htdocs\\grupocorein\\core\\vendor\\laravel\\framework\\src\\Illuminate\\Database\\Connection.php(331): Illuminate\\Database\\Connection->getPdoForSelect(true)
#10 C:\\xampp\\htdocs\\grupocorein\\core\\vendor\\laravel\\framework\\src\\Illuminate\\Database\\Connection.php(664): Illuminate\\Database\\Connection->Illuminate\\Database\\{closure}('select * from `...', Array)
#11 C:\\xampp\\htdocs\\grupocorein\\core\\vendor\\laravel\\framework\\src\\Illuminate\\Database\\Connection.php(631): Illuminate\\Database\\Connection->runQueryCallback('select * from `...', Array, Object(Closure))
#12 C:\\xampp\\htdocs\\grupocorein\\core\\vendor\\laravel\\framework\\src\\Illuminate\\Database\\Connection.php(339): Illuminate\\Database\\Connection->run('select * from `...', Array, Object(Closure))
#13 C:\\xampp\\htdocs\\grupocorein\\core\\vendor\\laravel\\framework\\src\\Illuminate\\Database\\Query\\Builder.php(2270): Illuminate\\Database\\Connection->select('select * from `...', Array, true)
#14 C:\\xampp\\htdocs\\grupocorein\\core\\vendor\\laravel\\framework\\src\\Illuminate\\Database\\Query\\Builder.php(2258): Illuminate\\Database\\Query\\Builder->runSelect()
#15 C:\\xampp\\htdocs\\grupocorein\\core\\vendor\\laravel\\framework\\src\\Illuminate\\Database\\Query\\Builder.php(2753): Illuminate\\Database\\Query\\Builder->Illuminate\\Database\\Query\\{closure}()
#16 C:\\xampp\\htdocs\\grupocorein\\core\\vendor\\laravel\\framework\\src\\Illuminate\\Database\\Query\\Builder.php(2259): Illuminate\\Database\\Query\\Builder->onceWithColumns(Array, Object(Closure))
#17 C:\\xampp\\htdocs\\grupocorein\\core\\vendor\\laravel\\framework\\src\\Illuminate\\Database\\Concerns\\BuildsQueries.php(143): Illuminate\\Database\\Query\\Builder->get(Array)
#18 C:\\xampp\\htdocs\\grupocorein\\core\\vendor\\laravel\\framework\\src\\Illuminate\\Database\\Query\\Builder.php(2233): Illuminate\\Database\\Query\\Builder->first(Array)
#19 C:\\xampp\\htdocs\\grupocorein\\core\\app\\Providers\\AppServiceProvider.php(17): Illuminate\\Database\\Query\\Builder->find(1)
#20 C:\\xampp\\htdocs\\grupocorein\\core\\vendor\\laravel\\framework\\src\\Illuminate\\View\\Concerns\\ManagesEvents.php(162): App\\Providers\\AppServiceProvider->App\\Providers\\{closure}(Object(Illuminate\\View\\View))
#21 C:\\xampp\\htdocs\\grupocorein\\core\\vendor\\laravel\\framework\\src\\Illuminate\\Events\\Dispatcher.php(378): Illuminate\\View\\Factory->Illuminate\\View\\Concerns\\{closure}('composing: erro...', Array)
#22 C:\\xampp\\htdocs\\grupocorein\\core\\vendor\\laravel\\framework\\src\\Illuminate\\Events\\Dispatcher.php(226): Illuminate\\Events\\Dispatcher->Illuminate\\Events\\{closure}('composing: erro...', Array)
#23 C:\\xampp\\htdocs\\grupocorein\\core\\vendor\\laravel\\framework\\src\\Illuminate\\View\\Concerns\\ManagesEvents.php(177): Illuminate\\Events\\Dispatcher->dispatch('composing: erro...', Array)
#24 C:\\xampp\\htdocs\\grupocorein\\core\\vendor\\laravel\\framework\\src\\Illuminate\\View\\View.php(120): Illuminate\\View\\Factory->callComposer(Object(Illuminate\\View\\View))
#25 C:\\xampp\\htdocs\\grupocorein\\core\\vendor\\laravel\\framework\\src\\Illuminate\\View\\View.php(91): Illuminate\\View\\View->renderContents()
#26 C:\\xampp\\htdocs\\grupocorein\\core\\vendor\\laravel\\framework\\src\\Illuminate\\Http\\Response.php(62): Illuminate\\View\\View->render()
#27 C:\\xampp\\htdocs\\grupocorein\\core\\vendor\\laravel\\framework\\src\\Illuminate\\Http\\Response.php(34): Illuminate\\Http\\Response->setContent(Object(Illuminate\\View\\View))
#28 C:\\xampp\\htdocs\\grupocorein\\core\\vendor\\laravel\\framework\\src\\Illuminate\\Routing\\ResponseFactory.php(55): Illuminate\\Http\\Response->__construct(Object(Illuminate\\View\\View), 500, Array)
#29 C:\\xampp\\htdocs\\grupocorein\\core\\vendor\\laravel\\framework\\src\\Illuminate\\Routing\\ResponseFactory.php(85): Illuminate\\Routing\\ResponseFactory->make(Object(Illuminate\\View\\View), 500, Array)
#30 C:\\xampp\\htdocs\\grupocorein\\core\\vendor\\laravel\\framework\\src\\Illuminate\\Foundation\\Exceptions\\Handler.php(409): Illuminate\\Routing\\ResponseFactory->view('errors::500', Array, 500, Array)
#31 C:\\xampp\\htdocs\\grupocorein\\core\\vendor\\laravel\\framework\\src\\Illuminate\\Foundation\\Exceptions\\Handler.php(314): Illuminate\\Foundation\\Exceptions\\Handler->renderHttpException(Object(Symfony\\Component\\HttpKernel\\Exception\\HttpException))
#32 C:\\xampp\\htdocs\\grupocorein\\core\\vendor\\laravel\\framework\\src\\Illuminate\\Foundation\\Exceptions\\Handler.php(211): Illuminate\\Foundation\\Exceptions\\Handler->prepareResponse(Object(Illuminate\\Http\\Request), Object(Symfony\\Component\\HttpKernel\\Exception\\HttpException))
#33 C:\\xampp\\htdocs\\grupocorein\\core\\app\\Exceptions\\Handler.php(58): Illuminate\\Foundation\\Exceptions\\Handler->render(Object(Illuminate\\Http\\Request), Object(Illuminate\\Database\\QueryException))
#34 C:\\xampp\\htdocs\\grupocorein\\core\\vendor\\laravel\\framework\\src\\Illuminate\\Routing\\Pipeline.php(51): App\\Exceptions\\Handler->render(Object(Illuminate\\Http\\Request), Object(Illuminate\\Database\\QueryException))
#35 C:\\xampp\\htdocs\\grupocorein\\core\\vendor\\laravel\\framework\\src\\Illuminate\\Pipeline\\Pipeline.php(172): Illuminate\\Routing\\Pipeline->handleException(Object(Illuminate\\Http\\Request), Object(Illuminate\\Database\\QueryException))
#36 C:\\xampp\\htdocs\\grupocorein\\core\\vendor\\laravel\\framework\\src\\Illuminate\\Foundation\\Http\\Middleware\\CheckForMaintenanceMode.php(63): Illuminate\\Pipeline\\Pipeline->Illuminate\\Pipeline\\{closure}(Object(Illuminate\\Http\\Request))
#37 C:\\xampp\\htdocs\\grupocorein\\core\\vendor\\laravel\\framework\\src\\Illuminate\\Pipeline\\Pipeline.php(167): Illuminate\\Foundation\\Http\\Middleware\\CheckForMaintenanceMode->handle(Object(Illuminate\\Http\\Request), Object(Closure))
#38 C:\\xampp\\htdocs\\grupocorein\\core\\vendor\\laravel\\framework\\src\\Illuminate\\Pipeline\\Pipeline.php(103): Illuminate\\Pipeline\\Pipeline->Illuminate\\Pipeline\\{closure}(Object(Illuminate\\Http\\Request))
#39 C:\\xampp\\htdocs\\grupocorein\\core\\vendor\\laravel\\framework\\src\\Illuminate\\Foundation\\Http\\Kernel.php(140): Illuminate\\Pipeline\\Pipeline->then(Object(Closure))
#40 C:\\xampp\\htdocs\\grupocorein\\core\\vendor\\laravel\\framework\\src\\Illuminate\\Foundation\\Http\\Kernel.php(109): Illuminate\\Foundation\\Http\\Kernel->sendRequestThroughRouter(Object(Illuminate\\Http\\Request))
#41 C:\\xampp\\htdocs\\grupocorein\\index.php(55): Illuminate\\Foundation\\Http\\Kernel->handle(Object(Illuminate\\Http\\Request))
#42 {main}

[previous exception] [object] (PDOException(code: 2002): SQLSTATE[HY000] [2002] No se puede establecer una conexión ya que el equipo de destino denegó expresamente dicha conexión.

 at C:\\xampp\\htdocs\\grupocorein\\core\\vendor\\doctrine\\dbal\\lib\\Doctrine\\DBAL\\Driver\\PDOConnection.php:40)
[stacktrace]
#0 C:\\xampp\\htdocs\\grupocorein\\core\\vendor\\doctrine\\dbal\\lib\\Doctrine\\DBAL\\Driver\\PDOConnection.php(40): PDO->__construct('mysql:host=127....', 'forge', '', Array)
#1 C:\\xampp\\htdocs\\grupocorein\\core\\vendor\\laravel\\framework\\src\\Illuminate\\Database\\Connectors\\Connector.php(67): Doctrine\\DBAL\\Driver\\PDOConnection->__construct('mysql:host=127....', 'forge', '', Array)
#2 C:\\xampp\\htdocs\\grupocorein\\core\\vendor\\laravel\\framework\\src\\Illuminate\\Database\\Connectors\\Connector.php(46): Illuminate\\Database\\Connectors\\Connector->createPdoConnection('mysql:host=127....', 'forge', '', Array)
#3 C:\\xampp\\htdocs\\grupocorein\\core\\vendor\\laravel\\framework\\src\\Illuminate\\Database\\Connectors\\MySqlConnector.php(24): Illuminate\\Database\\Connectors\\Connector->createConnection('mysql:host=127....', Array, Array)
#4 C:\\xampp\\htdocs\\grupocorein\\core\\vendor\\laravel\\framework\\src\\Illuminate\\Database\\Connectors\\ConnectionFactory.php(184): Illuminate\\Database\\Connectors\\MySqlConnector->connect(Array)
#5 [internal function]: Illuminate\\Database\\Connectors\\ConnectionFactory->Illuminate\\Database\\Connectors\\{closure}()
#6 C:\\xampp\\htdocs\\grupocorein\\core\\vendor\\laravel\\framework\\src\\Illuminate\\Database\\Connection.php(926): call_user_func(Object(Closure))
#7 C:\\xampp\\htdocs\\grupocorein\\core\\vendor\\laravel\\framework\\src\\Illuminate\\Database\\Connection.php(961): Illuminate\\Database\\Connection->getPdo()
#8 C:\\xampp\\htdocs\\grupocorein\\core\\vendor\\laravel\\framework\\src\\Illuminate\\Database\\Connection.php(405): Illuminate\\Database\\Connection->getReadPdo()
#9 C:\\xampp\\htdocs\\grupocorein\\core\\vendor\\laravel\\framework\\src\\Illuminate\\Database\\Connection.php(331): Illuminate\\Database\\Connection->getPdoForSelect(true)
#10 C:\\xampp\\htdocs\\grupocorein\\core\\vendor\\laravel\\framework\\src\\Illuminate\\Database\\Connection.php(664): Illuminate\\Database\\Connection->Illuminate\\Database\\{closure}('select * from `...', Array)
#11 C:\\xampp\\htdocs\\grupocorein\\core\\vendor\\laravel\\framework\\src\\Illuminate\\Database\\Connection.php(631): Illuminate\\Database\\Connection->runQueryCallback('select * from `...', Array, Object(Closure))
#12 C:\\xampp\\htdocs\\grupocorein\\core\\vendor\\laravel\\framework\\src\\Illuminate\\Database\\Connection.php(339): Illuminate\\Database\\Connection->run('select * from `...', Array, Object(Closure))
#13 C:\\xampp\\htdocs\\grupocorein\\core\\vendor\\laravel\\framework\\src\\Illuminate\\Database\\Query\\Builder.php(2270): Illuminate\\Database\\Connection->select('select * from `...', Array, true)
#14 C:\\xampp\\htdocs\\grupocorein\\core\\vendor\\laravel\\framework\\src\\Illuminate\\Database\\Query\\Builder.php(2258): Illuminate\\Database\\Query\\Builder->runSelect()
#15 C:\\xampp\\htdocs\\grupocorein\\core\\vendor\\laravel\\framework\\src\\Illuminate\\Database\\Query\\Builder.php(2753): Illuminate\\Database\\Query\\Builder->Illuminate\\Database\\Query\\{closure}()
#16 C:\\xampp\\htdocs\\grupocorein\\core\\vendor\\laravel\\framework\\src\\Illuminate\\Database\\Query\\Builder.php(2259): Illuminate\\Database\\Query\\Builder->onceWithColumns(Array, Object(Closure))
#17 C:\\xampp\\htdocs\\grupocorein\\core\\vendor\\laravel\\framework\\src\\Illuminate\\Database\\Concerns\\BuildsQueries.php(143): Illuminate\\Database\\Query\\Builder->get(Array)
#18 C:\\xampp\\htdocs\\grupocorein\\core\\vendor\\laravel\\framework\\src\\Illuminate\\Database\\Query\\Builder.php(2233): Illuminate\\Database\\Query\\Builder->first(Array)
#19 C:\\xampp\\htdocs\\grupocorein\\core\\app\\Providers\\AppServiceProvider.php(17): Illuminate\\Database\\Query\\Builder->find(1)
#20 C:\\xampp\\htdocs\\grupocorein\\core\\vendor\\laravel\\framework\\src\\Illuminate\\View\\Concerns\\ManagesEvents.php(162): App\\Providers\\AppServiceProvider->App\\Providers\\{closure}(Object(Illuminate\\View\\View))
#21 C:\\xampp\\htdocs\\grupocorein\\core\\vendor\\laravel\\framework\\src\\Illuminate\\Events\\Dispatcher.php(378): Illuminate\\View\\Factory->Illuminate\\View\\Concerns\\{closure}('composing: erro...', Array)
#22 C:\\xampp\\htdocs\\grupocorein\\core\\vendor\\laravel\\framework\\src\\Illuminate\\Events\\Dispatcher.php(226): Illuminate\\Events\\Dispatcher->Illuminate\\Events\\{closure}('composing: erro...', Array)
#23 C:\\xampp\\htdocs\\grupocorein\\core\\vendor\\laravel\\framework\\src\\Illuminate\\View\\Concerns\\ManagesEvents.php(177): Illuminate\\Events\\Dispatcher->dispatch('composing: erro...', Array)
#24 C:\\xampp\\htdocs\\grupocorein\\core\\vendor\\laravel\\framework\\src\\Illuminate\\View\\View.php(120): Illuminate\\View\\Factory->callComposer(Object(Illuminate\\View\\View))
#25 C:\\xampp\\htdocs\\grupocorein\\core\\vendor\\laravel\\framework\\src\\Illuminate\\View\\View.php(91): Illuminate\\View\\View->renderContents()
#26 C:\\xampp\\htdocs\\grupocorein\\core\\vendor\\laravel\\framework\\src\\Illuminate\\Http\\Response.php(62): Illuminate\\View\\View->render()
#27 C:\\xampp\\htdocs\\grupocorein\\core\\vendor\\laravel\\framework\\src\\Illuminate\\Http\\Response.php(34): Illuminate\\Http\\Response->setContent(Object(Illuminate\\View\\View))
#28 C:\\xampp\\htdocs\\grupocorein\\core\\vendor\\laravel\\framework\\src\\Illuminate\\Routing\\ResponseFactory.php(55): Illuminate\\Http\\Response->__construct(Object(Illuminate\\View\\View), 500, Array)
#29 C:\\xampp\\htdocs\\grupocorein\\core\\vendor\\laravel\\framework\\src\\Illuminate\\Routing\\ResponseFactory.php(85): Illuminate\\Routing\\ResponseFactory->make(Object(Illuminate\\View\\View), 500, Array)
#30 C:\\xampp\\htdocs\\grupocorein\\core\\vendor\\laravel\\framework\\src\\Illuminate\\Foundation\\Exceptions\\Handler.php(409): Illuminate\\Routing\\ResponseFactory->view('errors::500', Array, 500, Array)
#31 C:\\xampp\\htdocs\\grupocorein\\core\\vendor\\laravel\\framework\\src\\Illuminate\\Foundation\\Exceptions\\Handler.php(314): Illuminate\\Foundation\\Exceptions\\Handler->renderHttpException(Object(Symfony\\Component\\HttpKernel\\Exception\\HttpException))
#32 C:\\xampp\\htdocs\\grupocorein\\core\\vendor\\laravel\\framework\\src\\Illuminate\\Foundation\\Exceptions\\Handler.php(211): Illuminate\\Foundation\\Exceptions\\Handler->prepareResponse(Object(Illuminate\\Http\\Request), Object(Symfony\\Component\\HttpKernel\\Exception\\HttpException))
#33 C:\\xampp\\htdocs\\grupocorein\\core\\app\\Exceptions\\Handler.php(58): Illuminate\\Foundation\\Exceptions\\Handler->render(Object(Illuminate\\Http\\Request), Object(Illuminate\\Database\\QueryException))
#34 C:\\xampp\\htdocs\\grupocorein\\core\\vendor\\laravel\\framework\\src\\Illuminate\\Routing\\Pipeline.php(51): App\\Exceptions\\Handler->render(Object(Illuminate\\Http\\Request), Object(Illuminate\\Database\\QueryException))
#35 C:\\xampp\\htdocs\\grupocorein\\core\\vendor\\laravel\\framework\\src\\Illuminate\\Pipeline\\Pipeline.php(172): Illuminate\\Routing\\Pipeline->handleException(Object(Illuminate\\Http\\Request), Object(Illuminate\\Database\\QueryException))
#36 C:\\xampp\\htdocs\\grupocorein\\core\\vendor\\laravel\\framework\\src\\Illuminate\\Foundation\\Http\\Middleware\\CheckForMaintenanceMode.php(63): Illuminate\\Pipeline\\Pipeline->Illuminate\\Pipeline\\{closure}(Object(Illuminate\\Http\\Request))
#37 C:\\xampp\\htdocs\\grupocorein\\core\\vendor\\laravel\\framework\\src\\Illuminate\\Pipeline\\Pipeline.php(167): Illuminate\\Foundation\\Http\\Middleware\\CheckForMaintenanceMode->handle(Object(Illuminate\\Http\\Request), Object(Closure))
#38 C:\\xampp\\htdocs\\grupocorein\\core\\vendor\\laravel\\framework\\src\\Illuminate\\Pipeline\\Pipeline.php(103): Illuminate\\Pipeline\\Pipeline->Illuminate\\Pipeline\\{closure}(Object(Illuminate\\Http\\Request))
#39 C:\\xampp\\htdocs\\grupocorein\\core\\vendor\\laravel\\framework\\src\\Illuminate\\Foundation\\Http\\Kernel.php(140): Illuminate\\Pipeline\\Pipeline->then(Object(Closure))
#40 C:\\xampp\\htdocs\\grupocorein\\core\\vendor\\laravel\\framework\\src\\Illuminate\\Foundation\\Http\\Kernel.php(109): Illuminate\\Foundation\\Http\\Kernel->sendRequestThroughRouter(Object(Illuminate\\Http\\Request))
#41 C:\\xampp\\htdocs\\grupocorein\\index.php(55): Illuminate\\Foundation\\Http\\Kernel->handle(Object(Illuminate\\Http\\Request))
#42 {main}
"} 
[2024-04-28 10:22:02] production.ERROR: SQLSTATE[HY000] [2002] No se puede establecer una conexión ya que el equipo de destino denegó expresamente dicha conexión.
 (SQL: select * from `settings` where `id` = 1 limit 1) {"exception":"[object] (Illuminate\\Database\\QueryException(code: 2002): SQLSTATE[HY000] [2002] No se puede establecer una conexión ya que el equipo de destino denegó expresamente dicha conexión.

 (SQL: select * from `settings` where `id` = 1 limit 1) at C:\\xampp\\htdocs\\grupocorein\\core\\vendor\\laravel\\framework\\src\\Illuminate\\Database\\Connection.php:671)
[stacktrace]
#0 C:\\xampp\\htdocs\\grupocorein\\core\\vendor\\laravel\\framework\\src\\Illuminate\\Database\\Connection.php(631): Illuminate\\Database\\Connection->runQueryCallback('select * from `...', Array, Object(Closure))
#1 C:\\xampp\\htdocs\\grupocorein\\core\\vendor\\laravel\\framework\\src\\Illuminate\\Database\\Connection.php(339): Illuminate\\Database\\Connection->run('select * from `...', Array, Object(Closure))
#2 C:\\xampp\\htdocs\\grupocorein\\core\\vendor\\laravel\\framework\\src\\Illuminate\\Database\\Query\\Builder.php(2270): Illuminate\\Database\\Connection->select('select * from `...', Array, true)
#3 C:\\xampp\\htdocs\\grupocorein\\core\\vendor\\laravel\\framework\\src\\Illuminate\\Database\\Query\\Builder.php(2258): Illuminate\\Database\\Query\\Builder->runSelect()
#4 C:\\xampp\\htdocs\\grupocorein\\core\\vendor\\laravel\\framework\\src\\Illuminate\\Database\\Query\\Builder.php(2753): Illuminate\\Database\\Query\\Builder->Illuminate\\Database\\Query\\{closure}()
#5 C:\\xampp\\htdocs\\grupocorein\\core\\vendor\\laravel\\framework\\src\\Illuminate\\Database\\Query\\Builder.php(2259): Illuminate\\Database\\Query\\Builder->onceWithColumns(Array, Object(Closure))
#6 C:\\xampp\\htdocs\\grupocorein\\core\\vendor\\laravel\\framework\\src\\Illuminate\\Database\\Concerns\\BuildsQueries.php(143): Illuminate\\Database\\Query\\Builder->get(Array)
#7 C:\\xampp\\htdocs\\grupocorein\\core\\vendor\\laravel\\framework\\src\\Illuminate\\Database\\Query\\Builder.php(2233): Illuminate\\Database\\Query\\Builder->first(Array)
#8 C:\\xampp\\htdocs\\grupocorein\\core\\app\\Providers\\AppServiceProvider.php(17): Illuminate\\Database\\Query\\Builder->find(1)
#9 C:\\xampp\\htdocs\\grupocorein\\core\\vendor\\laravel\\framework\\src\\Illuminate\\View\\Concerns\\ManagesEvents.php(162): App\\Providers\\AppServiceProvider->App\\Providers\\{closure}(Object(Illuminate\\View\\View))
#10 C:\\xampp\\htdocs\\grupocorein\\core\\vendor\\laravel\\framework\\src\\Illuminate\\Events\\Dispatcher.php(378): Illuminate\\View\\Factory->Illuminate\\View\\Concerns\\{closure}('composing: erro...', Array)
#11 C:\\xampp\\htdocs\\grupocorein\\core\\vendor\\laravel\\framework\\src\\Illuminate\\Events\\Dispatcher.php(226): Illuminate\\Events\\Dispatcher->Illuminate\\Events\\{closure}('composing: erro...', Array)
#12 C:\\xampp\\htdocs\\grupocorein\\core\\vendor\\laravel\\framework\\src\\Illuminate\\View\\Concerns\\ManagesEvents.php(177): Illuminate\\Events\\Dispatcher->dispatch('composing: erro...', Array)
#13 C:\\xampp\\htdocs\\grupocorein\\core\\vendor\\laravel\\framework\\src\\Illuminate\\View\\View.php(120): Illuminate\\View\\Factory->callComposer(Object(Illuminate\\View\\View))
#14 C:\\xampp\\htdocs\\grupocorein\\core\\vendor\\laravel\\framework\\src\\Illuminate\\View\\View.php(91): Illuminate\\View\\View->renderContents()
#15 C:\\xampp\\htdocs\\grupocorein\\core\\vendor\\laravel\\framework\\src\\Illuminate\\Http\\Response.php(62): Illuminate\\View\\View->render()
#16 C:\\xampp\\htdocs\\grupocorein\\core\\vendor\\laravel\\framework\\src\\Illuminate\\Http\\Response.php(34): Illuminate\\Http\\Response->setContent(Object(Illuminate\\View\\View))
#17 C:\\xampp\\htdocs\\grupocorein\\core\\vendor\\laravel\\framework\\src\\Illuminate\\Routing\\ResponseFactory.php(55): Illuminate\\Http\\Response->__construct(Object(Illuminate\\View\\View), 500, Array)
#18 C:\\xampp\\htdocs\\grupocorein\\core\\vendor\\laravel\\framework\\src\\Illuminate\\Routing\\ResponseFactory.php(85): Illuminate\\Routing\\ResponseFactory->make(Object(Illuminate\\View\\View), 500, Array)
#19 C:\\xampp\\htdocs\\grupocorein\\core\\vendor\\laravel\\framework\\src\\Illuminate\\Foundation\\Exceptions\\Handler.php(409): Illuminate\\Routing\\ResponseFactory->view('errors::500', Array, 500, Array)
#20 C:\\xampp\\htdocs\\grupocorein\\core\\vendor\\laravel\\framework\\src\\Illuminate\\Foundation\\Exceptions\\Handler.php(314): Illuminate\\Foundation\\Exceptions\\Handler->renderHttpException(Object(Symfony\\Component\\HttpKernel\\Exception\\HttpException))
#21 C:\\xampp\\htdocs\\grupocorein\\core\\vendor\\laravel\\framework\\src\\Illuminate\\Foundation\\Exceptions\\Handler.php(211): Illuminate\\Foundation\\Exceptions\\Handler->prepareResponse(Object(Illuminate\\Http\\Request), Object(Symfony\\Component\\HttpKernel\\Exception\\HttpException))
#22 C:\\xampp\\htdocs\\grupocorein\\core\\app\\Exceptions\\Handler.php(58): Illuminate\\Foundation\\Exceptions\\Handler->render(Object(Illuminate\\Http\\Request), Object(Illuminate\\Database\\QueryException))
#23 C:\\xampp\\htdocs\\grupocorein\\core\\vendor\\laravel\\framework\\src\\Illuminate\\Routing\\Pipeline.php(51): App\\Exceptions\\Handler->render(Object(Illuminate\\Http\\Request), Object(Illuminate\\Database\\QueryException))
#24 C:\\xampp\\htdocs\\grupocorein\\core\\vendor\\laravel\\framework\\src\\Illuminate\\Pipeline\\Pipeline.php(172): Illuminate\\Routing\\Pipeline->handleException(Object(Illuminate\\Http\\Request), Object(Illuminate\\Database\\QueryException))
#25 C:\\xampp\\htdocs\\grupocorein\\core\\vendor\\laravel\\framework\\src\\Illuminate\\Pipeline\\Pipeline.php(103): Illuminate\\Pipeline\\Pipeline->Illuminate\\Pipeline\\{closure}(Object(Illuminate\\Http\\Request))
#26 C:\\xampp\\htdocs\\grupocorein\\core\\vendor\\laravel\\framework\\src\\Illuminate\\Foundation\\Http\\Kernel.php(140): Illuminate\\Pipeline\\Pipeline->then(Object(Closure))
#27 C:\\xampp\\htdocs\\grupocorein\\core\\vendor\\laravel\\framework\\src\\Illuminate\\Foundation\\Http\\Kernel.php(109): Illuminate\\Foundation\\Http\\Kernel->sendRequestThroughRouter(Object(Illuminate\\Http\\Request))
#28 C:\\xampp\\htdocs\\grupocorein\\index.php(55): Illuminate\\Foundation\\Http\\Kernel->handle(Object(Illuminate\\Http\\Request))
#29 {main}

[previous exception] [object] (Doctrine\\DBAL\\Driver\\PDO\\Exception(code: 2002): SQLSTATE[HY000] [2002] No se puede establecer una conexión ya que el equipo de destino denegó expresamente dicha conexión.

 at C:\\xampp\\htdocs\\grupocorein\\core\\vendor\\doctrine\\dbal\\lib\\Doctrine\\DBAL\\Driver\\PDO\\Exception.php:18)
[stacktrace]
#0 C:\\xampp\\htdocs\\grupocorein\\core\\vendor\\doctrine\\dbal\\lib\\Doctrine\\DBAL\\Driver\\PDOConnection.php(44): Doctrine\\DBAL\\Driver\\PDO\\Exception::new(Object(PDOException))
#1 C:\\xampp\\htdocs\\grupocorein\\core\\vendor\\laravel\\framework\\src\\Illuminate\\Database\\Connectors\\Connector.php(67): Doctrine\\DBAL\\Driver\\PDOConnection->__construct('mysql:host=127....', 'forge', '', Array)
#2 C:\\xampp\\htdocs\\grupocorein\\core\\vendor\\laravel\\framework\\src\\Illuminate\\Database\\Connectors\\Connector.php(46): Illuminate\\Database\\Connectors\\Connector->createPdoConnection('mysql:host=127....', 'forge', '', Array)
#3 C:\\xampp\\htdocs\\grupocorein\\core\\vendor\\laravel\\framework\\src\\Illuminate\\Database\\Connectors\\MySqlConnector.php(24): Illuminate\\Database\\Connectors\\Connector->createConnection('mysql:host=127....', Array, Array)
#4 C:\\xampp\\htdocs\\grupocorein\\core\\vendor\\laravel\\framework\\src\\Illuminate\\Database\\Connectors\\ConnectionFactory.php(184): Illuminate\\Database\\Connectors\\MySqlConnector->connect(Array)
#5 [internal function]: Illuminate\\Database\\Connectors\\ConnectionFactory->Illuminate\\Database\\Connectors\\{closure}()
#6 C:\\xampp\\htdocs\\grupocorein\\core\\vendor\\laravel\\framework\\src\\Illuminate\\Database\\Connection.php(926): call_user_func(Object(Closure))
#7 C:\\xampp\\htdocs\\grupocorein\\core\\vendor\\laravel\\framework\\src\\Illuminate\\Database\\Connection.php(961): Illuminate\\Database\\Connection->getPdo()
#8 C:\\xampp\\htdocs\\grupocorein\\core\\vendor\\laravel\\framework\\src\\Illuminate\\Database\\Connection.php(405): Illuminate\\Database\\Connection->getReadPdo()
#9 C:\\xampp\\htdocs\\grupocorein\\core\\vendor\\laravel\\framework\\src\\Illuminate\\Database\\Connection.php(331): Illuminate\\Database\\Connection->getPdoForSelect(true)
#10 C:\\xampp\\htdocs\\grupocorein\\core\\vendor\\laravel\\framework\\src\\Illuminate\\Database\\Connection.php(664): Illuminate\\Database\\Connection->Illuminate\\Database\\{closure}('select * from `...', Array)
#11 C:\\xampp\\htdocs\\grupocorein\\core\\vendor\\laravel\\framework\\src\\Illuminate\\Database\\Connection.php(631): Illuminate\\Database\\Connection->runQueryCallback('select * from `...', Array, Object(Closure))
#12 C:\\xampp\\htdocs\\grupocorein\\core\\vendor\\laravel\\framework\\src\\Illuminate\\Database\\Connection.php(339): Illuminate\\Database\\Connection->run('select * from `...', Array, Object(Closure))
#13 C:\\xampp\\htdocs\\grupocorein\\core\\vendor\\laravel\\framework\\src\\Illuminate\\Database\\Query\\Builder.php(2270): Illuminate\\Database\\Connection->select('select * from `...', Array, true)
#14 C:\\xampp\\htdocs\\grupocorein\\core\\vendor\\laravel\\framework\\src\\Illuminate\\Database\\Query\\Builder.php(2258): Illuminate\\Database\\Query\\Builder->runSelect()
#15 C:\\xampp\\htdocs\\grupocorein\\core\\vendor\\laravel\\framework\\src\\Illuminate\\Database\\Query\\Builder.php(2753): Illuminate\\Database\\Query\\Builder->Illuminate\\Database\\Query\\{closure}()
#16 C:\\xampp\\htdocs\\grupocorein\\core\\vendor\\laravel\\framework\\src\\Illuminate\\Database\\Query\\Builder.php(2259): Illuminate\\Database\\Query\\Builder->onceWithColumns(Array, Object(Closure))
#17 C:\\xampp\\htdocs\\grupocorein\\core\\vendor\\laravel\\framework\\src\\Illuminate\\Database\\Concerns\\BuildsQueries.php(143): Illuminate\\Database\\Query\\Builder->get(Array)
#18 C:\\xampp\\htdocs\\grupocorein\\core\\vendor\\laravel\\framework\\src\\Illuminate\\Database\\Query\\Builder.php(2233): Illuminate\\Database\\Query\\Builder->first(Array)
#19 C:\\xampp\\htdocs\\grupocorein\\core\\app\\Providers\\AppServiceProvider.php(17): Illuminate\\Database\\Query\\Builder->find(1)
#20 C:\\xampp\\htdocs\\grupocorein\\core\\vendor\\laravel\\framework\\src\\Illuminate\\View\\Concerns\\ManagesEvents.php(162): App\\Providers\\AppServiceProvider->App\\Providers\\{closure}(Object(Illuminate\\View\\View))
#21 C:\\xampp\\htdocs\\grupocorein\\core\\vendor\\laravel\\framework\\src\\Illuminate\\Events\\Dispatcher.php(378): Illuminate\\View\\Factory->Illuminate\\View\\Concerns\\{closure}('composing: erro...', Array)
#22 C:\\xampp\\htdocs\\grupocorein\\core\\vendor\\laravel\\framework\\src\\Illuminate\\Events\\Dispatcher.php(226): Illuminate\\Events\\Dispatcher->Illuminate\\Events\\{closure}('composing: erro...', Array)
#23 C:\\xampp\\htdocs\\grupocorein\\core\\vendor\\laravel\\framework\\src\\Illuminate\\View\\Concerns\\ManagesEvents.php(177): Illuminate\\Events\\Dispatcher->dispatch('composing: erro...', Array)
#24 C:\\xampp\\htdocs\\grupocorein\\core\\vendor\\laravel\\framework\\src\\Illuminate\\View\\View.php(120): Illuminate\\View\\Factory->callComposer(Object(Illuminate\\View\\View))
#25 C:\\xampp\\htdocs\\grupocorein\\core\\vendor\\laravel\\framework\\src\\Illuminate\\View\\View.php(91): Illuminate\\View\\View->renderContents()
#26 C:\\xampp\\htdocs\\grupocorein\\core\\vendor\\laravel\\framework\\src\\Illuminate\\Http\\Response.php(62): Illuminate\\View\\View->render()
#27 C:\\xampp\\htdocs\\grupocorein\\core\\vendor\\laravel\\framework\\src\\Illuminate\\Http\\Response.php(34): Illuminate\\Http\\Response->setContent(Object(Illuminate\\View\\View))
#28 C:\\xampp\\htdocs\\grupocorein\\core\\vendor\\laravel\\framework\\src\\Illuminate\\Routing\\ResponseFactory.php(55): Illuminate\\Http\\Response->__construct(Object(Illuminate\\View\\View), 500, Array)
#29 C:\\xampp\\htdocs\\grupocorein\\core\\vendor\\laravel\\framework\\src\\Illuminate\\Routing\\ResponseFactory.php(85): Illuminate\\Routing\\ResponseFactory->make(Object(Illuminate\\View\\View), 500, Array)
#30 C:\\xampp\\htdocs\\grupocorein\\core\\vendor\\laravel\\framework\\src\\Illuminate\\Foundation\\Exceptions\\Handler.php(409): Illuminate\\Routing\\ResponseFactory->view('errors::500', Array, 500, Array)
#31 C:\\xampp\\htdocs\\grupocorein\\core\\vendor\\laravel\\framework\\src\\Illuminate\\Foundation\\Exceptions\\Handler.php(314): Illuminate\\Foundation\\Exceptions\\Handler->renderHttpException(Object(Symfony\\Component\\HttpKernel\\Exception\\HttpException))
#32 C:\\xampp\\htdocs\\grupocorein\\core\\vendor\\laravel\\framework\\src\\Illuminate\\Foundation\\Exceptions\\Handler.php(211): Illuminate\\Foundation\\Exceptions\\Handler->prepareResponse(Object(Illuminate\\Http\\Request), Object(Symfony\\Component\\HttpKernel\\Exception\\HttpException))
#33 C:\\xampp\\htdocs\\grupocorein\\core\\app\\Exceptions\\Handler.php(58): Illuminate\\Foundation\\Exceptions\\Handler->render(Object(Illuminate\\Http\\Request), Object(Illuminate\\Database\\QueryException))
#34 C:\\xampp\\htdocs\\grupocorein\\core\\vendor\\laravel\\framework\\src\\Illuminate\\Routing\\Pipeline.php(51): App\\Exceptions\\Handler->render(Object(Illuminate\\Http\\Request), Object(Illuminate\\Database\\QueryException))
#35 C:\\xampp\\htdocs\\grupocorein\\core\\vendor\\laravel\\framework\\src\\Illuminate\\Pipeline\\Pipeline.php(172): Illuminate\\Routing\\Pipeline->handleException(Object(Illuminate\\Http\\Request), Object(Illuminate\\Database\\QueryException))
#36 C:\\xampp\\htdocs\\grupocorein\\core\\vendor\\laravel\\framework\\src\\Illuminate\\Pipeline\\Pipeline.php(103): Illuminate\\Pipeline\\Pipeline->Illuminate\\Pipeline\\{closure}(Object(Illuminate\\Http\\Request))
#37 C:\\xampp\\htdocs\\grupocorein\\core\\vendor\\laravel\\framework\\src\\Illuminate\\Foundation\\Http\\Kernel.php(140): Illuminate\\Pipeline\\Pipeline->then(Object(Closure))
#38 C:\\xampp\\htdocs\\grupocorein\\core\\vendor\\laravel\\framework\\src\\Illuminate\\Foundation\\Http\\Kernel.php(109): Illuminate\\Foundation\\Http\\Kernel->sendRequestThroughRouter(Object(Illuminate\\Http\\Request))
#39 C:\\xampp\\htdocs\\grupocorein\\index.php(55): Illuminate\\Foundation\\Http\\Kernel->handle(Object(Illuminate\\Http\\Request))
#40 {main}

[previous exception] [object] (PDOException(code: 2002): SQLSTATE[HY000] [2002] No se puede establecer una conexión ya que el equipo de destino denegó expresamente dicha conexión.

 at C:\\xampp\\htdocs\\grupocorein\\core\\vendor\\doctrine\\dbal\\lib\\Doctrine\\DBAL\\Driver\\PDOConnection.php:40)
[stacktrace]
#0 C:\\xampp\\htdocs\\grupocorein\\core\\vendor\\doctrine\\dbal\\lib\\Doctrine\\DBAL\\Driver\\PDOConnection.php(40): PDO->__construct('mysql:host=127....', 'forge', '', Array)
#1 C:\\xampp\\htdocs\\grupocorein\\core\\vendor\\laravel\\framework\\src\\Illuminate\\Database\\Connectors\\Connector.php(67): Doctrine\\DBAL\\Driver\\PDOConnection->__construct('mysql:host=127....', 'forge', '', Array)
#2 C:\\xampp\\htdocs\\grupocorein\\core\\vendor\\laravel\\framework\\src\\Illuminate\\Database\\Connectors\\Connector.php(46): Illuminate\\Database\\Connectors\\Connector->createPdoConnection('mysql:host=127....', 'forge', '', Array)
#3 C:\\xampp\\htdocs\\grupocorein\\core\\vendor\\laravel\\framework\\src\\Illuminate\\Database\\Connectors\\MySqlConnector.php(24): Illuminate\\Database\\Connectors\\Connector->createConnection('mysql:host=127....', Array, Array)
#4 C:\\xampp\\htdocs\\grupocorein\\core\\vendor\\laravel\\framework\\src\\Illuminate\\Database\\Connectors\\ConnectionFactory.php(184): Illuminate\\Database\\Connectors\\MySqlConnector->connect(Array)
#5 [internal function]: Illuminate\\Database\\Connectors\\ConnectionFactory->Illuminate\\Database\\Connectors\\{closure}()
#6 C:\\xampp\\htdocs\\grupocorein\\core\\vendor\\laravel\\framework\\src\\Illuminate\\Database\\Connection.php(926): call_user_func(Object(Closure))
#7 C:\\xampp\\htdocs\\grupocorein\\core\\vendor\\laravel\\framework\\src\\Illuminate\\Database\\Connection.php(961): Illuminate\\Database\\Connection->getPdo()
#8 C:\\xampp\\htdocs\\grupocorein\\core\\vendor\\laravel\\framework\\src\\Illuminate\\Database\\Connection.php(405): Illuminate\\Database\\Connection->getReadPdo()
#9 C:\\xampp\\htdocs\\grupocorein\\core\\vendor\\laravel\\framework\\src\\Illuminate\\Database\\Connection.php(331): Illuminate\\Database\\Connection->getPdoForSelect(true)
#10 C:\\xampp\\htdocs\\grupocorein\\core\\vendor\\laravel\\framework\\src\\Illuminate\\Database\\Connection.php(664): Illuminate\\Database\\Connection->Illuminate\\Database\\{closure}('select * from `...', Array)
#11 C:\\xampp\\htdocs\\grupocorein\\core\\vendor\\laravel\\framework\\src\\Illuminate\\Database\\Connection.php(631): Illuminate\\Database\\Connection->runQueryCallback('select * from `...', Array, Object(Closure))
#12 C:\\xampp\\htdocs\\grupocorein\\core\\vendor\\laravel\\framework\\src\\Illuminate\\Database\\Connection.php(339): Illuminate\\Database\\Connection->run('select * from `...', Array, Object(Closure))
#13 C:\\xampp\\htdocs\\grupocorein\\core\\vendor\\laravel\\framework\\src\\Illuminate\\Database\\Query\\Builder.php(2270): Illuminate\\Database\\Connection->select('select * from `...', Array, true)
#14 C:\\xampp\\htdocs\\grupocorein\\core\\vendor\\laravel\\framework\\src\\Illuminate\\Database\\Query\\Builder.php(2258): Illuminate\\Database\\Query\\Builder->runSelect()
#15 C:\\xampp\\htdocs\\grupocorein\\core\\vendor\\laravel\\framework\\src\\Illuminate\\Database\\Query\\Builder.php(2753): Illuminate\\Database\\Query\\Builder->Illuminate\\Database\\Query\\{closure}()
#16 C:\\xampp\\htdocs\\grupocorein\\core\\vendor\\laravel\\framework\\src\\Illuminate\\Database\\Query\\Builder.php(2259): Illuminate\\Database\\Query\\Builder->onceWithColumns(Array, Object(Closure))
#17 C:\\xampp\\htdocs\\grupocorein\\core\\vendor\\laravel\\framework\\src\\Illuminate\\Database\\Concerns\\BuildsQueries.php(143): Illuminate\\Database\\Query\\Builder->get(Array)
#18 C:\\xampp\\htdocs\\grupocorein\\core\\vendor\\laravel\\framework\\src\\Illuminate\\Database\\Query\\Builder.php(2233): Illuminate\\Database\\Query\\Builder->first(Array)
#19 C:\\xampp\\htdocs\\grupocorein\\core\\app\\Providers\\AppServiceProvider.php(17): Illuminate\\Database\\Query\\Builder->find(1)
#20 C:\\xampp\\htdocs\\grupocorein\\core\\vendor\\laravel\\framework\\src\\Illuminate\\View\\Concerns\\ManagesEvents.php(162): App\\Providers\\AppServiceProvider->App\\Providers\\{closure}(Object(Illuminate\\View\\View))
#21 C:\\xampp\\htdocs\\grupocorein\\core\\vendor\\laravel\\framework\\src\\Illuminate\\Events\\Dispatcher.php(378): Illuminate\\View\\Factory->Illuminate\\View\\Concerns\\{closure}('composing: erro...', Array)
#22 C:\\xampp\\htdocs\\grupocorein\\core\\vendor\\laravel\\framework\\src\\Illuminate\\Events\\Dispatcher.php(226): Illuminate\\Events\\Dispatcher->Illuminate\\Events\\{closure}('composing: erro...', Array)
#23 C:\\xampp\\htdocs\\grupocorein\\core\\vendor\\laravel\\framework\\src\\Illuminate\\View\\Concerns\\ManagesEvents.php(177): Illuminate\\Events\\Dispatcher->dispatch('composing: erro...', Array)
#24 C:\\xampp\\htdocs\\grupocorein\\core\\vendor\\laravel\\framework\\src\\Illuminate\\View\\View.php(120): Illuminate\\View\\Factory->callComposer(Object(Illuminate\\View\\View))
#25 C:\\xampp\\htdocs\\grupocorein\\core\\vendor\\laravel\\framework\\src\\Illuminate\\View\\View.php(91): Illuminate\\View\\View->renderContents()
#26 C:\\xampp\\htdocs\\grupocorein\\core\\vendor\\laravel\\framework\\src\\Illuminate\\Http\\Response.php(62): Illuminate\\View\\View->render()
#27 C:\\xampp\\htdocs\\grupocorein\\core\\vendor\\laravel\\framework\\src\\Illuminate\\Http\\Response.php(34): Illuminate\\Http\\Response->setContent(Object(Illuminate\\View\\View))
#28 C:\\xampp\\htdocs\\grupocorein\\core\\vendor\\laravel\\framework\\src\\Illuminate\\Routing\\ResponseFactory.php(55): Illuminate\\Http\\Response->__construct(Object(Illuminate\\View\\View), 500, Array)
#29 C:\\xampp\\htdocs\\grupocorein\\core\\vendor\\laravel\\framework\\src\\Illuminate\\Routing\\ResponseFactory.php(85): Illuminate\\Routing\\ResponseFactory->make(Object(Illuminate\\View\\View), 500, Array)
#30 C:\\xampp\\htdocs\\grupocorein\\core\\vendor\\laravel\\framework\\src\\Illuminate\\Foundation\\Exceptions\\Handler.php(409): Illuminate\\Routing\\ResponseFactory->view('errors::500', Array, 500, Array)
#31 C:\\xampp\\htdocs\\grupocorein\\core\\vendor\\laravel\\framework\\src\\Illuminate\\Foundation\\Exceptions\\Handler.php(314): Illuminate\\Foundation\\Exceptions\\Handler->renderHttpException(Object(Symfony\\Component\\HttpKernel\\Exception\\HttpException))
#32 C:\\xampp\\htdocs\\grupocorein\\core\\vendor\\laravel\\framework\\src\\Illuminate\\Foundation\\Exceptions\\Handler.php(211): Illuminate\\Foundation\\Exceptions\\Handler->prepareResponse(Object(Illuminate\\Http\\Request), Object(Symfony\\Component\\HttpKernel\\Exception\\HttpException))
#33 C:\\xampp\\htdocs\\grupocorein\\core\\app\\Exceptions\\Handler.php(58): Illuminate\\Foundation\\Exceptions\\Handler->render(Object(Illuminate\\Http\\Request), Object(Illuminate\\Database\\QueryException))
#34 C:\\xampp\\htdocs\\grupocorein\\core\\vendor\\laravel\\framework\\src\\Illuminate\\Routing\\Pipeline.php(51): App\\Exceptions\\Handler->render(Object(Illuminate\\Http\\Request), Object(Illuminate\\Database\\QueryException))
#35 C:\\xampp\\htdocs\\grupocorein\\core\\vendor\\laravel\\framework\\src\\Illuminate\\Pipeline\\Pipeline.php(172): Illuminate\\Routing\\Pipeline->handleException(Object(Illuminate\\Http\\Request), Object(Illuminate\\Database\\QueryException))
#36 C:\\xampp\\htdocs\\grupocorein\\core\\vendor\\laravel\\framework\\src\\Illuminate\\Pipeline\\Pipeline.php(103): Illuminate\\Pipeline\\Pipeline->Illuminate\\Pipeline\\{closure}(Object(Illuminate\\Http\\Request))
#37 C:\\xampp\\htdocs\\grupocorein\\core\\vendor\\laravel\\framework\\src\\Illuminate\\Foundation\\Http\\Kernel.php(140): Illuminate\\Pipeline\\Pipeline->then(Object(Closure))
#38 C:\\xampp\\htdocs\\grupocorein\\core\\vendor\\laravel\\framework\\src\\Illuminate\\Foundation\\Http\\Kernel.php(109): Illuminate\\Foundation\\Http\\Kernel->sendRequestThroughRouter(Object(Illuminate\\Http\\Request))
#39 C:\\xampp\\htdocs\\grupocorein\\index.php(55): Illuminate\\Foundation\\Http\\Kernel->handle(Object(Illuminate\\Http\\Request))
#40 {main}
"} 
[2024-04-28 10:22:04] production.ERROR: SQLSTATE[HY000] [2002] No se puede establecer una conexión ya que el equipo de destino denegó expresamente dicha conexión.
 (SQL: select * from `settings` where `id` = 1 limit 1) {"exception":"[object] (Illuminate\\Database\\QueryException(code: 2002): SQLSTATE[HY000] [2002] No se puede establecer una conexión ya que el equipo de destino denegó expresamente dicha conexión.

 (SQL: select * from `settings` where `id` = 1 limit 1) at C:\\xampp\\htdocs\\grupocorein\\core\\vendor\\laravel\\framework\\src\\Illuminate\\Database\\Connection.php:671)
[stacktrace]
#0 C:\\xampp\\htdocs\\grupocorein\\core\\vendor\\laravel\\framework\\src\\Illuminate\\Database\\Connection.php(631): Illuminate\\Database\\Connection->runQueryCallback('select * from `...', Array, Object(Closure))
#1 C:\\xampp\\htdocs\\grupocorein\\core\\vendor\\laravel\\framework\\src\\Illuminate\\Database\\Connection.php(339): Illuminate\\Database\\Connection->run('select * from `...', Array, Object(Closure))
#2 C:\\xampp\\htdocs\\grupocorein\\core\\vendor\\laravel\\framework\\src\\Illuminate\\Database\\Query\\Builder.php(2270): Illuminate\\Database\\Connection->select('select * from `...', Array, true)
#3 C:\\xampp\\htdocs\\grupocorein\\core\\vendor\\laravel\\framework\\src\\Illuminate\\Database\\Query\\Builder.php(2258): Illuminate\\Database\\Query\\Builder->runSelect()
#4 C:\\xampp\\htdocs\\grupocorein\\core\\vendor\\laravel\\framework\\src\\Illuminate\\Database\\Query\\Builder.php(2753): Illuminate\\Database\\Query\\Builder->Illuminate\\Database\\Query\\{closure}()
#5 C:\\xampp\\htdocs\\grupocorein\\core\\vendor\\laravel\\framework\\src\\Illuminate\\Database\\Query\\Builder.php(2259): Illuminate\\Database\\Query\\Builder->onceWithColumns(Array, Object(Closure))
#6 C:\\xampp\\htdocs\\grupocorein\\core\\vendor\\laravel\\framework\\src\\Illuminate\\Database\\Concerns\\BuildsQueries.php(143): Illuminate\\Database\\Query\\Builder->get(Array)
#7 C:\\xampp\\htdocs\\grupocorein\\core\\vendor\\laravel\\framework\\src\\Illuminate\\Database\\Query\\Builder.php(2233): Illuminate\\Database\\Query\\Builder->first(Array)
#8 C:\\xampp\\htdocs\\grupocorein\\core\\app\\Providers\\AppServiceProvider.php(17): Illuminate\\Database\\Query\\Builder->find(1)
#9 C:\\xampp\\htdocs\\grupocorein\\core\\vendor\\laravel\\framework\\src\\Illuminate\\View\\Concerns\\ManagesEvents.php(162): App\\Providers\\AppServiceProvider->App\\Providers\\{closure}(Object(Illuminate\\View\\View))
#10 C:\\xampp\\htdocs\\grupocorein\\core\\vendor\\laravel\\framework\\src\\Illuminate\\Events\\Dispatcher.php(378): Illuminate\\View\\Factory->Illuminate\\View\\Concerns\\{closure}('composing: erro...', Array)
#11 C:\\xampp\\htdocs\\grupocorein\\core\\vendor\\laravel\\framework\\src\\Illuminate\\Events\\Dispatcher.php(226): Illuminate\\Events\\Dispatcher->Illuminate\\Events\\{closure}('composing: erro...', Array)
#12 C:\\xampp\\htdocs\\grupocorein\\core\\vendor\\laravel\\framework\\src\\Illuminate\\View\\Concerns\\ManagesEvents.php(177): Illuminate\\Events\\Dispatcher->dispatch('composing: erro...', Array)
#13 C:\\xampp\\htdocs\\grupocorein\\core\\vendor\\laravel\\framework\\src\\Illuminate\\View\\View.php(120): Illuminate\\View\\Factory->callComposer(Object(Illuminate\\View\\View))
#14 C:\\xampp\\htdocs\\grupocorein\\core\\vendor\\laravel\\framework\\src\\Illuminate\\View\\View.php(91): Illuminate\\View\\View->renderContents()
#15 C:\\xampp\\htdocs\\grupocorein\\core\\vendor\\laravel\\framework\\src\\Illuminate\\Http\\Response.php(62): Illuminate\\View\\View->render()
#16 C:\\xampp\\htdocs\\grupocorein\\core\\vendor\\laravel\\framework\\src\\Illuminate\\Http\\Response.php(34): Illuminate\\Http\\Response->setContent(Object(Illuminate\\View\\View))
#17 C:\\xampp\\htdocs\\grupocorein\\core\\vendor\\laravel\\framework\\src\\Illuminate\\Routing\\ResponseFactory.php(55): Illuminate\\Http\\Response->__construct(Object(Illuminate\\View\\View), 500, Array)
#18 C:\\xampp\\htdocs\\grupocorein\\core\\vendor\\laravel\\framework\\src\\Illuminate\\Routing\\ResponseFactory.php(85): Illuminate\\Routing\\ResponseFactory->make(Object(Illuminate\\View\\View), 500, Array)
#19 C:\\xampp\\htdocs\\grupocorein\\core\\vendor\\laravel\\framework\\src\\Illuminate\\Foundation\\Exceptions\\Handler.php(409): Illuminate\\Routing\\ResponseFactory->view('errors::500', Array, 500, Array)
#20 C:\\xampp\\htdocs\\grupocorein\\core\\vendor\\laravel\\framework\\src\\Illuminate\\Foundation\\Exceptions\\Handler.php(314): Illuminate\\Foundation\\Exceptions\\Handler->renderHttpException(Object(Symfony\\Component\\HttpKernel\\Exception\\HttpException))
#21 C:\\xampp\\htdocs\\grupocorein\\core\\vendor\\laravel\\framework\\src\\Illuminate\\Foundation\\Exceptions\\Handler.php(211): Illuminate\\Foundation\\Exceptions\\Handler->prepareResponse(Object(Illuminate\\Http\\Request), Object(Symfony\\Component\\HttpKernel\\Exception\\HttpException))
#22 C:\\xampp\\htdocs\\grupocorein\\core\\app\\Exceptions\\Handler.php(58): Illuminate\\Foundation\\Exceptions\\Handler->render(Object(Illuminate\\Http\\Request), Object(Illuminate\\Database\\QueryException))
#23 C:\\xampp\\htdocs\\grupocorein\\core\\vendor\\laravel\\framework\\src\\Illuminate\\Foundation\\Http\\Kernel.php(415): App\\Exceptions\\Handler->render(Object(Illuminate\\Http\\Request), Object(Illuminate\\Database\\QueryException))
#24 C:\\xampp\\htdocs\\grupocorein\\core\\vendor\\laravel\\framework\\src\\Illuminate\\Foundation\\Http\\Kernel.php(113): Illuminate\\Foundation\\Http\\Kernel->renderException(Object(Illuminate\\Http\\Request), Object(Illuminate\\Database\\QueryException))
#25 C:\\xampp\\htdocs\\grupocorein\\index.php(55): Illuminate\\Foundation\\Http\\Kernel->handle(Object(Illuminate\\Http\\Request))
#26 {main}

[previous exception] [object] (Doctrine\\DBAL\\Driver\\PDO\\Exception(code: 2002): SQLSTATE[HY000] [2002] No se puede establecer una conexión ya que el equipo de destino denegó expresamente dicha conexión.

 at C:\\xampp\\htdocs\\grupocorein\\core\\vendor\\doctrine\\dbal\\lib\\Doctrine\\DBAL\\Driver\\PDO\\Exception.php:18)
[stacktrace]
#0 C:\\xampp\\htdocs\\grupocorein\\core\\vendor\\doctrine\\dbal\\lib\\Doctrine\\DBAL\\Driver\\PDOConnection.php(44): Doctrine\\DBAL\\Driver\\PDO\\Exception::new(Object(PDOException))
#1 C:\\xampp\\htdocs\\grupocorein\\core\\vendor\\laravel\\framework\\src\\Illuminate\\Database\\Connectors\\Connector.php(67): Doctrine\\DBAL\\Driver\\PDOConnection->__construct('mysql:host=127....', 'forge', '', Array)
#2 C:\\xampp\\htdocs\\grupocorein\\core\\vendor\\laravel\\framework\\src\\Illuminate\\Database\\Connectors\\Connector.php(46): Illuminate\\Database\\Connectors\\Connector->createPdoConnection('mysql:host=127....', 'forge', '', Array)
#3 C:\\xampp\\htdocs\\grupocorein\\core\\vendor\\laravel\\framework\\src\\Illuminate\\Database\\Connectors\\MySqlConnector.php(24): Illuminate\\Database\\Connectors\\Connector->createConnection('mysql:host=127....', Array, Array)
#4 C:\\xampp\\htdocs\\grupocorein\\core\\vendor\\laravel\\framework\\src\\Illuminate\\Database\\Connectors\\ConnectionFactory.php(184): Illuminate\\Database\\Connectors\\MySqlConnector->connect(Array)
#5 [internal function]: Illuminate\\Database\\Connectors\\ConnectionFactory->Illuminate\\Database\\Connectors\\{closure}()
#6 C:\\xampp\\htdocs\\grupocorein\\core\\vendor\\laravel\\framework\\src\\Illuminate\\Database\\Connection.php(926): call_user_func(Object(Closure))
#7 C:\\xampp\\htdocs\\grupocorein\\core\\vendor\\laravel\\framework\\src\\Illuminate\\Database\\Connection.php(961): Illuminate\\Database\\Connection->getPdo()
#8 C:\\xampp\\htdocs\\grupocorein\\core\\vendor\\laravel\\framework\\src\\Illuminate\\Database\\Connection.php(405): Illuminate\\Database\\Connection->getReadPdo()
#9 C:\\xampp\\htdocs\\grupocorein\\core\\vendor\\laravel\\framework\\src\\Illuminate\\Database\\Connection.php(331): Illuminate\\Database\\Connection->getPdoForSelect(true)
#10 C:\\xampp\\htdocs\\grupocorein\\core\\vendor\\laravel\\framework\\src\\Illuminate\\Database\\Connection.php(664): Illuminate\\Database\\Connection->Illuminate\\Database\\{closure}('select * from `...', Array)
#11 C:\\xampp\\htdocs\\grupocorein\\core\\vendor\\laravel\\framework\\src\\Illuminate\\Database\\Connection.php(631): Illuminate\\Database\\Connection->runQueryCallback('select * from `...', Array, Object(Closure))
#12 C:\\xampp\\htdocs\\grupocorein\\core\\vendor\\laravel\\framework\\src\\Illuminate\\Database\\Connection.php(339): Illuminate\\Database\\Connection->run('select * from `...', Array, Object(Closure))
#13 C:\\xampp\\htdocs\\grupocorein\\core\\vendor\\laravel\\framework\\src\\Illuminate\\Database\\Query\\Builder.php(2270): Illuminate\\Database\\Connection->select('select * from `...', Array, true)
#14 C:\\xampp\\htdocs\\grupocorein\\core\\vendor\\laravel\\framework\\src\\Illuminate\\Database\\Query\\Builder.php(2258): Illuminate\\Database\\Query\\Builder->runSelect()
#15 C:\\xampp\\htdocs\\grupocorein\\core\\vendor\\laravel\\framework\\src\\Illuminate\\Database\\Query\\Builder.php(2753): Illuminate\\Database\\Query\\Builder->Illuminate\\Database\\Query\\{closure}()
#16 C:\\xampp\\htdocs\\grupocorein\\core\\vendor\\laravel\\framework\\src\\Illuminate\\Database\\Query\\Builder.php(2259): Illuminate\\Database\\Query\\Builder->onceWithColumns(Array, Object(Closure))
#17 C:\\xampp\\htdocs\\grupocorein\\core\\vendor\\laravel\\framework\\src\\Illuminate\\Database\\Concerns\\BuildsQueries.php(143): Illuminate\\Database\\Query\\Builder->get(Array)
#18 C:\\xampp\\htdocs\\grupocorein\\core\\vendor\\laravel\\framework\\src\\Illuminate\\Database\\Query\\Builder.php(2233): Illuminate\\Database\\Query\\Builder->first(Array)
#19 C:\\xampp\\htdocs\\grupocorein\\core\\app\\Providers\\AppServiceProvider.php(17): Illuminate\\Database\\Query\\Builder->find(1)
#20 C:\\xampp\\htdocs\\grupocorein\\core\\vendor\\laravel\\framework\\src\\Illuminate\\View\\Concerns\\ManagesEvents.php(162): App\\Providers\\AppServiceProvider->App\\Providers\\{closure}(Object(Illuminate\\View\\View))
#21 C:\\xampp\\htdocs\\grupocorein\\core\\vendor\\laravel\\framework\\src\\Illuminate\\Events\\Dispatcher.php(378): Illuminate\\View\\Factory->Illuminate\\View\\Concerns\\{closure}('composing: erro...', Array)
#22 C:\\xampp\\htdocs\\grupocorein\\core\\vendor\\laravel\\framework\\src\\Illuminate\\Events\\Dispatcher.php(226): Illuminate\\Events\\Dispatcher->Illuminate\\Events\\{closure}('composing: erro...', Array)
#23 C:\\xampp\\htdocs\\grupocorein\\core\\vendor\\laravel\\framework\\src\\Illuminate\\View\\Concerns\\ManagesEvents.php(177): Illuminate\\Events\\Dispatcher->dispatch('composing: erro...', Array)
#24 C:\\xampp\\htdocs\\grupocorein\\core\\vendor\\laravel\\framework\\src\\Illuminate\\View\\View.php(120): Illuminate\\View\\Factory->callComposer(Object(Illuminate\\View\\View))
#25 C:\\xampp\\htdocs\\grupocorein\\core\\vendor\\laravel\\framework\\src\\Illuminate\\View\\View.php(91): Illuminate\\View\\View->renderContents()
#26 C:\\xampp\\htdocs\\grupocorein\\core\\vendor\\laravel\\framework\\src\\Illuminate\\Http\\Response.php(62): Illuminate\\View\\View->render()
#27 C:\\xampp\\htdocs\\grupocorein\\core\\vendor\\laravel\\framework\\src\\Illuminate\\Http\\Response.php(34): Illuminate\\Http\\Response->setContent(Object(Illuminate\\View\\View))
#28 C:\\xampp\\htdocs\\grupocorein\\core\\vendor\\laravel\\framework\\src\\Illuminate\\Routing\\ResponseFactory.php(55): Illuminate\\Http\\Response->__construct(Object(Illuminate\\View\\View), 500, Array)
#29 C:\\xampp\\htdocs\\grupocorein\\core\\vendor\\laravel\\framework\\src\\Illuminate\\Routing\\ResponseFactory.php(85): Illuminate\\Routing\\ResponseFactory->make(Object(Illuminate\\View\\View), 500, Array)
#30 C:\\xampp\\htdocs\\grupocorein\\core\\vendor\\laravel\\framework\\src\\Illuminate\\Foundation\\Exceptions\\Handler.php(409): Illuminate\\Routing\\ResponseFactory->view('errors::500', Array, 500, Array)
#31 C:\\xampp\\htdocs\\grupocorein\\core\\vendor\\laravel\\framework\\src\\Illuminate\\Foundation\\Exceptions\\Handler.php(314): Illuminate\\Foundation\\Exceptions\\Handler->renderHttpException(Object(Symfony\\Component\\HttpKernel\\Exception\\HttpException))
#32 C:\\xampp\\htdocs\\grupocorein\\core\\vendor\\laravel\\framework\\src\\Illuminate\\Foundation\\Exceptions\\Handler.php(211): Illuminate\\Foundation\\Exceptions\\Handler->prepareResponse(Object(Illuminate\\Http\\Request), Object(Symfony\\Component\\HttpKernel\\Exception\\HttpException))
#33 C:\\xampp\\htdocs\\grupocorein\\core\\app\\Exceptions\\Handler.php(58): Illuminate\\Foundation\\Exceptions\\Handler->render(Object(Illuminate\\Http\\Request), Object(Illuminate\\Database\\QueryException))
#34 C:\\xampp\\htdocs\\grupocorein\\core\\vendor\\laravel\\framework\\src\\Illuminate\\Foundation\\Http\\Kernel.php(415): App\\Exceptions\\Handler->render(Object(Illuminate\\Http\\Request), Object(Illuminate\\Database\\QueryException))
#35 C:\\xampp\\htdocs\\grupocorein\\core\\vendor\\laravel\\framework\\src\\Illuminate\\Foundation\\Http\\Kernel.php(113): Illuminate\\Foundation\\Http\\Kernel->renderException(Object(Illuminate\\Http\\Request), Object(Illuminate\\Database\\QueryException))
#36 C:\\xampp\\htdocs\\grupocorein\\index.php(55): Illuminate\\Foundation\\Http\\Kernel->handle(Object(Illuminate\\Http\\Request))
#37 {main}

[previous exception] [object] (PDOException(code: 2002): SQLSTATE[HY000] [2002] No se puede establecer una conexión ya que el equipo de destino denegó expresamente dicha conexión.

 at C:\\xampp\\htdocs\\grupocorein\\core\\vendor\\doctrine\\dbal\\lib\\Doctrine\\DBAL\\Driver\\PDOConnection.php:40)
[stacktrace]
#0 C:\\xampp\\htdocs\\grupocorein\\core\\vendor\\doctrine\\dbal\\lib\\Doctrine\\DBAL\\Driver\\PDOConnection.php(40): PDO->__construct('mysql:host=127....', 'forge', '', Array)
#1 C:\\xampp\\htdocs\\grupocorein\\core\\vendor\\laravel\\framework\\src\\Illuminate\\Database\\Connectors\\Connector.php(67): Doctrine\\DBAL\\Driver\\PDOConnection->__construct('mysql:host=127....', 'forge', '', Array)
#2 C:\\xampp\\htdocs\\grupocorein\\core\\vendor\\laravel\\framework\\src\\Illuminate\\Database\\Connectors\\Connector.php(46): Illuminate\\Database\\Connectors\\Connector->createPdoConnection('mysql:host=127....', 'forge', '', Array)
#3 C:\\xampp\\htdocs\\grupocorein\\core\\vendor\\laravel\\framework\\src\\Illuminate\\Database\\Connectors\\MySqlConnector.php(24): Illuminate\\Database\\Connectors\\Connector->createConnection('mysql:host=127....', Array, Array)
#4 C:\\xampp\\htdocs\\grupocorein\\core\\vendor\\laravel\\framework\\src\\Illuminate\\Database\\Connectors\\ConnectionFactory.php(184): Illuminate\\Database\\Connectors\\MySqlConnector->connect(Array)
#5 [internal function]: Illuminate\\Database\\Connectors\\ConnectionFactory->Illuminate\\Database\\Connectors\\{closure}()
#6 C:\\xampp\\htdocs\\grupocorein\\core\\vendor\\laravel\\framework\\src\\Illuminate\\Database\\Connection.php(926): call_user_func(Object(Closure))
#7 C:\\xampp\\htdocs\\grupocorein\\core\\vendor\\laravel\\framework\\src\\Illuminate\\Database\\Connection.php(961): Illuminate\\Database\\Connection->getPdo()
#8 C:\\xampp\\htdocs\\grupocorein\\core\\vendor\\laravel\\framework\\src\\Illuminate\\Database\\Connection.php(405): Illuminate\\Database\\Connection->getReadPdo()
#9 C:\\xampp\\htdocs\\grupocorein\\core\\vendor\\laravel\\framework\\src\\Illuminate\\Database\\Connection.php(331): Illuminate\\Database\\Connection->getPdoForSelect(true)
#10 C:\\xampp\\htdocs\\grupocorein\\core\\vendor\\laravel\\framework\\src\\Illuminate\\Database\\Connection.php(664): Illuminate\\Database\\Connection->Illuminate\\Database\\{closure}('select * from `...', Array)
#11 C:\\xampp\\htdocs\\grupocorein\\core\\vendor\\laravel\\framework\\src\\Illuminate\\Database\\Connection.php(631): Illuminate\\Database\\Connection->runQueryCallback('select * from `...', Array, Object(Closure))
#12 C:\\xampp\\htdocs\\grupocorein\\core\\vendor\\laravel\\framework\\src\\Illuminate\\Database\\Connection.php(339): Illuminate\\Database\\Connection->run('select * from `...', Array, Object(Closure))
#13 C:\\xampp\\htdocs\\grupocorein\\core\\vendor\\laravel\\framework\\src\\Illuminate\\Database\\Query\\Builder.php(2270): Illuminate\\Database\\Connection->select('select * from `...', Array, true)
#14 C:\\xampp\\htdocs\\grupocorein\\core\\vendor\\laravel\\framework\\src\\Illuminate\\Database\\Query\\Builder.php(2258): Illuminate\\Database\\Query\\Builder->runSelect()
#15 C:\\xampp\\htdocs\\grupocorein\\core\\vendor\\laravel\\framework\\src\\Illuminate\\Database\\Query\\Builder.php(2753): Illuminate\\Database\\Query\\Builder->Illuminate\\Database\\Query\\{closure}()
#16 C:\\xampp\\htdocs\\grupocorein\\core\\vendor\\laravel\\framework\\src\\Illuminate\\Database\\Query\\Builder.php(2259): Illuminate\\Database\\Query\\Builder->onceWithColumns(Array, Object(Closure))
#17 C:\\xampp\\htdocs\\grupocorein\\core\\vendor\\laravel\\framework\\src\\Illuminate\\Database\\Concerns\\BuildsQueries.php(143): Illuminate\\Database\\Query\\Builder->get(Array)
#18 C:\\xampp\\htdocs\\grupocorein\\core\\vendor\\laravel\\framework\\src\\Illuminate\\Database\\Query\\Builder.php(2233): Illuminate\\Database\\Query\\Builder->first(Array)
#19 C:\\xampp\\htdocs\\grupocorein\\core\\app\\Providers\\AppServiceProvider.php(17): Illuminate\\Database\\Query\\Builder->find(1)
#20 C:\\xampp\\htdocs\\grupocorein\\core\\vendor\\laravel\\framework\\src\\Illuminate\\View\\Concerns\\ManagesEvents.php(162): App\\Providers\\AppServiceProvider->App\\Providers\\{closure}(Object(Illuminate\\View\\View))
#21 C:\\xampp\\htdocs\\grupocorein\\core\\vendor\\laravel\\framework\\src\\Illuminate\\Events\\Dispatcher.php(378): Illuminate\\View\\Factory->Illuminate\\View\\Concerns\\{closure}('composing: erro...', Array)
#22 C:\\xampp\\htdocs\\grupocorein\\core\\vendor\\laravel\\framework\\src\\Illuminate\\Events\\Dispatcher.php(226): Illuminate\\Events\\Dispatcher->Illuminate\\Events\\{closure}('composing: erro...', Array)
#23 C:\\xampp\\htdocs\\grupocorein\\core\\vendor\\laravel\\framework\\src\\Illuminate\\View\\Concerns\\ManagesEvents.php(177): Illuminate\\Events\\Dispatcher->dispatch('composing: erro...', Array)
#24 C:\\xampp\\htdocs\\grupocorein\\core\\vendor\\laravel\\framework\\src\\Illuminate\\View\\View.php(120): Illuminate\\View\\Factory->callComposer(Object(Illuminate\\View\\View))
#25 C:\\xampp\\htdocs\\grupocorein\\core\\vendor\\laravel\\framework\\src\\Illuminate\\View\\View.php(91): Illuminate\\View\\View->renderContents()
#26 C:\\xampp\\htdocs\\grupocorein\\core\\vendor\\laravel\\framework\\src\\Illuminate\\Http\\Response.php(62): Illuminate\\View\\View->render()
#27 C:\\xampp\\htdocs\\grupocorein\\core\\vendor\\laravel\\framework\\src\\Illuminate\\Http\\Response.php(34): Illuminate\\Http\\Response->setContent(Object(Illuminate\\View\\View))
#28 C:\\xampp\\htdocs\\grupocorein\\core\\vendor\\laravel\\framework\\src\\Illuminate\\Routing\\ResponseFactory.php(55): Illuminate\\Http\\Response->__construct(Object(Illuminate\\View\\View), 500, Array)
#29 C:\\xampp\\htdocs\\grupocorein\\core\\vendor\\laravel\\framework\\src\\Illuminate\\Routing\\ResponseFactory.php(85): Illuminate\\Routing\\ResponseFactory->make(Object(Illuminate\\View\\View), 500, Array)
#30 C:\\xampp\\htdocs\\grupocorein\\core\\vendor\\laravel\\framework\\src\\Illuminate\\Foundation\\Exceptions\\Handler.php(409): Illuminate\\Routing\\ResponseFactory->view('errors::500', Array, 500, Array)
#31 C:\\xampp\\htdocs\\grupocorein\\core\\vendor\\laravel\\framework\\src\\Illuminate\\Foundation\\Exceptions\\Handler.php(314): Illuminate\\Foundation\\Exceptions\\Handler->renderHttpException(Object(Symfony\\Component\\HttpKernel\\Exception\\HttpException))
#32 C:\\xampp\\htdocs\\grupocorein\\core\\vendor\\laravel\\framework\\src\\Illuminate\\Foundation\\Exceptions\\Handler.php(211): Illuminate\\Foundation\\Exceptions\\Handler->prepareResponse(Object(Illuminate\\Http\\Request), Object(Symfony\\Component\\HttpKernel\\Exception\\HttpException))
#33 C:\\xampp\\htdocs\\grupocorein\\core\\app\\Exceptions\\Handler.php(58): Illuminate\\Foundation\\Exceptions\\Handler->render(Object(Illuminate\\Http\\Request), Object(Illuminate\\Database\\QueryException))
#34 C:\\xampp\\htdocs\\grupocorein\\core\\vendor\\laravel\\framework\\src\\Illuminate\\Foundation\\Http\\Kernel.php(415): App\\Exceptions\\Handler->render(Object(Illuminate\\Http\\Request), Object(Illuminate\\Database\\QueryException))
#35 C:\\xampp\\htdocs\\grupocorein\\core\\vendor\\laravel\\framework\\src\\Illuminate\\Foundation\\Http\\Kernel.php(113): Illuminate\\Foundation\\Http\\Kernel->renderException(Object(Illuminate\\Http\\Request), Object(Illuminate\\Database\\QueryException))
#36 C:\\xampp\\htdocs\\grupocorein\\index.php(55): Illuminate\\Foundation\\Http\\Kernel->handle(Object(Illuminate\\Http\\Request))
#37 {main}
"} 
[2024-04-28 10:22:06] production.ERROR: Uncaught PDOException: SQLSTATE[HY000] [2002] No se puede establecer una conexión ya que el equipo de destino denegó expresamente dicha conexión.
 in C:\xampp\htdocs\grupocorein\core\vendor\doctrine\dbal\lib\Doctrine\DBAL\Driver\PDOConnection.php:40
Stack trace:
#0 C:\xampp\htdocs\grupocorein\core\vendor\doctrine\dbal\lib\Doctrine\DBAL\Driver\PDOConnection.php(40): PDO->__construct('mysql:host=127....', 'forge', '', Array)
#1 C:\xampp\htdocs\grupocorein\core\vendor\laravel\framework\src\Illuminate\Database\Connectors\Connector.php(67): Doctrine\DBAL\Driver\PDOConnection->__construct('mysql:host=127....', 'forge', '', Array)
#2 C:\xampp\htdocs\grupocorein\core\vendor\laravel\framework\src\Illuminate\Database\Connectors\Connector.php(46): Illuminate\Database\Connectors\Connector->createPdoConnection('mysql:host=127....', 'forge', '', Array)
#3 C:\xampp\htdocs\grupocorein\core\vendor\laravel\framework\src\Illuminate\Database\Connectors\MySqlConnector.php(24): Illuminate\Database\Connectors\Connector->createC {"exception":"[object] (Symfony\\Component\\ErrorHandler\\Error\\FatalError(code: 0): Uncaught PDOException: SQLSTATE[HY000] [2002] No se puede establecer una conexión ya que el equipo de destino denegó expresamente dicha conexión.

 in C:\\xampp\\htdocs\\grupocorein\\core\\vendor\\doctrine\\dbal\\lib\\Doctrine\\DBAL\\Driver\\PDOConnection.php:40
Stack trace:
#0 C:\\xampp\\htdocs\\grupocorein\\core\\vendor\\doctrine\\dbal\\lib\\Doctrine\\DBAL\\Driver\\PDOConnection.php(40): PDO->__construct('mysql:host=127....', 'forge', '', Array)
#1 C:\\xampp\\htdocs\\grupocorein\\core\\vendor\\laravel\\framework\\src\\Illuminate\\Database\\Connectors\\Connector.php(67): Doctrine\\DBAL\\Driver\\PDOConnection->__construct('mysql:host=127....', 'forge', '', Array)
#2 C:\\xampp\\htdocs\\grupocorein\\core\\vendor\\laravel\\framework\\src\\Illuminate\\Database\\Connectors\\Connector.php(46): Illuminate\\Database\\Connectors\\Connector->createPdoConnection('mysql:host=127....', 'forge', '', Array)
#3 C:\\xampp\\htdocs\\grupocorein\\core\\vendor\\laravel\\framework\\src\\Illuminate\\Database\\Connectors\\MySqlConnector.php(24): Illuminate\\Database\\Connectors\\Connector->createC at C:\\xampp\\htdocs\\grupocorein\\core\\vendor\\laravel\\framework\\src\\Illuminate\\Database\\Connection.php:671)
[stacktrace]
#0 {main}
"} 
[2024-04-28 15:40:31] local.ERROR: SQLSTATE[HY000] [2002] No se puede establecer una conexión ya que el equipo de destino denegó expresamente dicha conexión.
 (SQL: select * from `settings` where `id` = 1 limit 1) {"exception":"[object] (Illuminate\\Database\\QueryException(code: 2002): SQLSTATE[HY000] [2002] No se puede establecer una conexión ya que el equipo de destino denegó expresamente dicha conexión.

 (SQL: select * from `settings` where `id` = 1 limit 1) at C:\\xampp\\htdocs\\grupocorein\\core\\vendor\\laravel\\framework\\src\\Illuminate\\Database\\Connection.php:671)
[stacktrace]
#0 C:\\xampp\\htdocs\\grupocorein\\core\\vendor\\laravel\\framework\\src\\Illuminate\\Database\\Connection.php(631): Illuminate\\Database\\Connection->runQueryCallback('select * from `...', Array, Object(Closure))
#1 C:\\xampp\\htdocs\\grupocorein\\core\\vendor\\laravel\\framework\\src\\Illuminate\\Database\\Connection.php(339): Illuminate\\Database\\Connection->run('select * from `...', Array, Object(Closure))
#2 C:\\xampp\\htdocs\\grupocorein\\core\\vendor\\laravel\\framework\\src\\Illuminate\\Database\\Query\\Builder.php(2270): Illuminate\\Database\\Connection->select('select * from `...', Array, true)
#3 C:\\xampp\\htdocs\\grupocorein\\core\\vendor\\laravel\\framework\\src\\Illuminate\\Database\\Query\\Builder.php(2258): Illuminate\\Database\\Query\\Builder->runSelect()
#4 C:\\xampp\\htdocs\\grupocorein\\core\\vendor\\laravel\\framework\\src\\Illuminate\\Database\\Query\\Builder.php(2753): Illuminate\\Database\\Query\\Builder->Illuminate\\Database\\Query\\{closure}()
#5 C:\\xampp\\htdocs\\grupocorein\\core\\vendor\\laravel\\framework\\src\\Illuminate\\Database\\Query\\Builder.php(2259): Illuminate\\Database\\Query\\Builder->onceWithColumns(Array, Object(Closure))
#6 C:\\xampp\\htdocs\\grupocorein\\core\\vendor\\laravel\\framework\\src\\Illuminate\\Database\\Concerns\\BuildsQueries.php(143): Illuminate\\Database\\Query\\Builder->get(Array)
#7 C:\\xampp\\htdocs\\grupocorein\\core\\vendor\\laravel\\framework\\src\\Illuminate\\Database\\Query\\Builder.php(2233): Illuminate\\Database\\Query\\Builder->first(Array)
#8 C:\\xampp\\htdocs\\grupocorein\\core\\app\\Providers\\AppServiceProvider.php(17): Illuminate\\Database\\Query\\Builder->find(1)
#9 C:\\xampp\\htdocs\\grupocorein\\core\\vendor\\laravel\\framework\\src\\Illuminate\\View\\Concerns\\ManagesEvents.php(162): App\\Providers\\AppServiceProvider->App\\Providers\\{closure}(Object(Illuminate\\View\\View))
#10 C:\\xampp\\htdocs\\grupocorein\\core\\vendor\\laravel\\framework\\src\\Illuminate\\Events\\Dispatcher.php(378): Illuminate\\View\\Factory->Illuminate\\View\\Concerns\\{closure}('composing: erro...', Array)
#11 C:\\xampp\\htdocs\\grupocorein\\core\\vendor\\laravel\\framework\\src\\Illuminate\\Events\\Dispatcher.php(226): Illuminate\\Events\\Dispatcher->Illuminate\\Events\\{closure}('composing: erro...', Array)
#12 C:\\xampp\\htdocs\\grupocorein\\core\\vendor\\laravel\\framework\\src\\Illuminate\\View\\Concerns\\ManagesEvents.php(177): Illuminate\\Events\\Dispatcher->dispatch('composing: erro...', Array)
#13 C:\\xampp\\htdocs\\grupocorein\\core\\vendor\\laravel\\framework\\src\\Illuminate\\View\\View.php(120): Illuminate\\View\\Factory->callComposer(Object(Illuminate\\View\\View))
#14 C:\\xampp\\htdocs\\grupocorein\\core\\vendor\\laravel\\framework\\src\\Illuminate\\View\\View.php(91): Illuminate\\View\\View->renderContents()
#15 C:\\xampp\\htdocs\\grupocorein\\core\\vendor\\laravel\\framework\\src\\Illuminate\\Http\\Response.php(62): Illuminate\\View\\View->render()
#16 C:\\xampp\\htdocs\\grupocorein\\core\\vendor\\laravel\\framework\\src\\Illuminate\\Http\\Response.php(34): Illuminate\\Http\\Response->setContent(Object(Illuminate\\View\\View))
#17 C:\\xampp\\htdocs\\grupocorein\\core\\vendor\\laravel\\framework\\src\\Illuminate\\Routing\\ResponseFactory.php(55): Illuminate\\Http\\Response->__construct(Object(Illuminate\\View\\View), 404, Array)
#18 C:\\xampp\\htdocs\\grupocorein\\core\\vendor\\laravel\\framework\\src\\Illuminate\\Routing\\ResponseFactory.php(85): Illuminate\\Routing\\ResponseFactory->make(Object(Illuminate\\View\\View), 404, Array)
#19 C:\\xampp\\htdocs\\grupocorein\\core\\vendor\\laravel\\framework\\src\\Illuminate\\Foundation\\Exceptions\\Handler.php(409): Illuminate\\Routing\\ResponseFactory->view('errors::404', Array, 404, Array)
#20 C:\\xampp\\htdocs\\grupocorein\\core\\vendor\\laravel\\framework\\src\\Illuminate\\Foundation\\Exceptions\\Handler.php(314): Illuminate\\Foundation\\Exceptions\\Handler->renderHttpException(Object(Symfony\\Component\\HttpKernel\\Exception\\NotFoundHttpException))
#21 C:\\xampp\\htdocs\\grupocorein\\core\\vendor\\laravel\\framework\\src\\Illuminate\\Foundation\\Exceptions\\Handler.php(211): Illuminate\\Foundation\\Exceptions\\Handler->prepareResponse(Object(Illuminate\\Http\\Request), Object(Symfony\\Component\\HttpKernel\\Exception\\NotFoundHttpException))
#22 C:\\xampp\\htdocs\\grupocorein\\core\\app\\Exceptions\\Handler.php(58): Illuminate\\Foundation\\Exceptions\\Handler->render(Object(Illuminate\\Http\\Request), Object(Symfony\\Component\\HttpKernel\\Exception\\NotFoundHttpException))
#23 C:\\xampp\\htdocs\\grupocorein\\core\\vendor\\laravel\\framework\\src\\Illuminate\\Routing\\Pipeline.php(51): App\\Exceptions\\Handler->render(Object(Illuminate\\Http\\Request), Object(Symfony\\Component\\HttpKernel\\Exception\\NotFoundHttpException))
#24 C:\\xampp\\htdocs\\grupocorein\\core\\vendor\\laravel\\framework\\src\\Illuminate\\Pipeline\\Pipeline.php(130): Illuminate\\Routing\\Pipeline->handleException(Object(Illuminate\\Http\\Request), Object(Symfony\\Component\\HttpKernel\\Exception\\NotFoundHttpException))
#25 C:\\xampp\\htdocs\\grupocorein\\core\\vendor\\barryvdh\\laravel-debugbar\\src\\Middleware\\InjectDebugbar.php(66): Illuminate\\Pipeline\\Pipeline->Illuminate\\Pipeline\\{closure}(Object(Illuminate\\Http\\Request))
#26 C:\\xampp\\htdocs\\grupocorein\\core\\vendor\\laravel\\framework\\src\\Illuminate\\Pipeline\\Pipeline.php(167): Barryvdh\\Debugbar\\Middleware\\InjectDebugbar->handle(Object(Illuminate\\Http\\Request), Object(Closure))
#27 C:\\xampp\\htdocs\\grupocorein\\core\\vendor\\fideloper\\proxy\\src\\TrustProxies.php(57): Illuminate\\Pipeline\\Pipeline->Illuminate\\Pipeline\\{closure}(Object(Illuminate\\Http\\Request))
#28 C:\\xampp\\htdocs\\grupocorein\\core\\vendor\\laravel\\framework\\src\\Illuminate\\Pipeline\\Pipeline.php(167): Fideloper\\Proxy\\TrustProxies->handle(Object(Illuminate\\Http\\Request), Object(Closure))
#29 C:\\xampp\\htdocs\\grupocorein\\core\\vendor\\laravel\\framework\\src\\Illuminate\\Foundation\\Http\\Middleware\\TransformsRequest.php(21): Illuminate\\Pipeline\\Pipeline->Illuminate\\Pipeline\\{closure}(Object(Illuminate\\Http\\Request))
#30 C:\\xampp\\htdocs\\grupocorein\\core\\vendor\\laravel\\framework\\src\\Illuminate\\Pipeline\\Pipeline.php(167): Illuminate\\Foundation\\Http\\Middleware\\TransformsRequest->handle(Object(Illuminate\\Http\\Request), Object(Closure))
#31 C:\\xampp\\htdocs\\grupocorein\\core\\vendor\\laravel\\framework\\src\\Illuminate\\Foundation\\Http\\Middleware\\TransformsRequest.php(21): Illuminate\\Pipeline\\Pipeline->Illuminate\\Pipeline\\{closure}(Object(Illuminate\\Http\\Request))
#32 C:\\xampp\\htdocs\\grupocorein\\core\\vendor\\laravel\\framework\\src\\Illuminate\\Pipeline\\Pipeline.php(167): Illuminate\\Foundation\\Http\\Middleware\\TransformsRequest->handle(Object(Illuminate\\Http\\Request), Object(Closure))
#33 C:\\xampp\\htdocs\\grupocorein\\core\\vendor\\laravel\\framework\\src\\Illuminate\\Foundation\\Http\\Middleware\\ValidatePostSize.php(27): Illuminate\\Pipeline\\Pipeline->Illuminate\\Pipeline\\{closure}(Object(Illuminate\\Http\\Request))
#34 C:\\xampp\\htdocs\\grupocorein\\core\\vendor\\laravel\\framework\\src\\Illuminate\\Pipeline\\Pipeline.php(167): Illuminate\\Foundation\\Http\\Middleware\\ValidatePostSize->handle(Object(Illuminate\\Http\\Request), Object(Closure))
#35 C:\\xampp\\htdocs\\grupocorein\\core\\vendor\\laravel\\framework\\src\\Illuminate\\Foundation\\Http\\Middleware\\CheckForMaintenanceMode.php(63): Illuminate\\Pipeline\\Pipeline->Illuminate\\Pipeline\\{closure}(Object(Illuminate\\Http\\Request))
#36 C:\\xampp\\htdocs\\grupocorein\\core\\vendor\\laravel\\framework\\src\\Illuminate\\Pipeline\\Pipeline.php(167): Illuminate\\Foundation\\Http\\Middleware\\CheckForMaintenanceMode->handle(Object(Illuminate\\Http\\Request), Object(Closure))
#37 C:\\xampp\\htdocs\\grupocorein\\core\\vendor\\laravel\\framework\\src\\Illuminate\\Pipeline\\Pipeline.php(103): Illuminate\\Pipeline\\Pipeline->Illuminate\\Pipeline\\{closure}(Object(Illuminate\\Http\\Request))
#38 C:\\xampp\\htdocs\\grupocorein\\core\\vendor\\laravel\\framework\\src\\Illuminate\\Foundation\\Http\\Kernel.php(140): Illuminate\\Pipeline\\Pipeline->then(Object(Closure))
#39 C:\\xampp\\htdocs\\grupocorein\\core\\vendor\\laravel\\framework\\src\\Illuminate\\Foundation\\Http\\Kernel.php(109): Illuminate\\Foundation\\Http\\Kernel->sendRequestThroughRouter(Object(Illuminate\\Http\\Request))
#40 C:\\xampp\\htdocs\\grupocorein\\index.php(55): Illuminate\\Foundation\\Http\\Kernel->handle(Object(Illuminate\\Http\\Request))
#41 {main}

[previous exception] [object] (Doctrine\\DBAL\\Driver\\PDO\\Exception(code: 2002): SQLSTATE[HY000] [2002] No se puede establecer una conexión ya que el equipo de destino denegó expresamente dicha conexión.

 at C:\\xampp\\htdocs\\grupocorein\\core\\vendor\\doctrine\\dbal\\lib\\Doctrine\\DBAL\\Driver\\PDO\\Exception.php:18)
[stacktrace]
#0 C:\\xampp\\htdocs\\grupocorein\\core\\vendor\\doctrine\\dbal\\lib\\Doctrine\\DBAL\\Driver\\PDOConnection.php(44): Doctrine\\DBAL\\Driver\\PDO\\Exception::new(Object(PDOException))
#1 C:\\xampp\\htdocs\\grupocorein\\core\\vendor\\laravel\\framework\\src\\Illuminate\\Database\\Connectors\\Connector.php(67): Doctrine\\DBAL\\Driver\\PDOConnection->__construct('mysql:host=127....', 'forge', '', Array)
#2 C:\\xampp\\htdocs\\grupocorein\\core\\vendor\\laravel\\framework\\src\\Illuminate\\Database\\Connectors\\Connector.php(46): Illuminate\\Database\\Connectors\\Connector->createPdoConnection('mysql:host=127....', 'forge', '', Array)
#3 C:\\xampp\\htdocs\\grupocorein\\core\\vendor\\laravel\\framework\\src\\Illuminate\\Database\\Connectors\\MySqlConnector.php(24): Illuminate\\Database\\Connectors\\Connector->createConnection('mysql:host=127....', Array, Array)
#4 C:\\xampp\\htdocs\\grupocorein\\core\\vendor\\laravel\\framework\\src\\Illuminate\\Database\\Connectors\\ConnectionFactory.php(184): Illuminate\\Database\\Connectors\\MySqlConnector->connect(Array)
#5 [internal function]: Illuminate\\Database\\Connectors\\ConnectionFactory->Illuminate\\Database\\Connectors\\{closure}()
#6 C:\\xampp\\htdocs\\grupocorein\\core\\vendor\\laravel\\framework\\src\\Illuminate\\Database\\Connection.php(926): call_user_func(Object(Closure))
#7 C:\\xampp\\htdocs\\grupocorein\\core\\vendor\\laravel\\framework\\src\\Illuminate\\Database\\Connection.php(961): Illuminate\\Database\\Connection->getPdo()
#8 C:\\xampp\\htdocs\\grupocorein\\core\\vendor\\laravel\\framework\\src\\Illuminate\\Database\\Connection.php(405): Illuminate\\Database\\Connection->getReadPdo()
#9 C:\\xampp\\htdocs\\grupocorein\\core\\vendor\\laravel\\framework\\src\\Illuminate\\Database\\Connection.php(331): Illuminate\\Database\\Connection->getPdoForSelect(true)
#10 C:\\xampp\\htdocs\\grupocorein\\core\\vendor\\laravel\\framework\\src\\Illuminate\\Database\\Connection.php(664): Illuminate\\Database\\Connection->Illuminate\\Database\\{closure}('select * from `...', Array)
#11 C:\\xampp\\htdocs\\grupocorein\\core\\vendor\\laravel\\framework\\src\\Illuminate\\Database\\Connection.php(631): Illuminate\\Database\\Connection->runQueryCallback('select * from `...', Array, Object(Closure))
#12 C:\\xampp\\htdocs\\grupocorein\\core\\vendor\\laravel\\framework\\src\\Illuminate\\Database\\Connection.php(339): Illuminate\\Database\\Connection->run('select * from `...', Array, Object(Closure))
#13 C:\\xampp\\htdocs\\grupocorein\\core\\vendor\\laravel\\framework\\src\\Illuminate\\Database\\Query\\Builder.php(2270): Illuminate\\Database\\Connection->select('select * from `...', Array, true)
#14 C:\\xampp\\htdocs\\grupocorein\\core\\vendor\\laravel\\framework\\src\\Illuminate\\Database\\Query\\Builder.php(2258): Illuminate\\Database\\Query\\Builder->runSelect()
#15 C:\\xampp\\htdocs\\grupocorein\\core\\vendor\\laravel\\framework\\src\\Illuminate\\Database\\Query\\Builder.php(2753): Illuminate\\Database\\Query\\Builder->Illuminate\\Database\\Query\\{closure}()
#16 C:\\xampp\\htdocs\\grupocorein\\core\\vendor\\laravel\\framework\\src\\Illuminate\\Database\\Query\\Builder.php(2259): Illuminate\\Database\\Query\\Builder->onceWithColumns(Array, Object(Closure))
#17 C:\\xampp\\htdocs\\grupocorein\\core\\vendor\\laravel\\framework\\src\\Illuminate\\Database\\Concerns\\BuildsQueries.php(143): Illuminate\\Database\\Query\\Builder->get(Array)
#18 C:\\xampp\\htdocs\\grupocorein\\core\\vendor\\laravel\\framework\\src\\Illuminate\\Database\\Query\\Builder.php(2233): Illuminate\\Database\\Query\\Builder->first(Array)
#19 C:\\xampp\\htdocs\\grupocorein\\core\\app\\Providers\\AppServiceProvider.php(17): Illuminate\\Database\\Query\\Builder->find(1)
#20 C:\\xampp\\htdocs\\grupocorein\\core\\vendor\\laravel\\framework\\src\\Illuminate\\View\\Concerns\\ManagesEvents.php(162): App\\Providers\\AppServiceProvider->App\\Providers\\{closure}(Object(Illuminate\\View\\View))
#21 C:\\xampp\\htdocs\\grupocorein\\core\\vendor\\laravel\\framework\\src\\Illuminate\\Events\\Dispatcher.php(378): Illuminate\\View\\Factory->Illuminate\\View\\Concerns\\{closure}('composing: erro...', Array)
#22 C:\\xampp\\htdocs\\grupocorein\\core\\vendor\\laravel\\framework\\src\\Illuminate\\Events\\Dispatcher.php(226): Illuminate\\Events\\Dispatcher->Illuminate\\Events\\{closure}('composing: erro...', Array)
#23 C:\\xampp\\htdocs\\grupocorein\\core\\vendor\\laravel\\framework\\src\\Illuminate\\View\\Concerns\\ManagesEvents.php(177): Illuminate\\Events\\Dispatcher->dispatch('composing: erro...', Array)
#24 C:\\xampp\\htdocs\\grupocorein\\core\\vendor\\laravel\\framework\\src\\Illuminate\\View\\View.php(120): Illuminate\\View\\Factory->callComposer(Object(Illuminate\\View\\View))
#25 C:\\xampp\\htdocs\\grupocorein\\core\\vendor\\laravel\\framework\\src\\Illuminate\\View\\View.php(91): Illuminate\\View\\View->renderContents()
#26 C:\\xampp\\htdocs\\grupocorein\\core\\vendor\\laravel\\framework\\src\\Illuminate\\Http\\Response.php(62): Illuminate\\View\\View->render()
#27 C:\\xampp\\htdocs\\grupocorein\\core\\vendor\\laravel\\framework\\src\\Illuminate\\Http\\Response.php(34): Illuminate\\Http\\Response->setContent(Object(Illuminate\\View\\View))
#28 C:\\xampp\\htdocs\\grupocorein\\core\\vendor\\laravel\\framework\\src\\Illuminate\\Routing\\ResponseFactory.php(55): Illuminate\\Http\\Response->__construct(Object(Illuminate\\View\\View), 404, Array)
#29 C:\\xampp\\htdocs\\grupocorein\\core\\vendor\\laravel\\framework\\src\\Illuminate\\Routing\\ResponseFactory.php(85): Illuminate\\Routing\\ResponseFactory->make(Object(Illuminate\\View\\View), 404, Array)
#30 C:\\xampp\\htdocs\\grupocorein\\core\\vendor\\laravel\\framework\\src\\Illuminate\\Foundation\\Exceptions\\Handler.php(409): Illuminate\\Routing\\ResponseFactory->view('errors::404', Array, 404, Array)
#31 C:\\xampp\\htdocs\\grupocorein\\core\\vendor\\laravel\\framework\\src\\Illuminate\\Foundation\\Exceptions\\Handler.php(314): Illuminate\\Foundation\\Exceptions\\Handler->renderHttpException(Object(Symfony\\Component\\HttpKernel\\Exception\\NotFoundHttpException))
#32 C:\\xampp\\htdocs\\grupocorein\\core\\vendor\\laravel\\framework\\src\\Illuminate\\Foundation\\Exceptions\\Handler.php(211): Illuminate\\Foundation\\Exceptions\\Handler->prepareResponse(Object(Illuminate\\Http\\Request), Object(Symfony\\Component\\HttpKernel\\Exception\\NotFoundHttpException))
#33 C:\\xampp\\htdocs\\grupocorein\\core\\app\\Exceptions\\Handler.php(58): Illuminate\\Foundation\\Exceptions\\Handler->render(Object(Illuminate\\Http\\Request), Object(Symfony\\Component\\HttpKernel\\Exception\\NotFoundHttpException))
#34 C:\\xampp\\htdocs\\grupocorein\\core\\vendor\\laravel\\framework\\src\\Illuminate\\Routing\\Pipeline.php(51): App\\Exceptions\\Handler->render(Object(Illuminate\\Http\\Request), Object(Symfony\\Component\\HttpKernel\\Exception\\NotFoundHttpException))
#35 C:\\xampp\\htdocs\\grupocorein\\core\\vendor\\laravel\\framework\\src\\Illuminate\\Pipeline\\Pipeline.php(130): Illuminate\\Routing\\Pipeline->handleException(Object(Illuminate\\Http\\Request), Object(Symfony\\Component\\HttpKernel\\Exception\\NotFoundHttpException))
#36 C:\\xampp\\htdocs\\grupocorein\\core\\vendor\\barryvdh\\laravel-debugbar\\src\\Middleware\\InjectDebugbar.php(66): Illuminate\\Pipeline\\Pipeline->Illuminate\\Pipeline\\{closure}(Object(Illuminate\\Http\\Request))
#37 C:\\xampp\\htdocs\\grupocorein\\core\\vendor\\laravel\\framework\\src\\Illuminate\\Pipeline\\Pipeline.php(167): Barryvdh\\Debugbar\\Middleware\\InjectDebugbar->handle(Object(Illuminate\\Http\\Request), Object(Closure))
#38 C:\\xampp\\htdocs\\grupocorein\\core\\vendor\\fideloper\\proxy\\src\\TrustProxies.php(57): Illuminate\\Pipeline\\Pipeline->Illuminate\\Pipeline\\{closure}(Object(Illuminate\\Http\\Request))
#39 C:\\xampp\\htdocs\\grupocorein\\core\\vendor\\laravel\\framework\\src\\Illuminate\\Pipeline\\Pipeline.php(167): Fideloper\\Proxy\\TrustProxies->handle(Object(Illuminate\\Http\\Request), Object(Closure))
#40 C:\\xampp\\htdocs\\grupocorein\\core\\vendor\\laravel\\framework\\src\\Illuminate\\Foundation\\Http\\Middleware\\TransformsRequest.php(21): Illuminate\\Pipeline\\Pipeline->Illuminate\\Pipeline\\{closure}(Object(Illuminate\\Http\\Request))
#41 C:\\xampp\\htdocs\\grupocorein\\core\\vendor\\laravel\\framework\\src\\Illuminate\\Pipeline\\Pipeline.php(167): Illuminate\\Foundation\\Http\\Middleware\\TransformsRequest->handle(Object(Illuminate\\Http\\Request), Object(Closure))
#42 C:\\xampp\\htdocs\\grupocorein\\core\\vendor\\laravel\\framework\\src\\Illuminate\\Foundation\\Http\\Middleware\\TransformsRequest.php(21): Illuminate\\Pipeline\\Pipeline->Illuminate\\Pipeline\\{closure}(Object(Illuminate\\Http\\Request))
#43 C:\\xampp\\htdocs\\grupocorein\\core\\vendor\\laravel\\framework\\src\\Illuminate\\Pipeline\\Pipeline.php(167): Illuminate\\Foundation\\Http\\Middleware\\TransformsRequest->handle(Object(Illuminate\\Http\\Request), Object(Closure))
#44 C:\\xampp\\htdocs\\grupocorein\\core\\vendor\\laravel\\framework\\src\\Illuminate\\Foundation\\Http\\Middleware\\ValidatePostSize.php(27): Illuminate\\Pipeline\\Pipeline->Illuminate\\Pipeline\\{closure}(Object(Illuminate\\Http\\Request))
#45 C:\\xampp\\htdocs\\grupocorein\\core\\vendor\\laravel\\framework\\src\\Illuminate\\Pipeline\\Pipeline.php(167): Illuminate\\Foundation\\Http\\Middleware\\ValidatePostSize->handle(Object(Illuminate\\Http\\Request), Object(Closure))
#46 C:\\xampp\\htdocs\\grupocorein\\core\\vendor\\laravel\\framework\\src\\Illuminate\\Foundation\\Http\\Middleware\\CheckForMaintenanceMode.php(63): Illuminate\\Pipeline\\Pipeline->Illuminate\\Pipeline\\{closure}(Object(Illuminate\\Http\\Request))
#47 C:\\xampp\\htdocs\\grupocorein\\core\\vendor\\laravel\\framework\\src\\Illuminate\\Pipeline\\Pipeline.php(167): Illuminate\\Foundation\\Http\\Middleware\\CheckForMaintenanceMode->handle(Object(Illuminate\\Http\\Request), Object(Closure))
#48 C:\\xampp\\htdocs\\grupocorein\\core\\vendor\\laravel\\framework\\src\\Illuminate\\Pipeline\\Pipeline.php(103): Illuminate\\Pipeline\\Pipeline->Illuminate\\Pipeline\\{closure}(Object(Illuminate\\Http\\Request))
#49 C:\\xampp\\htdocs\\grupocorein\\core\\vendor\\laravel\\framework\\src\\Illuminate\\Foundation\\Http\\Kernel.php(140): Illuminate\\Pipeline\\Pipeline->then(Object(Closure))
#50 C:\\xampp\\htdocs\\grupocorein\\core\\vendor\\laravel\\framework\\src\\Illuminate\\Foundation\\Http\\Kernel.php(109): Illuminate\\Foundation\\Http\\Kernel->sendRequestThroughRouter(Object(Illuminate\\Http\\Request))
#51 C:\\xampp\\htdocs\\grupocorein\\index.php(55): Illuminate\\Foundation\\Http\\Kernel->handle(Object(Illuminate\\Http\\Request))
#52 {main}

[previous exception] [object] (PDOException(code: 2002): SQLSTATE[HY000] [2002] No se puede establecer una conexión ya que el equipo de destino denegó expresamente dicha conexión.

 at C:\\xampp\\htdocs\\grupocorein\\core\\vendor\\doctrine\\dbal\\lib\\Doctrine\\DBAL\\Driver\\PDOConnection.php:40)
[stacktrace]
#0 C:\\xampp\\htdocs\\grupocorein\\core\\vendor\\doctrine\\dbal\\lib\\Doctrine\\DBAL\\Driver\\PDOConnection.php(40): PDO->__construct('mysql:host=127....', 'forge', '', Array)
#1 C:\\xampp\\htdocs\\grupocorein\\core\\vendor\\laravel\\framework\\src\\Illuminate\\Database\\Connectors\\Connector.php(67): Doctrine\\DBAL\\Driver\\PDOConnection->__construct('mysql:host=127....', 'forge', '', Array)
#2 C:\\xampp\\htdocs\\grupocorein\\core\\vendor\\laravel\\framework\\src\\Illuminate\\Database\\Connectors\\Connector.php(46): Illuminate\\Database\\Connectors\\Connector->createPdoConnection('mysql:host=127....', 'forge', '', Array)
#3 C:\\xampp\\htdocs\\grupocorein\\core\\vendor\\laravel\\framework\\src\\Illuminate\\Database\\Connectors\\MySqlConnector.php(24): Illuminate\\Database\\Connectors\\Connector->createConnection('mysql:host=127....', Array, Array)
#4 C:\\xampp\\htdocs\\grupocorein\\core\\vendor\\laravel\\framework\\src\\Illuminate\\Database\\Connectors\\ConnectionFactory.php(184): Illuminate\\Database\\Connectors\\MySqlConnector->connect(Array)
#5 [internal function]: Illuminate\\Database\\Connectors\\ConnectionFactory->Illuminate\\Database\\Connectors\\{closure}()
#6 C:\\xampp\\htdocs\\grupocorein\\core\\vendor\\laravel\\framework\\src\\Illuminate\\Database\\Connection.php(926): call_user_func(Object(Closure))
#7 C:\\xampp\\htdocs\\grupocorein\\core\\vendor\\laravel\\framework\\src\\Illuminate\\Database\\Connection.php(961): Illuminate\\Database\\Connection->getPdo()
#8 C:\\xampp\\htdocs\\grupocorein\\core\\vendor\\laravel\\framework\\src\\Illuminate\\Database\\Connection.php(405): Illuminate\\Database\\Connection->getReadPdo()
#9 C:\\xampp\\htdocs\\grupocorein\\core\\vendor\\laravel\\framework\\src\\Illuminate\\Database\\Connection.php(331): Illuminate\\Database\\Connection->getPdoForSelect(true)
#10 C:\\xampp\\htdocs\\grupocorein\\core\\vendor\\laravel\\framework\\src\\Illuminate\\Database\\Connection.php(664): Illuminate\\Database\\Connection->Illuminate\\Database\\{closure}('select * from `...', Array)
#11 C:\\xampp\\htdocs\\grupocorein\\core\\vendor\\laravel\\framework\\src\\Illuminate\\Database\\Connection.php(631): Illuminate\\Database\\Connection->runQueryCallback('select * from `...', Array, Object(Closure))
#12 C:\\xampp\\htdocs\\grupocorein\\core\\vendor\\laravel\\framework\\src\\Illuminate\\Database\\Connection.php(339): Illuminate\\Database\\Connection->run('select * from `...', Array, Object(Closure))
#13 C:\\xampp\\htdocs\\grupocorein\\core\\vendor\\laravel\\framework\\src\\Illuminate\\Database\\Query\\Builder.php(2270): Illuminate\\Database\\Connection->select('select * from `...', Array, true)
#14 C:\\xampp\\htdocs\\grupocorein\\core\\vendor\\laravel\\framework\\src\\Illuminate\\Database\\Query\\Builder.php(2258): Illuminate\\Database\\Query\\Builder->runSelect()
#15 C:\\xampp\\htdocs\\grupocorein\\core\\vendor\\laravel\\framework\\src\\Illuminate\\Database\\Query\\Builder.php(2753): Illuminate\\Database\\Query\\Builder->Illuminate\\Database\\Query\\{closure}()
#16 C:\\xampp\\htdocs\\grupocorein\\core\\vendor\\laravel\\framework\\src\\Illuminate\\Database\\Query\\Builder.php(2259): Illuminate\\Database\\Query\\Builder->onceWithColumns(Array, Object(Closure))
#17 C:\\xampp\\htdocs\\grupocorein\\core\\vendor\\laravel\\framework\\src\\Illuminate\\Database\\Concerns\\BuildsQueries.php(143): Illuminate\\Database\\Query\\Builder->get(Array)
#18 C:\\xampp\\htdocs\\grupocorein\\core\\vendor\\laravel\\framework\\src\\Illuminate\\Database\\Query\\Builder.php(2233): Illuminate\\Database\\Query\\Builder->first(Array)
#19 C:\\xampp\\htdocs\\grupocorein\\core\\app\\Providers\\AppServiceProvider.php(17): Illuminate\\Database\\Query\\Builder->find(1)
#20 C:\\xampp\\htdocs\\grupocorein\\core\\vendor\\laravel\\framework\\src\\Illuminate\\View\\Concerns\\ManagesEvents.php(162): App\\Providers\\AppServiceProvider->App\\Providers\\{closure}(Object(Illuminate\\View\\View))
#21 C:\\xampp\\htdocs\\grupocorein\\core\\vendor\\laravel\\framework\\src\\Illuminate\\Events\\Dispatcher.php(378): Illuminate\\View\\Factory->Illuminate\\View\\Concerns\\{closure}('composing: erro...', Array)
#22 C:\\xampp\\htdocs\\grupocorein\\core\\vendor\\laravel\\framework\\src\\Illuminate\\Events\\Dispatcher.php(226): Illuminate\\Events\\Dispatcher->Illuminate\\Events\\{closure}('composing: erro...', Array)
#23 C:\\xampp\\htdocs\\grupocorein\\core\\vendor\\laravel\\framework\\src\\Illuminate\\View\\Concerns\\ManagesEvents.php(177): Illuminate\\Events\\Dispatcher->dispatch('composing: erro...', Array)
#24 C:\\xampp\\htdocs\\grupocorein\\core\\vendor\\laravel\\framework\\src\\Illuminate\\View\\View.php(120): Illuminate\\View\\Factory->callComposer(Object(Illuminate\\View\\View))
#25 C:\\xampp\\htdocs\\grupocorein\\core\\vendor\\laravel\\framework\\src\\Illuminate\\View\\View.php(91): Illuminate\\View\\View->renderContents()
#26 C:\\xampp\\htdocs\\grupocorein\\core\\vendor\\laravel\\framework\\src\\Illuminate\\Http\\Response.php(62): Illuminate\\View\\View->render()
#27 C:\\xampp\\htdocs\\grupocorein\\core\\vendor\\laravel\\framework\\src\\Illuminate\\Http\\Response.php(34): Illuminate\\Http\\Response->setContent(Object(Illuminate\\View\\View))
#28 C:\\xampp\\htdocs\\grupocorein\\core\\vendor\\laravel\\framework\\src\\Illuminate\\Routing\\ResponseFactory.php(55): Illuminate\\Http\\Response->__construct(Object(Illuminate\\View\\View), 404, Array)
#29 C:\\xampp\\htdocs\\grupocorein\\core\\vendor\\laravel\\framework\\src\\Illuminate\\Routing\\ResponseFactory.php(85): Illuminate\\Routing\\ResponseFactory->make(Object(Illuminate\\View\\View), 404, Array)
#30 C:\\xampp\\htdocs\\grupocorein\\core\\vendor\\laravel\\framework\\src\\Illuminate\\Foundation\\Exceptions\\Handler.php(409): Illuminate\\Routing\\ResponseFactory->view('errors::404', Array, 404, Array)
#31 C:\\xampp\\htdocs\\grupocorein\\core\\vendor\\laravel\\framework\\src\\Illuminate\\Foundation\\Exceptions\\Handler.php(314): Illuminate\\Foundation\\Exceptions\\Handler->renderHttpException(Object(Symfony\\Component\\HttpKernel\\Exception\\NotFoundHttpException))
#32 C:\\xampp\\htdocs\\grupocorein\\core\\vendor\\laravel\\framework\\src\\Illuminate\\Foundation\\Exceptions\\Handler.php(211): Illuminate\\Foundation\\Exceptions\\Handler->prepareResponse(Object(Illuminate\\Http\\Request), Object(Symfony\\Component\\HttpKernel\\Exception\\NotFoundHttpException))
#33 C:\\xampp\\htdocs\\grupocorein\\core\\app\\Exceptions\\Handler.php(58): Illuminate\\Foundation\\Exceptions\\Handler->render(Object(Illuminate\\Http\\Request), Object(Symfony\\Component\\HttpKernel\\Exception\\NotFoundHttpException))
#34 C:\\xampp\\htdocs\\grupocorein\\core\\vendor\\laravel\\framework\\src\\Illuminate\\Routing\\Pipeline.php(51): App\\Exceptions\\Handler->render(Object(Illuminate\\Http\\Request), Object(Symfony\\Component\\HttpKernel\\Exception\\NotFoundHttpException))
#35 C:\\xampp\\htdocs\\grupocorein\\core\\vendor\\laravel\\framework\\src\\Illuminate\\Pipeline\\Pipeline.php(130): Illuminate\\Routing\\Pipeline->handleException(Object(Illuminate\\Http\\Request), Object(Symfony\\Component\\HttpKernel\\Exception\\NotFoundHttpException))
#36 C:\\xampp\\htdocs\\grupocorein\\core\\vendor\\barryvdh\\laravel-debugbar\\src\\Middleware\\InjectDebugbar.php(66): Illuminate\\Pipeline\\Pipeline->Illuminate\\Pipeline\\{closure}(Object(Illuminate\\Http\\Request))
#37 C:\\xampp\\htdocs\\grupocorein\\core\\vendor\\laravel\\framework\\src\\Illuminate\\Pipeline\\Pipeline.php(167): Barryvdh\\Debugbar\\Middleware\\InjectDebugbar->handle(Object(Illuminate\\Http\\Request), Object(Closure))
#38 C:\\xampp\\htdocs\\grupocorein\\core\\vendor\\fideloper\\proxy\\src\\TrustProxies.php(57): Illuminate\\Pipeline\\Pipeline->Illuminate\\Pipeline\\{closure}(Object(Illuminate\\Http\\Request))
#39 C:\\xampp\\htdocs\\grupocorein\\core\\vendor\\laravel\\framework\\src\\Illuminate\\Pipeline\\Pipeline.php(167): Fideloper\\Proxy\\TrustProxies->handle(Object(Illuminate\\Http\\Request), Object(Closure))
#40 C:\\xampp\\htdocs\\grupocorein\\core\\vendor\\laravel\\framework\\src\\Illuminate\\Foundation\\Http\\Middleware\\TransformsRequest.php(21): Illuminate\\Pipeline\\Pipeline->Illuminate\\Pipeline\\{closure}(Object(Illuminate\\Http\\Request))
#41 C:\\xampp\\htdocs\\grupocorein\\core\\vendor\\laravel\\framework\\src\\Illuminate\\Pipeline\\Pipeline.php(167): Illuminate\\Foundation\\Http\\Middleware\\TransformsRequest->handle(Object(Illuminate\\Http\\Request), Object(Closure))
#42 C:\\xampp\\htdocs\\grupocorein\\core\\vendor\\laravel\\framework\\src\\Illuminate\\Foundation\\Http\\Middleware\\TransformsRequest.php(21): Illuminate\\Pipeline\\Pipeline->Illuminate\\Pipeline\\{closure}(Object(Illuminate\\Http\\Request))
#43 C:\\xampp\\htdocs\\grupocorein\\core\\vendor\\laravel\\framework\\src\\Illuminate\\Pipeline\\Pipeline.php(167): Illuminate\\Foundation\\Http\\Middleware\\TransformsRequest->handle(Object(Illuminate\\Http\\Request), Object(Closure))
#44 C:\\xampp\\htdocs\\grupocorein\\core\\vendor\\laravel\\framework\\src\\Illuminate\\Foundation\\Http\\Middleware\\ValidatePostSize.php(27): Illuminate\\Pipeline\\Pipeline->Illuminate\\Pipeline\\{closure}(Object(Illuminate\\Http\\Request))
#45 C:\\xampp\\htdocs\\grupocorein\\core\\vendor\\laravel\\framework\\src\\Illuminate\\Pipeline\\Pipeline.php(167): Illuminate\\Foundation\\Http\\Middleware\\ValidatePostSize->handle(Object(Illuminate\\Http\\Request), Object(Closure))
#46 C:\\xampp\\htdocs\\grupocorein\\core\\vendor\\laravel\\framework\\src\\Illuminate\\Foundation\\Http\\Middleware\\CheckForMaintenanceMode.php(63): Illuminate\\Pipeline\\Pipeline->Illuminate\\Pipeline\\{closure}(Object(Illuminate\\Http\\Request))
#47 C:\\xampp\\htdocs\\grupocorein\\core\\vendor\\laravel\\framework\\src\\Illuminate\\Pipeline\\Pipeline.php(167): Illuminate\\Foundation\\Http\\Middleware\\CheckForMaintenanceMode->handle(Object(Illuminate\\Http\\Request), Object(Closure))
#48 C:\\xampp\\htdocs\\grupocorein\\core\\vendor\\laravel\\framework\\src\\Illuminate\\Pipeline\\Pipeline.php(103): Illuminate\\Pipeline\\Pipeline->Illuminate\\Pipeline\\{closure}(Object(Illuminate\\Http\\Request))
#49 C:\\xampp\\htdocs\\grupocorein\\core\\vendor\\laravel\\framework\\src\\Illuminate\\Foundation\\Http\\Kernel.php(140): Illuminate\\Pipeline\\Pipeline->then(Object(Closure))
#50 C:\\xampp\\htdocs\\grupocorein\\core\\vendor\\laravel\\framework\\src\\Illuminate\\Foundation\\Http\\Kernel.php(109): Illuminate\\Foundation\\Http\\Kernel->sendRequestThroughRouter(Object(Illuminate\\Http\\Request))
#51 C:\\xampp\\htdocs\\grupocorein\\index.php(55): Illuminate\\Foundation\\Http\\Kernel->handle(Object(Illuminate\\Http\\Request))
#52 {main}
"} 
[2024-04-28 16:49:22] local.ERROR: Class 'TempCart' not found (View: C:\xampp\htdocs\grupocorein\core\resources\views\front\catalog\cart.blade.php) {"userId":1,"exception":"[object] (Facade\\Ignition\\Exceptions\\ViewException(code: 0): Class 'TempCart' not found (View: C:\\xampp\\htdocs\\grupocorein\\core\\resources\\views\\front\\catalog\\cart.blade.php) at C:\\xampp\\htdocs\\grupocorein\\core\\resources\\views/front/catalog/cart.blade.php:24)
[stacktrace]
#0 C:\\xampp\\htdocs\\grupocorein\\core\\vendor\\laravel\\framework\\src\\Illuminate\\View\\Engines\\PhpEngine.php(41): include()
#1 C:\\xampp\\htdocs\\grupocorein\\core\\vendor\\laravel\\framework\\src\\Illuminate\\View\\Engines\\CompilerEngine.php(57): Illuminate\\View\\Engines\\PhpEngine->evaluatePath('C:\\\\xampp\\\\htdocs...', Array)
#2 C:\\xampp\\htdocs\\grupocorein\\core\\vendor\\facade\\ignition\\src\\Views\\Engines\\CompilerEngine.php(37): Illuminate\\View\\Engines\\CompilerEngine->get('C:\\\\xampp\\\\htdocs...', Array)
#3 C:\\xampp\\htdocs\\grupocorein\\core\\vendor\\laravel\\framework\\src\\Illuminate\\View\\View.php(139): Facade\\Ignition\\Views\\Engines\\CompilerEngine->get('C:\\\\xampp\\\\htdocs...', Array)
#4 C:\\xampp\\htdocs\\grupocorein\\core\\vendor\\laravel\\framework\\src\\Illuminate\\View\\View.php(122): Illuminate\\View\\View->getContents()
#5 C:\\xampp\\htdocs\\grupocorein\\core\\vendor\\laravel\\framework\\src\\Illuminate\\View\\View.php(91): Illuminate\\View\\View->renderContents()
#6 C:\\xampp\\htdocs\\grupocorein\\core\\vendor\\laravel\\framework\\src\\Illuminate\\Http\\Response.php(62): Illuminate\\View\\View->render()
#7 C:\\xampp\\htdocs\\grupocorein\\core\\vendor\\laravel\\framework\\src\\Illuminate\\Http\\Response.php(34): Illuminate\\Http\\Response->setContent(Object(Illuminate\\View\\View))
#8 C:\\xampp\\htdocs\\grupocorein\\core\\vendor\\laravel\\framework\\src\\Illuminate\\Routing\\Router.php(759): Illuminate\\Http\\Response->__construct(Object(Illuminate\\View\\View), 200, Array)
#9 C:\\xampp\\htdocs\\grupocorein\\core\\vendor\\laravel\\framework\\src\\Illuminate\\Routing\\Router.php(731): Illuminate\\Routing\\Router::toResponse(Object(Illuminate\\Http\\Request), Object(Illuminate\\View\\View))
#10 C:\\xampp\\htdocs\\grupocorein\\core\\vendor\\laravel\\framework\\src\\Illuminate\\Routing\\Router.php(685): Illuminate\\Routing\\Router->prepareResponse(Object(Illuminate\\Http\\Request), Object(Illuminate\\View\\View))
#11 C:\\xampp\\htdocs\\grupocorein\\core\\vendor\\laravel\\framework\\src\\Illuminate\\Pipeline\\Pipeline.php(128): Illuminate\\Routing\\Router->Illuminate\\Routing\\{closure}(Object(Illuminate\\Http\\Request))
#12 C:\\xampp\\htdocs\\grupocorein\\core\\app\\Http\\Middleware\\Localization.php(30): Illuminate\\Pipeline\\Pipeline->Illuminate\\Pipeline\\{closure}(Object(Illuminate\\Http\\Request))
#13 C:\\xampp\\htdocs\\grupocorein\\core\\vendor\\laravel\\framework\\src\\Illuminate\\Pipeline\\Pipeline.php(167): App\\Http\\Middleware\\Localization->handle(Object(Illuminate\\Http\\Request), Object(Closure))
#14 C:\\xampp\\htdocs\\grupocorein\\core\\app\\Http\\Middleware\\Maintainance.php(13): Illuminate\\Pipeline\\Pipeline->Illuminate\\Pipeline\\{closure}(Object(Illuminate\\Http\\Request))
#15 C:\\xampp\\htdocs\\grupocorein\\core\\vendor\\laravel\\framework\\src\\Illuminate\\Pipeline\\Pipeline.php(167): App\\Http\\Middleware\\Maintainance->handle(Object(Illuminate\\Http\\Request), Object(Closure))
#16 C:\\xampp\\htdocs\\grupocorein\\core\\vendor\\laravel\\framework\\src\\Illuminate\\Routing\\Middleware\\SubstituteBindings.php(41): Illuminate\\Pipeline\\Pipeline->Illuminate\\Pipeline\\{closure}(Object(Illuminate\\Http\\Request))
#17 C:\\xampp\\htdocs\\grupocorein\\core\\vendor\\laravel\\framework\\src\\Illuminate\\Pipeline\\Pipeline.php(167): Illuminate\\Routing\\Middleware\\SubstituteBindings->handle(Object(Illuminate\\Http\\Request), Object(Closure))
#18 C:\\xampp\\htdocs\\grupocorein\\core\\vendor\\laravel\\framework\\src\\Illuminate\\Foundation\\Http\\Middleware\\VerifyCsrfToken.php(78): Illuminate\\Pipeline\\Pipeline->Illuminate\\Pipeline\\{closure}(Object(Illuminate\\Http\\Request))
#19 C:\\xampp\\htdocs\\grupocorein\\core\\vendor\\laravel\\framework\\src\\Illuminate\\Pipeline\\Pipeline.php(167): Illuminate\\Foundation\\Http\\Middleware\\VerifyCsrfToken->handle(Object(Illuminate\\Http\\Request), Object(Closure))
#20 C:\\xampp\\htdocs\\grupocorein\\core\\vendor\\laravel\\framework\\src\\Illuminate\\View\\Middleware\\ShareErrorsFromSession.php(49): Illuminate\\Pipeline\\Pipeline->Illuminate\\Pipeline\\{closure}(Object(Illuminate\\Http\\Request))
#21 C:\\xampp\\htdocs\\grupocorein\\core\\vendor\\laravel\\framework\\src\\Illuminate\\Pipeline\\Pipeline.php(167): Illuminate\\View\\Middleware\\ShareErrorsFromSession->handle(Object(Illuminate\\Http\\Request), Object(Closure))
#22 C:\\xampp\\htdocs\\grupocorein\\core\\vendor\\laravel\\framework\\src\\Illuminate\\Session\\Middleware\\StartSession.php(116): Illuminate\\Pipeline\\Pipeline->Illuminate\\Pipeline\\{closure}(Object(Illuminate\\Http\\Request))
#23 C:\\xampp\\htdocs\\grupocorein\\core\\vendor\\laravel\\framework\\src\\Illuminate\\Session\\Middleware\\StartSession.php(62): Illuminate\\Session\\Middleware\\StartSession->handleStatefulRequest(Object(Illuminate\\Http\\Request), Object(Illuminate\\Session\\Store), Object(Closure))
#24 C:\\xampp\\htdocs\\grupocorein\\core\\vendor\\laravel\\framework\\src\\Illuminate\\Pipeline\\Pipeline.php(167): Illuminate\\Session\\Middleware\\StartSession->handle(Object(Illuminate\\Http\\Request), Object(Closure))
#25 C:\\xampp\\htdocs\\grupocorein\\core\\vendor\\laravel\\framework\\src\\Illuminate\\Cookie\\Middleware\\AddQueuedCookiesToResponse.php(37): Illuminate\\Pipeline\\Pipeline->Illuminate\\Pipeline\\{closure}(Object(Illuminate\\Http\\Request))
#26 C:\\xampp\\htdocs\\grupocorein\\core\\vendor\\laravel\\framework\\src\\Illuminate\\Pipeline\\Pipeline.php(167): Illuminate\\Cookie\\Middleware\\AddQueuedCookiesToResponse->handle(Object(Illuminate\\Http\\Request), Object(Closure))
#27 C:\\xampp\\htdocs\\grupocorein\\core\\vendor\\laravel\\framework\\src\\Illuminate\\Cookie\\Middleware\\EncryptCookies.php(67): Illuminate\\Pipeline\\Pipeline->Illuminate\\Pipeline\\{closure}(Object(Illuminate\\Http\\Request))
#28 C:\\xampp\\htdocs\\grupocorein\\core\\vendor\\laravel\\framework\\src\\Illuminate\\Pipeline\\Pipeline.php(167): Illuminate\\Cookie\\Middleware\\EncryptCookies->handle(Object(Illuminate\\Http\\Request), Object(Closure))
#29 C:\\xampp\\htdocs\\grupocorein\\core\\vendor\\laravel\\framework\\src\\Illuminate\\Pipeline\\Pipeline.php(103): Illuminate\\Pipeline\\Pipeline->Illuminate\\Pipeline\\{closure}(Object(Illuminate\\Http\\Request))
#30 C:\\xampp\\htdocs\\grupocorein\\core\\vendor\\laravel\\framework\\src\\Illuminate\\Routing\\Router.php(687): Illuminate\\Pipeline\\Pipeline->then(Object(Closure))
#31 C:\\xampp\\htdocs\\grupocorein\\core\\vendor\\laravel\\framework\\src\\Illuminate\\Routing\\Router.php(662): Illuminate\\Routing\\Router->runRouteWithinStack(Object(Illuminate\\Routing\\Route), Object(Illuminate\\Http\\Request))
#32 C:\\xampp\\htdocs\\grupocorein\\core\\vendor\\laravel\\framework\\src\\Illuminate\\Routing\\Router.php(628): Illuminate\\Routing\\Router->runRoute(Object(Illuminate\\Http\\Request), Object(Illuminate\\Routing\\Route))
#33 C:\\xampp\\htdocs\\grupocorein\\core\\vendor\\laravel\\framework\\src\\Illuminate\\Routing\\Router.php(617): Illuminate\\Routing\\Router->dispatchToRoute(Object(Illuminate\\Http\\Request))
#34 C:\\xampp\\htdocs\\grupocorein\\core\\vendor\\laravel\\framework\\src\\Illuminate\\Foundation\\Http\\Kernel.php(165): Illuminate\\Routing\\Router->dispatch(Object(Illuminate\\Http\\Request))
#35 C:\\xampp\\htdocs\\grupocorein\\core\\vendor\\laravel\\framework\\src\\Illuminate\\Pipeline\\Pipeline.php(128): Illuminate\\Foundation\\Http\\Kernel->Illuminate\\Foundation\\Http\\{closure}(Object(Illuminate\\Http\\Request))
#36 C:\\xampp\\htdocs\\grupocorein\\core\\vendor\\barryvdh\\laravel-debugbar\\src\\Middleware\\InjectDebugbar.php(66): Illuminate\\Pipeline\\Pipeline->Illuminate\\Pipeline\\{closure}(Object(Illuminate\\Http\\Request))
#37 C:\\xampp\\htdocs\\grupocorein\\core\\vendor\\laravel\\framework\\src\\Illuminate\\Pipeline\\Pipeline.php(167): Barryvdh\\Debugbar\\Middleware\\InjectDebugbar->handle(Object(Illuminate\\Http\\Request), Object(Closure))
#38 C:\\xampp\\htdocs\\grupocorein\\core\\vendor\\fideloper\\proxy\\src\\TrustProxies.php(57): Illuminate\\Pipeline\\Pipeline->Illuminate\\Pipeline\\{closure}(Object(Illuminate\\Http\\Request))
#39 C:\\xampp\\htdocs\\grupocorein\\core\\vendor\\laravel\\framework\\src\\Illuminate\\Pipeline\\Pipeline.php(167): Fideloper\\Proxy\\TrustProxies->handle(Object(Illuminate\\Http\\Request), Object(Closure))
#40 C:\\xampp\\htdocs\\grupocorein\\core\\vendor\\laravel\\framework\\src\\Illuminate\\Foundation\\Http\\Middleware\\TransformsRequest.php(21): Illuminate\\Pipeline\\Pipeline->Illuminate\\Pipeline\\{closure}(Object(Illuminate\\Http\\Request))
#41 C:\\xampp\\htdocs\\grupocorein\\core\\vendor\\laravel\\framework\\src\\Illuminate\\Pipeline\\Pipeline.php(167): Illuminate\\Foundation\\Http\\Middleware\\TransformsRequest->handle(Object(Illuminate\\Http\\Request), Object(Closure))
#42 C:\\xampp\\htdocs\\grupocorein\\core\\vendor\\laravel\\framework\\src\\Illuminate\\Foundation\\Http\\Middleware\\TransformsRequest.php(21): Illuminate\\Pipeline\\Pipeline->Illuminate\\Pipeline\\{closure}(Object(Illuminate\\Http\\Request))
#43 C:\\xampp\\htdocs\\grupocorein\\core\\vendor\\laravel\\framework\\src\\Illuminate\\Pipeline\\Pipeline.php(167): Illuminate\\Foundation\\Http\\Middleware\\TransformsRequest->handle(Object(Illuminate\\Http\\Request), Object(Closure))
#44 C:\\xampp\\htdocs\\grupocorein\\core\\vendor\\laravel\\framework\\src\\Illuminate\\Foundation\\Http\\Middleware\\ValidatePostSize.php(27): Illuminate\\Pipeline\\Pipeline->Illuminate\\Pipeline\\{closure}(Object(Illuminate\\Http\\Request))
#45 C:\\xampp\\htdocs\\grupocorein\\core\\vendor\\laravel\\framework\\src\\Illuminate\\Pipeline\\Pipeline.php(167): Illuminate\\Foundation\\Http\\Middleware\\ValidatePostSize->handle(Object(Illuminate\\Http\\Request), Object(Closure))
#46 C:\\xampp\\htdocs\\grupocorein\\core\\vendor\\laravel\\framework\\src\\Illuminate\\Foundation\\Http\\Middleware\\CheckForMaintenanceMode.php(63): Illuminate\\Pipeline\\Pipeline->Illuminate\\Pipeline\\{closure}(Object(Illuminate\\Http\\Request))
#47 C:\\xampp\\htdocs\\grupocorein\\core\\vendor\\laravel\\framework\\src\\Illuminate\\Pipeline\\Pipeline.php(167): Illuminate\\Foundation\\Http\\Middleware\\CheckForMaintenanceMode->handle(Object(Illuminate\\Http\\Request), Object(Closure))
#48 C:\\xampp\\htdocs\\grupocorein\\core\\vendor\\laravel\\framework\\src\\Illuminate\\Pipeline\\Pipeline.php(103): Illuminate\\Pipeline\\Pipeline->Illuminate\\Pipeline\\{closure}(Object(Illuminate\\Http\\Request))
#49 C:\\xampp\\htdocs\\grupocorein\\core\\vendor\\laravel\\framework\\src\\Illuminate\\Foundation\\Http\\Kernel.php(140): Illuminate\\Pipeline\\Pipeline->then(Object(Closure))
#50 C:\\xampp\\htdocs\\grupocorein\\core\\vendor\\laravel\\framework\\src\\Illuminate\\Foundation\\Http\\Kernel.php(109): Illuminate\\Foundation\\Http\\Kernel->sendRequestThroughRouter(Object(Illuminate\\Http\\Request))
#51 C:\\xampp\\htdocs\\grupocorein\\index.php(55): Illuminate\\Foundation\\Http\\Kernel->handle(Object(Illuminate\\Http\\Request))
#52 {main}

[previous exception] [object] (Error(code: 0): Class 'TempCart' not found at C:\\xampp\\htdocs\\grupocorein\\core\\storage\\framework\\views\\ac4fabff9745b391b8ab8ad8047624bb92eadd71.php:24)
[stacktrace]
#0 C:\\xampp\\htdocs\\grupocorein\\core\\vendor\\laravel\\framework\\src\\Illuminate\\View\\Engines\\PhpEngine.php(41): include()
#1 C:\\xampp\\htdocs\\grupocorein\\core\\vendor\\laravel\\framework\\src\\Illuminate\\View\\Engines\\CompilerEngine.php(57): Illuminate\\View\\Engines\\PhpEngine->evaluatePath('C:\\\\xampp\\\\htdocs...', Array)
#2 C:\\xampp\\htdocs\\grupocorein\\core\\vendor\\facade\\ignition\\src\\Views\\Engines\\CompilerEngine.php(37): Illuminate\\View\\Engines\\CompilerEngine->get('C:\\\\xampp\\\\htdocs...', Array)
#3 C:\\xampp\\htdocs\\grupocorein\\core\\vendor\\laravel\\framework\\src\\Illuminate\\View\\View.php(139): Facade\\Ignition\\Views\\Engines\\CompilerEngine->get('C:\\\\xampp\\\\htdocs...', Array)
#4 C:\\xampp\\htdocs\\grupocorein\\core\\vendor\\laravel\\framework\\src\\Illuminate\\View\\View.php(122): Illuminate\\View\\View->getContents()
#5 C:\\xampp\\htdocs\\grupocorein\\core\\vendor\\laravel\\framework\\src\\Illuminate\\View\\View.php(91): Illuminate\\View\\View->renderContents()
#6 C:\\xampp\\htdocs\\grupocorein\\core\\vendor\\laravel\\framework\\src\\Illuminate\\Http\\Response.php(62): Illuminate\\View\\View->render()
#7 C:\\xampp\\htdocs\\grupocorein\\core\\vendor\\laravel\\framework\\src\\Illuminate\\Http\\Response.php(34): Illuminate\\Http\\Response->setContent(Object(Illuminate\\View\\View))
#8 C:\\xampp\\htdocs\\grupocorein\\core\\vendor\\laravel\\framework\\src\\Illuminate\\Routing\\Router.php(759): Illuminate\\Http\\Response->__construct(Object(Illuminate\\View\\View), 200, Array)
#9 C:\\xampp\\htdocs\\grupocorein\\core\\vendor\\laravel\\framework\\src\\Illuminate\\Routing\\Router.php(731): Illuminate\\Routing\\Router::toResponse(Object(Illuminate\\Http\\Request), Object(Illuminate\\View\\View))
#10 C:\\xampp\\htdocs\\grupocorein\\core\\vendor\\laravel\\framework\\src\\Illuminate\\Routing\\Router.php(685): Illuminate\\Routing\\Router->prepareResponse(Object(Illuminate\\Http\\Request), Object(Illuminate\\View\\View))
#11 C:\\xampp\\htdocs\\grupocorein\\core\\vendor\\laravel\\framework\\src\\Illuminate\\Pipeline\\Pipeline.php(128): Illuminate\\Routing\\Router->Illuminate\\Routing\\{closure}(Object(Illuminate\\Http\\Request))
#12 C:\\xampp\\htdocs\\grupocorein\\core\\app\\Http\\Middleware\\Localization.php(30): Illuminate\\Pipeline\\Pipeline->Illuminate\\Pipeline\\{closure}(Object(Illuminate\\Http\\Request))
#13 C:\\xampp\\htdocs\\grupocorein\\core\\vendor\\laravel\\framework\\src\\Illuminate\\Pipeline\\Pipeline.php(167): App\\Http\\Middleware\\Localization->handle(Object(Illuminate\\Http\\Request), Object(Closure))
#14 C:\\xampp\\htdocs\\grupocorein\\core\\app\\Http\\Middleware\\Maintainance.php(13): Illuminate\\Pipeline\\Pipeline->Illuminate\\Pipeline\\{closure}(Object(Illuminate\\Http\\Request))
#15 C:\\xampp\\htdocs\\grupocorein\\core\\vendor\\laravel\\framework\\src\\Illuminate\\Pipeline\\Pipeline.php(167): App\\Http\\Middleware\\Maintainance->handle(Object(Illuminate\\Http\\Request), Object(Closure))
#16 C:\\xampp\\htdocs\\grupocorein\\core\\vendor\\laravel\\framework\\src\\Illuminate\\Routing\\Middleware\\SubstituteBindings.php(41): Illuminate\\Pipeline\\Pipeline->Illuminate\\Pipeline\\{closure}(Object(Illuminate\\Http\\Request))
#17 C:\\xampp\\htdocs\\grupocorein\\core\\vendor\\laravel\\framework\\src\\Illuminate\\Pipeline\\Pipeline.php(167): Illuminate\\Routing\\Middleware\\SubstituteBindings->handle(Object(Illuminate\\Http\\Request), Object(Closure))
#18 C:\\xampp\\htdocs\\grupocorein\\core\\vendor\\laravel\\framework\\src\\Illuminate\\Foundation\\Http\\Middleware\\VerifyCsrfToken.php(78): Illuminate\\Pipeline\\Pipeline->Illuminate\\Pipeline\\{closure}(Object(Illuminate\\Http\\Request))
#19 C:\\xampp\\htdocs\\grupocorein\\core\\vendor\\laravel\\framework\\src\\Illuminate\\Pipeline\\Pipeline.php(167): Illuminate\\Foundation\\Http\\Middleware\\VerifyCsrfToken->handle(Object(Illuminate\\Http\\Request), Object(Closure))
#20 C:\\xampp\\htdocs\\grupocorein\\core\\vendor\\laravel\\framework\\src\\Illuminate\\View\\Middleware\\ShareErrorsFromSession.php(49): Illuminate\\Pipeline\\Pipeline->Illuminate\\Pipeline\\{closure}(Object(Illuminate\\Http\\Request))
#21 C:\\xampp\\htdocs\\grupocorein\\core\\vendor\\laravel\\framework\\src\\Illuminate\\Pipeline\\Pipeline.php(167): Illuminate\\View\\Middleware\\ShareErrorsFromSession->handle(Object(Illuminate\\Http\\Request), Object(Closure))
#22 C:\\xampp\\htdocs\\grupocorein\\core\\vendor\\laravel\\framework\\src\\Illuminate\\Session\\Middleware\\StartSession.php(116): Illuminate\\Pipeline\\Pipeline->Illuminate\\Pipeline\\{closure}(Object(Illuminate\\Http\\Request))
#23 C:\\xampp\\htdocs\\grupocorein\\core\\vendor\\laravel\\framework\\src\\Illuminate\\Session\\Middleware\\StartSession.php(62): Illuminate\\Session\\Middleware\\StartSession->handleStatefulRequest(Object(Illuminate\\Http\\Request), Object(Illuminate\\Session\\Store), Object(Closure))
#24 C:\\xampp\\htdocs\\grupocorein\\core\\vendor\\laravel\\framework\\src\\Illuminate\\Pipeline\\Pipeline.php(167): Illuminate\\Session\\Middleware\\StartSession->handle(Object(Illuminate\\Http\\Request), Object(Closure))
#25 C:\\xampp\\htdocs\\grupocorein\\core\\vendor\\laravel\\framework\\src\\Illuminate\\Cookie\\Middleware\\AddQueuedCookiesToResponse.php(37): Illuminate\\Pipeline\\Pipeline->Illuminate\\Pipeline\\{closure}(Object(Illuminate\\Http\\Request))
#26 C:\\xampp\\htdocs\\grupocorein\\core\\vendor\\laravel\\framework\\src\\Illuminate\\Pipeline\\Pipeline.php(167): Illuminate\\Cookie\\Middleware\\AddQueuedCookiesToResponse->handle(Object(Illuminate\\Http\\Request), Object(Closure))
#27 C:\\xampp\\htdocs\\grupocorein\\core\\vendor\\laravel\\framework\\src\\Illuminate\\Cookie\\Middleware\\EncryptCookies.php(67): Illuminate\\Pipeline\\Pipeline->Illuminate\\Pipeline\\{closure}(Object(Illuminate\\Http\\Request))
#28 C:\\xampp\\htdocs\\grupocorein\\core\\vendor\\laravel\\framework\\src\\Illuminate\\Pipeline\\Pipeline.php(167): Illuminate\\Cookie\\Middleware\\EncryptCookies->handle(Object(Illuminate\\Http\\Request), Object(Closure))
#29 C:\\xampp\\htdocs\\grupocorein\\core\\vendor\\laravel\\framework\\src\\Illuminate\\Pipeline\\Pipeline.php(103): Illuminate\\Pipeline\\Pipeline->Illuminate\\Pipeline\\{closure}(Object(Illuminate\\Http\\Request))
#30 C:\\xampp\\htdocs\\grupocorein\\core\\vendor\\laravel\\framework\\src\\Illuminate\\Routing\\Router.php(687): Illuminate\\Pipeline\\Pipeline->then(Object(Closure))
#31 C:\\xampp\\htdocs\\grupocorein\\core\\vendor\\laravel\\framework\\src\\Illuminate\\Routing\\Router.php(662): Illuminate\\Routing\\Router->runRouteWithinStack(Object(Illuminate\\Routing\\Route), Object(Illuminate\\Http\\Request))
#32 C:\\xampp\\htdocs\\grupocorein\\core\\vendor\\laravel\\framework\\src\\Illuminate\\Routing\\Router.php(628): Illuminate\\Routing\\Router->runRoute(Object(Illuminate\\Http\\Request), Object(Illuminate\\Routing\\Route))
#33 C:\\xampp\\htdocs\\grupocorein\\core\\vendor\\laravel\\framework\\src\\Illuminate\\Routing\\Router.php(617): Illuminate\\Routing\\Router->dispatchToRoute(Object(Illuminate\\Http\\Request))
#34 C:\\xampp\\htdocs\\grupocorein\\core\\vendor\\laravel\\framework\\src\\Illuminate\\Foundation\\Http\\Kernel.php(165): Illuminate\\Routing\\Router->dispatch(Object(Illuminate\\Http\\Request))
#35 C:\\xampp\\htdocs\\grupocorein\\core\\vendor\\laravel\\framework\\src\\Illuminate\\Pipeline\\Pipeline.php(128): Illuminate\\Foundation\\Http\\Kernel->Illuminate\\Foundation\\Http\\{closure}(Object(Illuminate\\Http\\Request))
#36 C:\\xampp\\htdocs\\grupocorein\\core\\vendor\\barryvdh\\laravel-debugbar\\src\\Middleware\\InjectDebugbar.php(66): Illuminate\\Pipeline\\Pipeline->Illuminate\\Pipeline\\{closure}(Object(Illuminate\\Http\\Request))
#37 C:\\xampp\\htdocs\\grupocorein\\core\\vendor\\laravel\\framework\\src\\Illuminate\\Pipeline\\Pipeline.php(167): Barryvdh\\Debugbar\\Middleware\\InjectDebugbar->handle(Object(Illuminate\\Http\\Request), Object(Closure))
#38 C:\\xampp\\htdocs\\grupocorein\\core\\vendor\\fideloper\\proxy\\src\\TrustProxies.php(57): Illuminate\\Pipeline\\Pipeline->Illuminate\\Pipeline\\{closure}(Object(Illuminate\\Http\\Request))
#39 C:\\xampp\\htdocs\\grupocorein\\core\\vendor\\laravel\\framework\\src\\Illuminate\\Pipeline\\Pipeline.php(167): Fideloper\\Proxy\\TrustProxies->handle(Object(Illuminate\\Http\\Request), Object(Closure))
#40 C:\\xampp\\htdocs\\grupocorein\\core\\vendor\\laravel\\framework\\src\\Illuminate\\Foundation\\Http\\Middleware\\TransformsRequest.php(21): Illuminate\\Pipeline\\Pipeline->Illuminate\\Pipeline\\{closure}(Object(Illuminate\\Http\\Request))
#41 C:\\xampp\\htdocs\\grupocorein\\core\\vendor\\laravel\\framework\\src\\Illuminate\\Pipeline\\Pipeline.php(167): Illuminate\\Foundation\\Http\\Middleware\\TransformsRequest->handle(Object(Illuminate\\Http\\Request), Object(Closure))
#42 C:\\xampp\\htdocs\\grupocorein\\core\\vendor\\laravel\\framework\\src\\Illuminate\\Foundation\\Http\\Middleware\\TransformsRequest.php(21): Illuminate\\Pipeline\\Pipeline->Illuminate\\Pipeline\\{closure}(Object(Illuminate\\Http\\Request))
#43 C:\\xampp\\htdocs\\grupocorein\\core\\vendor\\laravel\\framework\\src\\Illuminate\\Pipeline\\Pipeline.php(167): Illuminate\\Foundation\\Http\\Middleware\\TransformsRequest->handle(Object(Illuminate\\Http\\Request), Object(Closure))
#44 C:\\xampp\\htdocs\\grupocorein\\core\\vendor\\laravel\\framework\\src\\Illuminate\\Foundation\\Http\\Middleware\\ValidatePostSize.php(27): Illuminate\\Pipeline\\Pipeline->Illuminate\\Pipeline\\{closure}(Object(Illuminate\\Http\\Request))
#45 C:\\xampp\\htdocs\\grupocorein\\core\\vendor\\laravel\\framework\\src\\Illuminate\\Pipeline\\Pipeline.php(167): Illuminate\\Foundation\\Http\\Middleware\\ValidatePostSize->handle(Object(Illuminate\\Http\\Request), Object(Closure))
#46 C:\\xampp\\htdocs\\grupocorein\\core\\vendor\\laravel\\framework\\src\\Illuminate\\Foundation\\Http\\Middleware\\CheckForMaintenanceMode.php(63): Illuminate\\Pipeline\\Pipeline->Illuminate\\Pipeline\\{closure}(Object(Illuminate\\Http\\Request))
#47 C:\\xampp\\htdocs\\grupocorein\\core\\vendor\\laravel\\framework\\src\\Illuminate\\Pipeline\\Pipeline.php(167): Illuminate\\Foundation\\Http\\Middleware\\CheckForMaintenanceMode->handle(Object(Illuminate\\Http\\Request), Object(Closure))
#48 C:\\xampp\\htdocs\\grupocorein\\core\\vendor\\laravel\\framework\\src\\Illuminate\\Pipeline\\Pipeline.php(103): Illuminate\\Pipeline\\Pipeline->Illuminate\\Pipeline\\{closure}(Object(Illuminate\\Http\\Request))
#49 C:\\xampp\\htdocs\\grupocorein\\core\\vendor\\laravel\\framework\\src\\Illuminate\\Foundation\\Http\\Kernel.php(140): Illuminate\\Pipeline\\Pipeline->then(Object(Closure))
#50 C:\\xampp\\htdocs\\grupocorein\\core\\vendor\\laravel\\framework\\src\\Illuminate\\Foundation\\Http\\Kernel.php(109): Illuminate\\Foundation\\Http\\Kernel->sendRequestThroughRouter(Object(Illuminate\\Http\\Request))
#51 C:\\xampp\\htdocs\\grupocorein\\index.php(55): Illuminate\\Foundation\\Http\\Kernel->handle(Object(Illuminate\\Http\\Request))
#52 {main}
"} 
[2024-04-28 16:50:25] local.ERROR: Undefined variable: idUser (View: C:\xampp\htdocs\grupocorein\core\resources\views\front\catalog\cart.blade.php) {"userId":1,"exception":"[object] (Facade\\Ignition\\Exceptions\\ViewException(code: 0): Undefined variable: idUser (View: C:\\xampp\\htdocs\\grupocorein\\core\\resources\\views\\front\\catalog\\cart.blade.php) at C:\\xampp\\htdocs\\grupocorein\\core\\resources\\views/front/catalog/cart.blade.php:24)
[stacktrace]
#0 C:\\xampp\\htdocs\\grupocorein\\core\\resources\\views/front/catalog/cart.blade.php(24): Illuminate\\Foundation\\Bootstrap\\HandleExceptions->handleError(8, 'Undefined varia...', 'C:\\\\xampp\\\\htdocs...', 24, Array)
#1 C:\\xampp\\htdocs\\grupocorein\\core\\vendor\\laravel\\framework\\src\\Illuminate\\View\\Engines\\PhpEngine.php(41): include('C:\\\\xampp\\\\htdocs...')
#2 C:\\xampp\\htdocs\\grupocorein\\core\\vendor\\laravel\\framework\\src\\Illuminate\\View\\Engines\\CompilerEngine.php(57): Illuminate\\View\\Engines\\PhpEngine->evaluatePath('C:\\\\xampp\\\\htdocs...', Array)
#3 C:\\xampp\\htdocs\\grupocorein\\core\\vendor\\facade\\ignition\\src\\Views\\Engines\\CompilerEngine.php(37): Illuminate\\View\\Engines\\CompilerEngine->get('C:\\\\xampp\\\\htdocs...', Array)
#4 C:\\xampp\\htdocs\\grupocorein\\core\\vendor\\laravel\\framework\\src\\Illuminate\\View\\View.php(139): Facade\\Ignition\\Views\\Engines\\CompilerEngine->get('C:\\\\xampp\\\\htdocs...', Array)
#5 C:\\xampp\\htdocs\\grupocorein\\core\\vendor\\laravel\\framework\\src\\Illuminate\\View\\View.php(122): Illuminate\\View\\View->getContents()
#6 C:\\xampp\\htdocs\\grupocorein\\core\\vendor\\laravel\\framework\\src\\Illuminate\\View\\View.php(91): Illuminate\\View\\View->renderContents()
#7 C:\\xampp\\htdocs\\grupocorein\\core\\vendor\\laravel\\framework\\src\\Illuminate\\Http\\Response.php(62): Illuminate\\View\\View->render()
#8 C:\\xampp\\htdocs\\grupocorein\\core\\vendor\\laravel\\framework\\src\\Illuminate\\Http\\Response.php(34): Illuminate\\Http\\Response->setContent(Object(Illuminate\\View\\View))
#9 C:\\xampp\\htdocs\\grupocorein\\core\\vendor\\laravel\\framework\\src\\Illuminate\\Routing\\Router.php(759): Illuminate\\Http\\Response->__construct(Object(Illuminate\\View\\View), 200, Array)
#10 C:\\xampp\\htdocs\\grupocorein\\core\\vendor\\laravel\\framework\\src\\Illuminate\\Routing\\Router.php(731): Illuminate\\Routing\\Router::toResponse(Object(Illuminate\\Http\\Request), Object(Illuminate\\View\\View))
#11 C:\\xampp\\htdocs\\grupocorein\\core\\vendor\\laravel\\framework\\src\\Illuminate\\Routing\\Router.php(685): Illuminate\\Routing\\Router->prepareResponse(Object(Illuminate\\Http\\Request), Object(Illuminate\\View\\View))
#12 C:\\xampp\\htdocs\\grupocorein\\core\\vendor\\laravel\\framework\\src\\Illuminate\\Pipeline\\Pipeline.php(128): Illuminate\\Routing\\Router->Illuminate\\Routing\\{closure}(Object(Illuminate\\Http\\Request))
#13 C:\\xampp\\htdocs\\grupocorein\\core\\app\\Http\\Middleware\\Localization.php(30): Illuminate\\Pipeline\\Pipeline->Illuminate\\Pipeline\\{closure}(Object(Illuminate\\Http\\Request))
#14 C:\\xampp\\htdocs\\grupocorein\\core\\vendor\\laravel\\framework\\src\\Illuminate\\Pipeline\\Pipeline.php(167): App\\Http\\Middleware\\Localization->handle(Object(Illuminate\\Http\\Request), Object(Closure))
#15 C:\\xampp\\htdocs\\grupocorein\\core\\app\\Http\\Middleware\\Maintainance.php(13): Illuminate\\Pipeline\\Pipeline->Illuminate\\Pipeline\\{closure}(Object(Illuminate\\Http\\Request))
#16 C:\\xampp\\htdocs\\grupocorein\\core\\vendor\\laravel\\framework\\src\\Illuminate\\Pipeline\\Pipeline.php(167): App\\Http\\Middleware\\Maintainance->handle(Object(Illuminate\\Http\\Request), Object(Closure))
#17 C:\\xampp\\htdocs\\grupocorein\\core\\vendor\\laravel\\framework\\src\\Illuminate\\Routing\\Middleware\\SubstituteBindings.php(41): Illuminate\\Pipeline\\Pipeline->Illuminate\\Pipeline\\{closure}(Object(Illuminate\\Http\\Request))
#18 C:\\xampp\\htdocs\\grupocorein\\core\\vendor\\laravel\\framework\\src\\Illuminate\\Pipeline\\Pipeline.php(167): Illuminate\\Routing\\Middleware\\SubstituteBindings->handle(Object(Illuminate\\Http\\Request), Object(Closure))
#19 C:\\xampp\\htdocs\\grupocorein\\core\\vendor\\laravel\\framework\\src\\Illuminate\\Foundation\\Http\\Middleware\\VerifyCsrfToken.php(78): Illuminate\\Pipeline\\Pipeline->Illuminate\\Pipeline\\{closure}(Object(Illuminate\\Http\\Request))
#20 C:\\xampp\\htdocs\\grupocorein\\core\\vendor\\laravel\\framework\\src\\Illuminate\\Pipeline\\Pipeline.php(167): Illuminate\\Foundation\\Http\\Middleware\\VerifyCsrfToken->handle(Object(Illuminate\\Http\\Request), Object(Closure))
#21 C:\\xampp\\htdocs\\grupocorein\\core\\vendor\\laravel\\framework\\src\\Illuminate\\View\\Middleware\\ShareErrorsFromSession.php(49): Illuminate\\Pipeline\\Pipeline->Illuminate\\Pipeline\\{closure}(Object(Illuminate\\Http\\Request))
#22 C:\\xampp\\htdocs\\grupocorein\\core\\vendor\\laravel\\framework\\src\\Illuminate\\Pipeline\\Pipeline.php(167): Illuminate\\View\\Middleware\\ShareErrorsFromSession->handle(Object(Illuminate\\Http\\Request), Object(Closure))
#23 C:\\xampp\\htdocs\\grupocorein\\core\\vendor\\laravel\\framework\\src\\Illuminate\\Session\\Middleware\\StartSession.php(116): Illuminate\\Pipeline\\Pipeline->Illuminate\\Pipeline\\{closure}(Object(Illuminate\\Http\\Request))
#24 C:\\xampp\\htdocs\\grupocorein\\core\\vendor\\laravel\\framework\\src\\Illuminate\\Session\\Middleware\\StartSession.php(62): Illuminate\\Session\\Middleware\\StartSession->handleStatefulRequest(Object(Illuminate\\Http\\Request), Object(Illuminate\\Session\\Store), Object(Closure))
#25 C:\\xampp\\htdocs\\grupocorein\\core\\vendor\\laravel\\framework\\src\\Illuminate\\Pipeline\\Pipeline.php(167): Illuminate\\Session\\Middleware\\StartSession->handle(Object(Illuminate\\Http\\Request), Object(Closure))
#26 C:\\xampp\\htdocs\\grupocorein\\core\\vendor\\laravel\\framework\\src\\Illuminate\\Cookie\\Middleware\\AddQueuedCookiesToResponse.php(37): Illuminate\\Pipeline\\Pipeline->Illuminate\\Pipeline\\{closure}(Object(Illuminate\\Http\\Request))
#27 C:\\xampp\\htdocs\\grupocorein\\core\\vendor\\laravel\\framework\\src\\Illuminate\\Pipeline\\Pipeline.php(167): Illuminate\\Cookie\\Middleware\\AddQueuedCookiesToResponse->handle(Object(Illuminate\\Http\\Request), Object(Closure))
#28 C:\\xampp\\htdocs\\grupocorein\\core\\vendor\\laravel\\framework\\src\\Illuminate\\Cookie\\Middleware\\EncryptCookies.php(67): Illuminate\\Pipeline\\Pipeline->Illuminate\\Pipeline\\{closure}(Object(Illuminate\\Http\\Request))
#29 C:\\xampp\\htdocs\\grupocorein\\core\\vendor\\laravel\\framework\\src\\Illuminate\\Pipeline\\Pipeline.php(167): Illuminate\\Cookie\\Middleware\\EncryptCookies->handle(Object(Illuminate\\Http\\Request), Object(Closure))
#30 C:\\xampp\\htdocs\\grupocorein\\core\\vendor\\laravel\\framework\\src\\Illuminate\\Pipeline\\Pipeline.php(103): Illuminate\\Pipeline\\Pipeline->Illuminate\\Pipeline\\{closure}(Object(Illuminate\\Http\\Request))
#31 C:\\xampp\\htdocs\\grupocorein\\core\\vendor\\laravel\\framework\\src\\Illuminate\\Routing\\Router.php(687): Illuminate\\Pipeline\\Pipeline->then(Object(Closure))
#32 C:\\xampp\\htdocs\\grupocorein\\core\\vendor\\laravel\\framework\\src\\Illuminate\\Routing\\Router.php(662): Illuminate\\Routing\\Router->runRouteWithinStack(Object(Illuminate\\Routing\\Route), Object(Illuminate\\Http\\Request))
#33 C:\\xampp\\htdocs\\grupocorein\\core\\vendor\\laravel\\framework\\src\\Illuminate\\Routing\\Router.php(628): Illuminate\\Routing\\Router->runRoute(Object(Illuminate\\Http\\Request), Object(Illuminate\\Routing\\Route))
#34 C:\\xampp\\htdocs\\grupocorein\\core\\vendor\\laravel\\framework\\src\\Illuminate\\Routing\\Router.php(617): Illuminate\\Routing\\Router->dispatchToRoute(Object(Illuminate\\Http\\Request))
#35 C:\\xampp\\htdocs\\grupocorein\\core\\vendor\\laravel\\framework\\src\\Illuminate\\Foundation\\Http\\Kernel.php(165): Illuminate\\Routing\\Router->dispatch(Object(Illuminate\\Http\\Request))
#36 C:\\xampp\\htdocs\\grupocorein\\core\\vendor\\laravel\\framework\\src\\Illuminate\\Pipeline\\Pipeline.php(128): Illuminate\\Foundation\\Http\\Kernel->Illuminate\\Foundation\\Http\\{closure}(Object(Illuminate\\Http\\Request))
#37 C:\\xampp\\htdocs\\grupocorein\\core\\vendor\\barryvdh\\laravel-debugbar\\src\\Middleware\\InjectDebugbar.php(66): Illuminate\\Pipeline\\Pipeline->Illuminate\\Pipeline\\{closure}(Object(Illuminate\\Http\\Request))
#38 C:\\xampp\\htdocs\\grupocorein\\core\\vendor\\laravel\\framework\\src\\Illuminate\\Pipeline\\Pipeline.php(167): Barryvdh\\Debugbar\\Middleware\\InjectDebugbar->handle(Object(Illuminate\\Http\\Request), Object(Closure))
#39 C:\\xampp\\htdocs\\grupocorein\\core\\vendor\\fideloper\\proxy\\src\\TrustProxies.php(57): Illuminate\\Pipeline\\Pipeline->Illuminate\\Pipeline\\{closure}(Object(Illuminate\\Http\\Request))
#40 C:\\xampp\\htdocs\\grupocorein\\core\\vendor\\laravel\\framework\\src\\Illuminate\\Pipeline\\Pipeline.php(167): Fideloper\\Proxy\\TrustProxies->handle(Object(Illuminate\\Http\\Request), Object(Closure))
#41 C:\\xampp\\htdocs\\grupocorein\\core\\vendor\\laravel\\framework\\src\\Illuminate\\Foundation\\Http\\Middleware\\TransformsRequest.php(21): Illuminate\\Pipeline\\Pipeline->Illuminate\\Pipeline\\{closure}(Object(Illuminate\\Http\\Request))
#42 C:\\xampp\\htdocs\\grupocorein\\core\\vendor\\laravel\\framework\\src\\Illuminate\\Pipeline\\Pipeline.php(167): Illuminate\\Foundation\\Http\\Middleware\\TransformsRequest->handle(Object(Illuminate\\Http\\Request), Object(Closure))
#43 C:\\xampp\\htdocs\\grupocorein\\core\\vendor\\laravel\\framework\\src\\Illuminate\\Foundation\\Http\\Middleware\\TransformsRequest.php(21): Illuminate\\Pipeline\\Pipeline->Illuminate\\Pipeline\\{closure}(Object(Illuminate\\Http\\Request))
#44 C:\\xampp\\htdocs\\grupocorein\\core\\vendor\\laravel\\framework\\src\\Illuminate\\Pipeline\\Pipeline.php(167): Illuminate\\Foundation\\Http\\Middleware\\TransformsRequest->handle(Object(Illuminate\\Http\\Request), Object(Closure))
#45 C:\\xampp\\htdocs\\grupocorein\\core\\vendor\\laravel\\framework\\src\\Illuminate\\Foundation\\Http\\Middleware\\ValidatePostSize.php(27): Illuminate\\Pipeline\\Pipeline->Illuminate\\Pipeline\\{closure}(Object(Illuminate\\Http\\Request))
#46 C:\\xampp\\htdocs\\grupocorein\\core\\vendor\\laravel\\framework\\src\\Illuminate\\Pipeline\\Pipeline.php(167): Illuminate\\Foundation\\Http\\Middleware\\ValidatePostSize->handle(Object(Illuminate\\Http\\Request), Object(Closure))
#47 C:\\xampp\\htdocs\\grupocorein\\core\\vendor\\laravel\\framework\\src\\Illuminate\\Foundation\\Http\\Middleware\\CheckForMaintenanceMode.php(63): Illuminate\\Pipeline\\Pipeline->Illuminate\\Pipeline\\{closure}(Object(Illuminate\\Http\\Request))
#48 C:\\xampp\\htdocs\\grupocorein\\core\\vendor\\laravel\\framework\\src\\Illuminate\\Pipeline\\Pipeline.php(167): Illuminate\\Foundation\\Http\\Middleware\\CheckForMaintenanceMode->handle(Object(Illuminate\\Http\\Request), Object(Closure))
#49 C:\\xampp\\htdocs\\grupocorein\\core\\vendor\\laravel\\framework\\src\\Illuminate\\Pipeline\\Pipeline.php(103): Illuminate\\Pipeline\\Pipeline->Illuminate\\Pipeline\\{closure}(Object(Illuminate\\Http\\Request))
#50 C:\\xampp\\htdocs\\grupocorein\\core\\vendor\\laravel\\framework\\src\\Illuminate\\Foundation\\Http\\Kernel.php(140): Illuminate\\Pipeline\\Pipeline->then(Object(Closure))
#51 C:\\xampp\\htdocs\\grupocorein\\core\\vendor\\laravel\\framework\\src\\Illuminate\\Foundation\\Http\\Kernel.php(109): Illuminate\\Foundation\\Http\\Kernel->sendRequestThroughRouter(Object(Illuminate\\Http\\Request))
#52 C:\\xampp\\htdocs\\grupocorein\\index.php(55): Illuminate\\Foundation\\Http\\Kernel->handle(Object(Illuminate\\Http\\Request))
#53 {main}

[previous exception] [object] (ErrorException(code: 0): Undefined variable: idUser at C:\\xampp\\htdocs\\grupocorein\\core\\storage\\framework\\views\\ac4fabff9745b391b8ab8ad8047624bb92eadd71.php:24)
[stacktrace]
#0 C:\\xampp\\htdocs\\grupocorein\\core\\storage\\framework\\views\\ac4fabff9745b391b8ab8ad8047624bb92eadd71.php(24): Illuminate\\Foundation\\Bootstrap\\HandleExceptions->handleError(8, 'Undefined varia...', 'C:\\\\xampp\\\\htdocs...', 24, Array)
#1 C:\\xampp\\htdocs\\grupocorein\\core\\vendor\\laravel\\framework\\src\\Illuminate\\View\\Engines\\PhpEngine.php(41): include('C:\\\\xampp\\\\htdocs...')
#2 C:\\xampp\\htdocs\\grupocorein\\core\\vendor\\laravel\\framework\\src\\Illuminate\\View\\Engines\\CompilerEngine.php(57): Illuminate\\View\\Engines\\PhpEngine->evaluatePath('C:\\\\xampp\\\\htdocs...', Array)
#3 C:\\xampp\\htdocs\\grupocorein\\core\\vendor\\facade\\ignition\\src\\Views\\Engines\\CompilerEngine.php(37): Illuminate\\View\\Engines\\CompilerEngine->get('C:\\\\xampp\\\\htdocs...', Array)
#4 C:\\xampp\\htdocs\\grupocorein\\core\\vendor\\laravel\\framework\\src\\Illuminate\\View\\View.php(139): Facade\\Ignition\\Views\\Engines\\CompilerEngine->get('C:\\\\xampp\\\\htdocs...', Array)
#5 C:\\xampp\\htdocs\\grupocorein\\core\\vendor\\laravel\\framework\\src\\Illuminate\\View\\View.php(122): Illuminate\\View\\View->getContents()
#6 C:\\xampp\\htdocs\\grupocorein\\core\\vendor\\laravel\\framework\\src\\Illuminate\\View\\View.php(91): Illuminate\\View\\View->renderContents()
#7 C:\\xampp\\htdocs\\grupocorein\\core\\vendor\\laravel\\framework\\src\\Illuminate\\Http\\Response.php(62): Illuminate\\View\\View->render()
#8 C:\\xampp\\htdocs\\grupocorein\\core\\vendor\\laravel\\framework\\src\\Illuminate\\Http\\Response.php(34): Illuminate\\Http\\Response->setContent(Object(Illuminate\\View\\View))
#9 C:\\xampp\\htdocs\\grupocorein\\core\\vendor\\laravel\\framework\\src\\Illuminate\\Routing\\Router.php(759): Illuminate\\Http\\Response->__construct(Object(Illuminate\\View\\View), 200, Array)
#10 C:\\xampp\\htdocs\\grupocorein\\core\\vendor\\laravel\\framework\\src\\Illuminate\\Routing\\Router.php(731): Illuminate\\Routing\\Router::toResponse(Object(Illuminate\\Http\\Request), Object(Illuminate\\View\\View))
#11 C:\\xampp\\htdocs\\grupocorein\\core\\vendor\\laravel\\framework\\src\\Illuminate\\Routing\\Router.php(685): Illuminate\\Routing\\Router->prepareResponse(Object(Illuminate\\Http\\Request), Object(Illuminate\\View\\View))
#12 C:\\xampp\\htdocs\\grupocorein\\core\\vendor\\laravel\\framework\\src\\Illuminate\\Pipeline\\Pipeline.php(128): Illuminate\\Routing\\Router->Illuminate\\Routing\\{closure}(Object(Illuminate\\Http\\Request))
#13 C:\\xampp\\htdocs\\grupocorein\\core\\app\\Http\\Middleware\\Localization.php(30): Illuminate\\Pipeline\\Pipeline->Illuminate\\Pipeline\\{closure}(Object(Illuminate\\Http\\Request))
#14 C:\\xampp\\htdocs\\grupocorein\\core\\vendor\\laravel\\framework\\src\\Illuminate\\Pipeline\\Pipeline.php(167): App\\Http\\Middleware\\Localization->handle(Object(Illuminate\\Http\\Request), Object(Closure))
#15 C:\\xampp\\htdocs\\grupocorein\\core\\app\\Http\\Middleware\\Maintainance.php(13): Illuminate\\Pipeline\\Pipeline->Illuminate\\Pipeline\\{closure}(Object(Illuminate\\Http\\Request))
#16 C:\\xampp\\htdocs\\grupocorein\\core\\vendor\\laravel\\framework\\src\\Illuminate\\Pipeline\\Pipeline.php(167): App\\Http\\Middleware\\Maintainance->handle(Object(Illuminate\\Http\\Request), Object(Closure))
#17 C:\\xampp\\htdocs\\grupocorein\\core\\vendor\\laravel\\framework\\src\\Illuminate\\Routing\\Middleware\\SubstituteBindings.php(41): Illuminate\\Pipeline\\Pipeline->Illuminate\\Pipeline\\{closure}(Object(Illuminate\\Http\\Request))
#18 C:\\xampp\\htdocs\\grupocorein\\core\\vendor\\laravel\\framework\\src\\Illuminate\\Pipeline\\Pipeline.php(167): Illuminate\\Routing\\Middleware\\SubstituteBindings->handle(Object(Illuminate\\Http\\Request), Object(Closure))
#19 C:\\xampp\\htdocs\\grupocorein\\core\\vendor\\laravel\\framework\\src\\Illuminate\\Foundation\\Http\\Middleware\\VerifyCsrfToken.php(78): Illuminate\\Pipeline\\Pipeline->Illuminate\\Pipeline\\{closure}(Object(Illuminate\\Http\\Request))
#20 C:\\xampp\\htdocs\\grupocorein\\core\\vendor\\laravel\\framework\\src\\Illuminate\\Pipeline\\Pipeline.php(167): Illuminate\\Foundation\\Http\\Middleware\\VerifyCsrfToken->handle(Object(Illuminate\\Http\\Request), Object(Closure))
#21 C:\\xampp\\htdocs\\grupocorein\\core\\vendor\\laravel\\framework\\src\\Illuminate\\View\\Middleware\\ShareErrorsFromSession.php(49): Illuminate\\Pipeline\\Pipeline->Illuminate\\Pipeline\\{closure}(Object(Illuminate\\Http\\Request))
#22 C:\\xampp\\htdocs\\grupocorein\\core\\vendor\\laravel\\framework\\src\\Illuminate\\Pipeline\\Pipeline.php(167): Illuminate\\View\\Middleware\\ShareErrorsFromSession->handle(Object(Illuminate\\Http\\Request), Object(Closure))
#23 C:\\xampp\\htdocs\\grupocorein\\core\\vendor\\laravel\\framework\\src\\Illuminate\\Session\\Middleware\\StartSession.php(116): Illuminate\\Pipeline\\Pipeline->Illuminate\\Pipeline\\{closure}(Object(Illuminate\\Http\\Request))
#24 C:\\xampp\\htdocs\\grupocorein\\core\\vendor\\laravel\\framework\\src\\Illuminate\\Session\\Middleware\\StartSession.php(62): Illuminate\\Session\\Middleware\\StartSession->handleStatefulRequest(Object(Illuminate\\Http\\Request), Object(Illuminate\\Session\\Store), Object(Closure))
#25 C:\\xampp\\htdocs\\grupocorein\\core\\vendor\\laravel\\framework\\src\\Illuminate\\Pipeline\\Pipeline.php(167): Illuminate\\Session\\Middleware\\StartSession->handle(Object(Illuminate\\Http\\Request), Object(Closure))
#26 C:\\xampp\\htdocs\\grupocorein\\core\\vendor\\laravel\\framework\\src\\Illuminate\\Cookie\\Middleware\\AddQueuedCookiesToResponse.php(37): Illuminate\\Pipeline\\Pipeline->Illuminate\\Pipeline\\{closure}(Object(Illuminate\\Http\\Request))
#27 C:\\xampp\\htdocs\\grupocorein\\core\\vendor\\laravel\\framework\\src\\Illuminate\\Pipeline\\Pipeline.php(167): Illuminate\\Cookie\\Middleware\\AddQueuedCookiesToResponse->handle(Object(Illuminate\\Http\\Request), Object(Closure))
#28 C:\\xampp\\htdocs\\grupocorein\\core\\vendor\\laravel\\framework\\src\\Illuminate\\Cookie\\Middleware\\EncryptCookies.php(67): Illuminate\\Pipeline\\Pipeline->Illuminate\\Pipeline\\{closure}(Object(Illuminate\\Http\\Request))
#29 C:\\xampp\\htdocs\\grupocorein\\core\\vendor\\laravel\\framework\\src\\Illuminate\\Pipeline\\Pipeline.php(167): Illuminate\\Cookie\\Middleware\\EncryptCookies->handle(Object(Illuminate\\Http\\Request), Object(Closure))
#30 C:\\xampp\\htdocs\\grupocorein\\core\\vendor\\laravel\\framework\\src\\Illuminate\\Pipeline\\Pipeline.php(103): Illuminate\\Pipeline\\Pipeline->Illuminate\\Pipeline\\{closure}(Object(Illuminate\\Http\\Request))
#31 C:\\xampp\\htdocs\\grupocorein\\core\\vendor\\laravel\\framework\\src\\Illuminate\\Routing\\Router.php(687): Illuminate\\Pipeline\\Pipeline->then(Object(Closure))
#32 C:\\xampp\\htdocs\\grupocorein\\core\\vendor\\laravel\\framework\\src\\Illuminate\\Routing\\Router.php(662): Illuminate\\Routing\\Router->runRouteWithinStack(Object(Illuminate\\Routing\\Route), Object(Illuminate\\Http\\Request))
#33 C:\\xampp\\htdocs\\grupocorein\\core\\vendor\\laravel\\framework\\src\\Illuminate\\Routing\\Router.php(628): Illuminate\\Routing\\Router->runRoute(Object(Illuminate\\Http\\Request), Object(Illuminate\\Routing\\Route))
#34 C:\\xampp\\htdocs\\grupocorein\\core\\vendor\\laravel\\framework\\src\\Illuminate\\Routing\\Router.php(617): Illuminate\\Routing\\Router->dispatchToRoute(Object(Illuminate\\Http\\Request))
#35 C:\\xampp\\htdocs\\grupocorein\\core\\vendor\\laravel\\framework\\src\\Illuminate\\Foundation\\Http\\Kernel.php(165): Illuminate\\Routing\\Router->dispatch(Object(Illuminate\\Http\\Request))
#36 C:\\xampp\\htdocs\\grupocorein\\core\\vendor\\laravel\\framework\\src\\Illuminate\\Pipeline\\Pipeline.php(128): Illuminate\\Foundation\\Http\\Kernel->Illuminate\\Foundation\\Http\\{closure}(Object(Illuminate\\Http\\Request))
#37 C:\\xampp\\htdocs\\grupocorein\\core\\vendor\\barryvdh\\laravel-debugbar\\src\\Middleware\\InjectDebugbar.php(66): Illuminate\\Pipeline\\Pipeline->Illuminate\\Pipeline\\{closure}(Object(Illuminate\\Http\\Request))
#38 C:\\xampp\\htdocs\\grupocorein\\core\\vendor\\laravel\\framework\\src\\Illuminate\\Pipeline\\Pipeline.php(167): Barryvdh\\Debugbar\\Middleware\\InjectDebugbar->handle(Object(Illuminate\\Http\\Request), Object(Closure))
#39 C:\\xampp\\htdocs\\grupocorein\\core\\vendor\\fideloper\\proxy\\src\\TrustProxies.php(57): Illuminate\\Pipeline\\Pipeline->Illuminate\\Pipeline\\{closure}(Object(Illuminate\\Http\\Request))
#40 C:\\xampp\\htdocs\\grupocorein\\core\\vendor\\laravel\\framework\\src\\Illuminate\\Pipeline\\Pipeline.php(167): Fideloper\\Proxy\\TrustProxies->handle(Object(Illuminate\\Http\\Request), Object(Closure))
#41 C:\\xampp\\htdocs\\grupocorein\\core\\vendor\\laravel\\framework\\src\\Illuminate\\Foundation\\Http\\Middleware\\TransformsRequest.php(21): Illuminate\\Pipeline\\Pipeline->Illuminate\\Pipeline\\{closure}(Object(Illuminate\\Http\\Request))
#42 C:\\xampp\\htdocs\\grupocorein\\core\\vendor\\laravel\\framework\\src\\Illuminate\\Pipeline\\Pipeline.php(167): Illuminate\\Foundation\\Http\\Middleware\\TransformsRequest->handle(Object(Illuminate\\Http\\Request), Object(Closure))
#43 C:\\xampp\\htdocs\\grupocorein\\core\\vendor\\laravel\\framework\\src\\Illuminate\\Foundation\\Http\\Middleware\\TransformsRequest.php(21): Illuminate\\Pipeline\\Pipeline->Illuminate\\Pipeline\\{closure}(Object(Illuminate\\Http\\Request))
#44 C:\\xampp\\htdocs\\grupocorein\\core\\vendor\\laravel\\framework\\src\\Illuminate\\Pipeline\\Pipeline.php(167): Illuminate\\Foundation\\Http\\Middleware\\TransformsRequest->handle(Object(Illuminate\\Http\\Request), Object(Closure))
#45 C:\\xampp\\htdocs\\grupocorein\\core\\vendor\\laravel\\framework\\src\\Illuminate\\Foundation\\Http\\Middleware\\ValidatePostSize.php(27): Illuminate\\Pipeline\\Pipeline->Illuminate\\Pipeline\\{closure}(Object(Illuminate\\Http\\Request))
#46 C:\\xampp\\htdocs\\grupocorein\\core\\vendor\\laravel\\framework\\src\\Illuminate\\Pipeline\\Pipeline.php(167): Illuminate\\Foundation\\Http\\Middleware\\ValidatePostSize->handle(Object(Illuminate\\Http\\Request), Object(Closure))
#47 C:\\xampp\\htdocs\\grupocorein\\core\\vendor\\laravel\\framework\\src\\Illuminate\\Foundation\\Http\\Middleware\\CheckForMaintenanceMode.php(63): Illuminate\\Pipeline\\Pipeline->Illuminate\\Pipeline\\{closure}(Object(Illuminate\\Http\\Request))
#48 C:\\xampp\\htdocs\\grupocorein\\core\\vendor\\laravel\\framework\\src\\Illuminate\\Pipeline\\Pipeline.php(167): Illuminate\\Foundation\\Http\\Middleware\\CheckForMaintenanceMode->handle(Object(Illuminate\\Http\\Request), Object(Closure))
#49 C:\\xampp\\htdocs\\grupocorein\\core\\vendor\\laravel\\framework\\src\\Illuminate\\Pipeline\\Pipeline.php(103): Illuminate\\Pipeline\\Pipeline->Illuminate\\Pipeline\\{closure}(Object(Illuminate\\Http\\Request))
#50 C:\\xampp\\htdocs\\grupocorein\\core\\vendor\\laravel\\framework\\src\\Illuminate\\Foundation\\Http\\Kernel.php(140): Illuminate\\Pipeline\\Pipeline->then(Object(Closure))
#51 C:\\xampp\\htdocs\\grupocorein\\core\\vendor\\laravel\\framework\\src\\Illuminate\\Foundation\\Http\\Kernel.php(109): Illuminate\\Foundation\\Http\\Kernel->sendRequestThroughRouter(Object(Illuminate\\Http\\Request))
#52 C:\\xampp\\htdocs\\grupocorein\\index.php(55): Illuminate\\Foundation\\Http\\Kernel->handle(Object(Illuminate\\Http\\Request))
#53 {main}
"} 
